username,review,tahun,aplikasi,clean_text,sentiment_score,label
Lisna Wantin,sering elor,2025,bca,elor,0,netral
Hans Kurniawan,"lemot, dikit-dikit lost connection. harus tunggu hijau lagi, lama",2025,bca,lama dikitdikit lost connection tunggu hijau lama,-2,negatif
Abdurrachman Habib,gak bisa verifikasi muka ...,2025,bca,tidak bisa verifikasi muka,0,netral
Rus Tio123,ATM ga jls tiba² kena aja verifikasi ulang lah registrasi ulang lah apa lah sampe ngga bisa TF di suruh bikin surat permohonan padahal ngga ada di apa²in tiba² begitu cape banget pake ATM BCA ni ga jelas,2025,bca,atm tidak jls kena verifikasi ulang registrasi ulang tidak bisa transfer suruh surat mohon tidak apain cape banget pakai atm bca tidak,0,netral
shela zea (firman),apk ny skrng aneh ntah admin nya di pesan ga jawab² login pun. di persulit smpe2 sya pke hp 2 pun ga bisa masuk hdeh,2025,bca,aplikasi ny skrng aneh ntah pesan tidak login sulit smpe sya pakai handphone tidak bisa masuk hdeh,-1,negatif
Dika Prayitno,saya kira hp saya rusak. tp di lihat dari ulasan ya begitu.. update terbaru malah lemot dan setelahnya aplikasi tidak bisa di gunakan. cari solusi ga dapat2 eh disini solusinya.. update terbaru malah error dan tidak bisa di gunakan.. kecewa sih,2025,bca,handphone rusak lihat ulas update baru lama telah aplikasi tidak bisa cari solusi tidak eh solusi update baru error tidak bisa kecewa,-3,negatif
Ichsan Fadilah,tidak bisa di Download,2025,bca,tidak bisa download,0,netral
Rhedo Setiawan P,"woilah, scan qris pending berkali"". gagal. tapi saldo ga di balikin, agak lain bca ni balikin bah udah berhari"" ini lumayan banyak ilang_-",2025,bca,woilah scan qris pending kali gagal saldo tidak balikin bca balikin bah hari lumayan ilang,-1,negatif
Fadil Alfi,Kebanyakan update gak jelas,2025,bca,banyak update tidak,0,netral
Muhamad Rizki,di update jadi lemot dan eror,2025,bca,update lama error,-2,negatif
Robi,"Kenapa jadi susah ya sekarang, sinyal merah terus!!",2025,bca,susah sinyal merah,-1,negatif
Yogi Sinaga,"sinyal normal stabil, lampu gk kunjung hijau udh coba logout berkali kali, udh refresh mode pswt ttp aja,",2025,bca,sinyal normal stabil lampu tidak kunjung hijau coba logout kali refresh mode pswt,0,netral
Marissa Putri Ayu,"apk nya tolol bngt kalo mau d pake refresh mllu ,nunggu lampu ijo aj Kya ap'n tau bikin malu aj ,suka keluar apk sendri kalo lagi d gunain tolong jngan d perbarui mllu TPI layanannya lemot",2025,bca,aplikasi tolol banget pakai refresh mllu nunggu lampu ijo aj kya apn malu aj suka aplikasi sendri gunain tolong jngan baru mllu layan lama,0,netral
Al First,"gimna ini msih blum bisa pindah divice gara2 gk muncul verifikasi. udh kirim SMS setelah masukin no kartu ATM ny ttep aja gk bisa, masa harus ke bank langsung jir",2025,bca,gimna msih blum bisa pindah divice gara tidak muncul verifikasi kirim pesan masukin no kartu atm ny ttep tidak bisa bank langsung jir,0,netral
Foxy DMO,MUTASI DI KASIH DETAIL JAM KAYAK BANK LAIN,2025,bca,mutasi kasih detail jam bank,0,netral
Yusuf Hamzah,maintenance ga ngotak 00-05. lah di jam segitu kan emang fungsi m-banking kalo kebutuhan urgent. kita di pedesaan di jam segitu mau keluar kemana..??,2025,bca,maintenance tidak ngotak jam segitu fungsi mbanking butuh urgent desa jam segitu mana,0,netral
Ts In,"setelah update malah jadi parahh parahhh,,lambat sekali ,indikator merah.nya kaga ijo"",,lama"" pindah ATM aja ke sebelah yg lancar""",2025,bca,update parahh parahhlambat indikator merah kaga ijolama pindah atm belah lancar,1,positif
Tri Sahputra,kenapa sekarang jadi lemot amat ya eett deh,2025,bca,lama eett,-1,negatif
Ardika Febriyanto,"BCA mobile bagus, tapi sayang penawaran asuransi jiwanya maksa costumer untuk buat asuransi jiwa, ditelpon berkali-kali bahkan ganti 2 kali si penelpon, dengan alasan pembaharuan data, dipotong 2 kali dalam sebulan 500rb dan barusan 300rb, ""kalo costumer nggak minta ngapain nawarin maksa pula"", mungkin bilangnya nggak seberapa, tapi bagi saya itu sudah cukup banyak diambil, ""ingat costumer nggak minta ya""",2025,bca,bca mobile bagus sayang tawar asuransi jiwa maksa costumer asuransi jiwa telpon berkalikali ganti si telpon alas baharu data potong bulan ribu barusan ribu costumer tidak nawarin maksa bilang tidak ambil costumer tidak,1,positif
Ahmet Cafer,ngebug melulu untuk yg versi terbaru. sangat mengecewakan....,2025,bca,ngebug melulu versi baru sangat kecewa,-1,negatif
Jeyna Felix,udah seminggu ini bca buat transaksi tidak bisa muncul warna hijau,2025,bca,minggu bca transaksi tidak bisa muncul warna hijau,0,netral
Jepri Panjaitan,setiap mau login selalu gak bisa koneksi terputus lah apa lah.,2025,bca,login tidak bisa koneksi putus,-1,negatif
Ves Cool,sulit di menegerti,2025,bca,sulit menegerti,-1,negatif
Open Fajar,"Saya ada saran. Untuk sistem CARDLESS, Limit TARIK TUNAI harap di upgrade Nominal nya. Minimal 2.500.00 1x Tarik, agar lebih mudah dan tidak lama pd saat di ATM Selain itu udah Mantap sih Kapan update Tarik Tunai CARDLESS ke 2.500.000 Ribet kalo mau narik harus 1.250.000 Ngantri nya lama, nge lama² in org hrus berkali² narik",2025,bca,saran sistem cardless limit tarik tunai harap upgrade nominal minimal tarik mudah tidak lama pd atm mantap update tarik tunai cardless ribet narik ngantri lama nge lama in orang hrus kali narik,-2,negatif
Rohmat Gunawan,udah coba pindah ke mybca ternyata sama saja ketika ada masalah sim card di ganti atau ganti hp verifikasi di bca mobile gagal terus di mybca otp gak ke kirim2 padahal pulsa sudah di isi sinyal sudah di gonta ganti ke wifi ke sim sama aja kacau nih aplikasi sampai sekarang komplain di wa tidak memberikan solusi tetep aja sama jawaban nya cek jaringannya cek sinyal nya 🤦,2025,bca,coba pindah mybca sim card ganti ganti handphone verifikasi bca mobile gagal mybca one time password tidak kirim pulsa isi sinyal gonta ganti wifi sim kacau aplikasi komplain wa tidak solusi tetep cek jaring cek sinyal,-1,negatif
Panti Arso,"Setelah di update ko jd di suruh regitrasi ulang ke kantor BCA,maksudnya gmn nih,makin ksni ko makin susah di gunakan",2025,bca,update suruh regitrasi ulang kantor bcamaksudnya gmn nihmakin ksni susah,-1,negatif
Sofa Adawiyah,"haduuuh, udah segala masukin identitas eh pas VC malah ga selesai. ujung ujungnya di suruh ke kantor cabang. kalau kaya gitu ngapain ada apk. aneh. kecewa",2025,bca,haduuh masukin identitas eh cocok voice call tidak selesai ujung ujung suruh kantor cabang kaya gitu aplikasi aneh kecewa,-1,negatif
Gotit Tea,bca K*n**l,2025,bca,bca knl,0,netral
Sapto Suwarno,Bnyak update semakin lemot harus sama2 di perbaiki...,2025,bca,bnyak update lama baik,0,netral
deni wija,Saya daftar mbanking BCA proses video call ya lama banget 🥹🥹,2025,bca,daftar mbanking bca proses video call lama banget,-1,negatif
wildhan firdaus,tolong dong tim IT atau tim software nya benar benar cari orang yang kompeten.. aplikasi sudah di update tapi banyak yang error kita nasabah mau transaksi jadi ga tenang,2025,bca,tolong tim it tim software cari orang kompeten aplikasi update error nasabah transaksi tidak tenang,-1,negatif
abang bontot,"smenjak buka tabungan dari 2014 ,baru kali ini kena potongan 40 ribu,bahkan di mutasi rekening,setelah ditanya,alasannya dana endapan dan dari sistem,hadeh",2025,bca,smenjak buka tabung kena potong ribubahkan mutasi rekeningsetelah ditanyaalasannya dana endap sistemhadeh,0,netral
Ade Anjar,transaksi gagal tidak masuk tapi saldo hilang dan uang gak kembali.. setiap tlp suruh nunggu udah hampir tiga Minggu uang gak kembali gimana ini ko banyak tikus di BCA ... jangan jangan nanti kaya BRI lagi banyak saldo hilang gak jelas,2025,bca,transaksi gagal tidak masuk saldo hilang uang tidak tlp suruh nunggu minggu uang tidak tikus bca kaya bri saldo hilang tidak,-1,negatif
Alfhan Syafriel,akhir akhir ini transaksi scan qris selalu lemot jadi malu sama antrian belakang 😒,2025,bca,transaksi scan qris lama malu antri,-1,negatif
Imron Rosadi,pasangin antena biar bagus sinyal aplikasinya,2025,bca,pasangin antena bagus sinyal aplikasi,1,positif
Vinna Friska,"ga bisa login,nomor rek udah pas+no hp juga udah pulsa juga ada trus saya di arahkan kirim pesan ke 89888 tidak ada terjadi apapun setelah nya, udah coba berkali kali tetap ga ada kek mana solusinya ini?",2025,bca,tidak bisa loginnomor rekening pasno handphone pulsa arah kirim pesan tidak apa coba kali tidak kek solusi,0,netral
Rianpermana Thegoo,susah banget daftar BCA mobile sinyal bagus manteng tapi gagal terus kecewa banget masa harus naik tower pake internet bagus masa pake daftar BCA mobile susah nomer udah terdaftar di BCA tetep gak bisa,2025,bca,susah banget daftar bca mobile sinyal bagus manteng gagal kecewa banget tower pakai internet bagus pakai daftar bca mobile susah nomer daftar bca tetep tidak bisa,-2,negatif
Naresh Cindy,Setelah update kenapa setiap saya kirim / Terima uang selalu kepotong 10rb tapi di mutasi Terima/kirimnya tetap full sesuai yang kita Terima/kirim... SAYA KIRIM KE SESAMA BCA KLO GINI SAYA RUGI DONG,2025,bca,update kirim terima uang potong ribu mutasi terimakirimnya full sesuai terimakirim kirim bca gin rugi,0,netral
Kurniawan Goyali,pemeliharaan terusss....pindah bank aja x ya,2025,bca,pelihara terusspindah bank,0,netral
Asya Nahira,"kak maaf sepertinya untuk saat ini gamau pake BCA mobile dulu, kecewa banget sama sms yg pake pulsa tapi gagal teruss dimana yg lain udah tanpa pulsa ini masi pake pulsa, terus²an gagal juga masalahnya klo pulsa sekali okelah kak 2000, tapi kalo berkali²? mau isi saldo juga jadi ragu, takut kendala di transaksi kayanya selama belum dihapus fitur pake pulsa nya, aku ga pake BCA dulu deh 🙏🏻🙏🏻",2025,bca,maaf gamau pakai bca mobile kecewa banget pesan pakai pulsa gagal teruss mana pulsa mas pakai pulsa terus gagal pulsa oke kali isi saldo ragu takut kendala transaksi kaya hapus fitur pakai pulsa tidak pakai bca,-4,negatif
Hudana,"kapan update lagi dari kemarin saya merah terus gak bisa menggunakannya ,udah di restart udah di hapus dan download lagi tetap merah apakah udah 2 hari ini gangguan",2025,bca,update kemarin merah tidak bisa guna restart hapus download merah ganggu,-1,negatif
Truk 3 We,"ribet, mw registrasi ulang aja muter trs, padahal udh lama jd member",2025,bca,ribet mw registrasi ulang muter lama member,-2,negatif
zuperpay ltd,"jgn dijawab pakai template. saya pengguna lama. akhir akhir ini BCA indikator nya merah trus, susah buat transaksi, jgn bilang pastikan sinyal internet anda blabla, koneksi sya lancar, mau streaming HQ juga lancar tanpa buffer. tolong lah perbaiki kecepatan buat transaksi, mending bank sebelah gak harus nunggu lampu merah perempatan",2025,bca,pakai template guna lama bca indikator merah susah transaksi bilang pasti sinyal internet blabla koneksi sya lancar streaming hq lancar buffer tolong baik cepat transaksi mending bank belah tidak nunggu lampu merah empat,2,positif
Wiwi Wiwi,"uang saya tiba2 hilang 40rb , ga seberapa mungkin tapi itu uang dapet keringat woy !! ga ada keterangan di mutasi apapun !!!",2025,bca,uang hilang ribu tidak uang dapet keringat woy tidak terang mutasi apa,0,netral
fredho pratama,"Update terbaru membuat aplikasi tidak dapat digunakan apabila menyalakan fitur aksesibilitas, akan tetapi ketika fitur sudah dinonaktifkan dan sudah restart hp berkali-kali tetap saja aplikasi BCA Mobile menampilkan pesan harus menonaktifkan fitur aksesibilitas. Sangat mengecewakan sekali. Edit untuk menjawab respon BCA: Padahal sudah tercantum dan secara jelas terdapat pernyataan ""terbaru"" yang mana versi aplikasi sudah yang paling terbaru, tetapi masih DISURUH untuk update. Update apa???",2025,bca,update baru aplikasi tidak nyala fitur aksesibilitas fitur nonaktif restart handphone berkalikali aplikasi bca mobile tampil pesan nonaktif fitur aksesibilitas sangat kecewa edit respon bca cantum nyata baru versi aplikasi baru suruh update update,-1,negatif
Bambang Pujiono,"muncul kode eror di aplikasi : 205-semetara transaksi tidak dapat di proses, silakan ulangi beberapa saat lagi. tolong min udh dari seminggu lalu, udh di update juga aplikasi terbaru di play store juga masih sama, mana mau transaksi lagi..",2025,bca,muncul kode error aplikasi semetara transaksi tidak proses sila ulang tolong minggu update aplikasi baru play store transaksi,-1,negatif
17. Nirmala Wardhany,"indikator sering merah padahal sinyal stabil tidak ada kendala apapun, tapi sering merah",2025,bca,indikator merah sinyal stabil tidak kendala apa merah,0,netral
Andre Bima Aditya,Susah harus video call ini itu ribet banget. tiba tiba apk kluae sendiri tidak jelas,2025,bca,susah video call ribet banget aplikasi kluae tidak,-2,negatif
hiroshi bike,bank besar tapi aplikasinya koplok lemot,2025,bca,bank aplikasi koplok lama,-1,negatif
Fazli Suueb,tolong untuk BCA admin nya di murahin doang naik naik Mulu ini,2025,bca,tolong bca murahin,0,netral
alwi united fans,"lampu sering merah sih padahal sinyal juga full,hp idah dinon aktifkan juga tapi tetap merah mulu heran aplikasi ini",2025,bca,lampu merah sinyal fullhp idah non aktif merah heran aplikasi,0,netral
kuliner ngiler bandung,"parah tidak bisa masuk ,malah pulsa abis",2025,bca,parah tidak bisa masuk pulsa abis,-1,negatif
hengky purnomo,"kenapa setelah di update, malah jadi lemot ya? merah mulu, lama banget ke hijaunya, ampun dah",2025,bca,update lama merah lama banget hijau ampun,-2,negatif
Ikah Ikah,ribet banget ni aplikasi apaan coba perivikasi wajah ajah susah nya minta ampun saya Ampe 1 jam verifikasi wajah gagal terus .,2025,bca,ribet banget aplikasi coba perivikasi wajah ajah susah ampun ampe jam verifikasi wajah gagal,-3,negatif
Nindy Apriani,"bug kode otp,Pindah perangkat baru",2025,bca,bug kode otppindah perangkat,0,netral
zavi sholeh,bca keyboardnya setelah update menjadi delay,2025,bca,bca keyboardnya update delay,-1,negatif
Dapid Grab,eror,2025,bca,error,-1,negatif
Hadi Iswanto,saldo hilang gagal transaksi Qris bca,2025,bca,saldo hilang gagal transaksi qris bca,-1,negatif
Zerxes Oktavian,TOLONG KALAU MAINTENANCE ADAKAN PEMBERITAHUAN!!!,2025,bca,tolong maintenance adakan pemberitahuan,0,netral
lucky iskandar (iskhandaer),buruk,2025,bca,buruk,-1,negatif
Arief Adi,"Saya beli paket data provider XL dengan metode pembayaran Qris. Percobaan pertama status gagal, percobaan kedua status gagal juga. Tapi kenapa saldo saya terpotong senilai 2 paket data tersebut??? Status gagal kok saldo terpotong??? Tolong kembalikan uang saya!",2025,bca,beli paket data provider xl metode bayar qris coba status gagal coba status gagal saldo potong nila paket data status gagal saldo potong tolong kembali uang,-3,negatif
Gerrard Siahaan,"tolong perbaiki ,saya tidak bisa memasuki mobile nya,sedangkan pulsa saya sudah habis banyak,tolong di perhatikan!!!",2025,bca,tolong baik tidak bisa pasuk mobile nyasedangkan pulsa habis banyaktolong perhati,1,positif
APRILIAN Catur Batama,"MAKIN KESINI MAKIN MALING INI BANK, TRANSAKSI QRIS GAGAL, SALDO SERING HILANG DAN TIDAK ADA REFUND DARI PIHAK BCA ATAU KEJELASAN NYA",2025,bca,kesini maling bank transaksi qris gagal saldo hilang tidak refund bca jelas,-1,negatif
Yosua Waruwu,"Gimana Nih Udah sering banget Terjadi Saat saya QRIS,sering gagal Saldo kepotong!",2025,bca,banget qrissering gagal saldo potong,-1,negatif
Alfan Paaww,"pelayanan video call dalam pembukaan rekening sangat lama, tidak ada respon, sudah berkali kali mencoba dan gagal, padahal jaringan bagus menggunakan data seluler tidak menggunakan wifi",2025,bca,layan video call buka rekening sangat lama tidak respon kali coba gagal jaring bagus data seluler tidak wifi,-1,negatif
Reza Aditya,di upgrade malah merah mulu kocak,2025,bca,upgrade merah kocak,0,netral
madi idam,aplikasi jelek sinyal bagus mash ajah g bsa transaksi percuma bikin aplikasi ga guna,2025,bca,aplikasi jelek sinyal bagus mash ajah tidak bsa transaksi aplikasi tidak,0,netral
DityaSA,"perhari ini merah terus sir,susah TF benerin lah nyusahin",2025,bca,hari merah sirsusah transfer benerin nyusahin,0,netral
Bobby Aditya Rachman,"malasah verivikasi, tunggu indikator warna hijau, diulang² sampai habis banyak pulsa, aplikasi noob 👎🏽👎🏽👎🏽",2025,bca,malasah verivikasi tunggu indikator warna hijau ulang habis pulsa aplikasi noob,0,netral
Adi Nugroho,ko makin lama si buat masuk nya habis di update malah lama,2025,bca,lama si masuk habis update lama,-2,negatif
Adam Pujiyanto,"parah bisa bisa nya gangguan lebih dari 5mnt,aplikasi ini banyak yg pake tapi duh makin ribet terus makin sering gangguan jaringan merah terus 😌",2025,bca,parah bisa bisa ganggu mntaplikasi pakai duh ribet ganggu jaring merah,-4,negatif
trie khairul,bca makin kesini makin lemot ya bukan nya makin bagus,2025,bca,bca kesini lama bagus,0,netral
yakuza gaming,masa qris gagal saldo di potong lu mau korupsi ya BST,2025,bca,qris gagal saldo potong korupsi bst,-1,negatif
Rizki Alawi,enek banget gue nunggu ini aplikasi notip merah terus lama banget ke notif hijau,2025,bca,enek banget nunggu aplikasi notip merah lama banget notif hijau,-1,negatif
Dewi Pratiwi,aplikasi kocak selalu gangguan dijam kerja pas orang butuh duit.. maintenance itu malam aktivitas orang jadi nggak terganggu.. sumpah pelayanan sampah ini bca,2025,bca,aplikasi kocak ganggu jam kerja cocok orang butuh uang maintenance malam aktivitas orang tidak ganggu sumpah layan sampah bca,-2,negatif
Jaka Umbara,baingan jelek sekali,2025,bca,baingan jelek,-1,negatif
Nabil Amien,kenapa suka keluar buat verivikasi lagi si,2025,bca,suka verivikasi si,1,positif
Gema Satrio Widodo,lagi bug kah bca gabisa dibuka?,2025,bca,bug kah bca tidak bisa buka,0,netral
Agus Tono,sering gangguang aplikasi apaan nih... sudah di update juga masih sama aja Mbanking terburuk di dunia,2025,bca,gangguang aplikasi update mbanking buruk dunia,-1,negatif
Riko Handiko,"penagihan kartu kredit BCA brutal mengitimidasi ,mengancam ,dengan DC Poto profil orang timur ,sangat payah.kalau ada bintang 1/2 aku kasih bintang setengah ,hati2 dengan modelan bank rampok",2025,bca,tagih kartu kredit bca brutal mengitimidasi ancam dc poto profil orang timur sangat payahkalau bintang kasih bintang hati model bank rampok,0,netral
azka tehnik,sudah ngeri pakai BCA baru kali ini uang masuk bisa hilang. di cek mutasi ga ada,2025,bca,ngeri pakai bca uang masuk bisa hilang cek mutasi tidak,0,netral
Devan Kumar,kadang suka buat naik emosi lampu merah nya mau Sampai 1 harian,2025,bca,kadang suka emosi lampu merah hari,1,positif
Yono Pade,asli sumpah GX jelas bca nunggu lapu garu hijau lah dikit dikit ganguan GX bisa kalo ke mesin ngambil uang saldo kepotong uang nya GX keluar lebih baik menggunakan mandiri ketimbang bca Ribett mengunaya,2025,bca,asli sumpah gx bca nunggu lapu garu hijau dikit dikit ganguan gx bisa mesin ngambil uang saldo potong uang gx mandiri ketimbang bca ribett mengunaya,0,netral
Aca Darsa,"apliksi ini tdk ada notipikasi transaksi sma customernya,,,kya bnk yg lain,,,tlong di perbaiki,,soalnya persan sya kmrin saldo sya ada ps di lhat gda sbagian,,,klo ada notipikasi transaksi kn lbih baik dn mnguntungkan ke 2 blh pihak,,,,",2025,bca,apliksi tidak notipikasi transaksi customernyakya bnk laintlong perbaikisoalnya pers sya kmrin saldo sya ps lhat gda sbagianklo notipikasi transaksi kn lbih dn mnguntungkan blh,0,netral
mioo 2011,baru withdraw dari saldo akun ojol ke rekening BCA. ternyata uangnya belum masuk juga ke rekening BCA. padahal riwayat withdraw sudah berhasil. dan dilihat dari riwayat mutasi. terbaca nominal uangnya. tapi di informasi saldo TIDAK ADA. apa BCA sedang gangguan. kenapa tidak ada pemberitahuan.,2025,bca,withdraw saldo akun ojol rekening bca uang masuk rekening bca riwayat withdraw hasil riwayat mutasi baca nominal uang informasi saldo tidak bca ganggu tidak pemberitahuan,-1,negatif
Utuh Sugih,"aplikasinya sangat parah masa udah hijau cek saldo dan byr qris sending lama banget, asli parah banget ini aplikasi",2025,bca,aplikasi sangat parah hijau cek saldo byr qris sending lama banget asli parah banget aplikasi,-3,negatif
Q _Duys,"dari pagi gak bisa transaksi gak bisa apa² simbolnya warna merah terus, padahal udah versi terbaru",2025,bca,pagi tidak bisa transaksi tidak bisa simbol warna merah versi baru,0,netral
Irfan Miftahurrohman,"setelah update, kalau mau tf nunggu hijaunya lama. harus nunggu sekitar 1 - 2 menit baru hijau",2025,bca,update transfer nunggu hijau lama nunggu menit hijau,-1,negatif
Mudarif Darif,kenapa saya susah banget masuknya belum juga dapet nomor otp,2025,bca,susah banget masuk dapet nomor one time password,-1,negatif
luckyday Luckyday,"pas dikirim masuk, pas di cek saldonya tidak ada",2025,bca,cocok kirim masuk cocok cek saldo tidak,0,netral
Renal Ferdian,kenapa merahhh mulu ini sinyalnya,2025,bca,merahh sinyal,0,netral
Bramantyo handojo,QR kodenya sekarang sangat sangat lemot,2025,bca,qr kode sangat sangat lama,-1,negatif
Ari Irawan,eror mulu,2025,bca,error,-1,negatif
Dendy Damaru,aplikasi gak jelas nge bug terus,2025,bca,aplikasi tidak nge bug,0,netral
wahyu,bca ngaco 2 jam ketahan apk ga bisa di pake transaksi padahal indokator hijau tapi muter² doang kacauu,2025,bca,bca ngaco jam tahan aplikasi tidak bisa pakai transaksi indokator hijau muter kacauu,0,netral
Otong 27,makin kesini malah makin kesana,2025,bca,kesini kesana,0,netral
The Modjoe,aplikasi nya nyusahin orang pulsa banyak terpotong buat install aplikasi di hape yg baru alias pindah data sdh banyak buang waktu dan pulsa tlpon call Centre suruh daftar ulang di ATM.. sdh saya daftar ulang saya coba lagi eh terpotong pulsa saya.. trus suruh daftar ulang lagi.. maksdnya apa ini.. pulsa trus habis.. buat otp... saya kasih minus bintang kalo ada minus,2025,bca,aplikasi nyusahin orang pulsa potong install aplikasi hape alias pindah data buang pulsa tlpon call centre suruh daftar ulang atm daftar ulang coba eh potong pulsa suruh daftar ulang maksdnya pulsa habis one time password kasih minus bintang minus,0,netral
Tomi Hermanto,jelek pelayanannya ! ga bisa kasih solusi login mbanking pas diluar negeri !,2025,bca,jelek layan tidak bisa kasih solusi login mbanking cocok luar negeri,-1,negatif
Shane James,rudet mau login aja susah,2025,bca,rudet login susah,-1,negatif
Rudi Munandar,"login lama, sinyal merah teruss bikin repot aja bukan memudahkan",2025,bca,login lama sinyal merah teruss repot mudah,-1,negatif
Lapak pojok ghavin,login ulang gak bisa2,2025,bca,login ulang tidak bisa,0,netral
Karel Erik,"sering sekali saldo dibawah 1.000 sering hilang apa disedot , padahal sudah ada potongan. GK kita kira App BCA ini ambil keuntungan. saldo dibawah 1.000 rupiah aja sering hilang.",2025,bca,saldo bawah hilang sedot potong tidak aplikasi bca ambil untung saldo bawah rupiah hilang,0,netral
Muh. Lutfi,"gua kira ni aplikasi berguna ga tau nya ternyata malah hilang duit gua...... kalo emang niat bikin tabungan BCA ya balikin duit gua yang ga bersalah..... hilang nya juga 7,3 juta lu kira 7'3 juta seenaknya bilang ikhlasin nyesel gua bikin tabungan di sini bukanya aman malah hilang hhhhhh...............",2025,bca,aplikasi guna tidak hilang uang niat tabung bca balikin uang tidak salah hilang juta juta bilang ikhlasin nyesel tabung buka aman hilang hh,1,positif
Shin Chan,"habis diupdate malah indikator warnanya merah terus ngga berubah hijau, tolong perbaiki",2025,bca,habis diupdate indikator warna merah tidak ubah hijau tolong baik,1,positif
julian wibowo,aplikasi burik. ganti device gagal verifikasi wajah. sudah daftar ulang di ATM. ulang lagi verifikasi wajah lagi dan gagal lagi. benar2 ngerjain orang dan sangat bikin kecewa mau cepat jadi lambat begini,2025,bca,aplikasi burik ganti device gagal verifikasi wajah daftar ulang atm ulang verifikasi wajah gagal ngerjain orang sangat kecewa cepat lambat,-3,negatif
Kedepan Ya,sudah habis pulsa buat aktivasi masih gak bisa buat buka aplikasinya id sudah benar pasword sudah benar masih tidak bisa. suruh tlp pula.. aplikasi Bank tak guna,2025,bca,habis pulsa aktivasi tidak bisa buka aplikasi id pasword tidak bisa suruh tlp aplikasi bank,0,netral
Aco Fals,sangat buruk bca...!!! auto pindah bank yg lebih bagus..!!!,2025,bca,sangat buruk bca auto pindah bank bagus,0,netral
hagni wj,"trf antar bca eror mulu, heran",2025,bca,trf bca error heran,-1,negatif
Renno Enno,setelah di update malahan lempot buka mbengking apa lagi pas mau pake QR loding trus bikin kesel,2025,bca,update lempot buka mbengking cocok pakai qr loding kesel,0,netral
dedy hariyanto,lemotttt,2025,bca,lemott,0,netral
Risma Pitriyanto,aplikasi mental2 mulu,2025,bca,aplikasi mental,0,netral
BANG OCIM chanel,ini gimana sih aplikasi nya.... indikator hijau giliran mau tf malah ke merah kalau udah gak bisa pake aplikasi mending buang aja aplikasi nya,2025,bca,aplikasi indikator hijau gilir transfer merah tidak bisa pakai aplikasi mending buang aplikasi,0,netral
Akhsan Darmawan,sangat membantu aplikasi ini bagus,2025,bca,sangat bantu aplikasi bagus,1,positif
Jons Tjidoelang,"buka rekening disini payah banget video call nya dinyatakan terhubung tapi tidak di angkat, malah suruh denger lagu hallo bca!!! minim karyawan mungkin, sehingga tidak menyambung.",2025,bca,buka rekening payah banget video call nyata hubung tidak angkat suruh denger lagu hallo bca minim karyawan tidak sambung,0,netral
Janwar Andriansyah,"semakin buruk aplikasi nya.. berat , lemot sekali di gunakan bertransaksi. bahkan sekedar cek saldo pun harus tunggu beberapa menit,makin payah aplikasi nya",2025,bca,buruk aplikasi berat lama transaksi dar cek saldo tunggu menitmakin payah aplikasi,-2,negatif
Heri Gunawan,jelek,2025,bca,jelek,-1,negatif
Seputar Olahraga,ganguuuan gabisa cek saldo gabisa apa. biruuu terus SM merah ga ijo ijo,2025,bca,ganguuan tidak bisa cek saldo tidak bisa biruu merah tidak ijo ijo,0,netral
Rika Queen,"AKTIVASI SMS SAMPE 1 JAM SUDAH JELAS PASTI GAGAL. SAMPE 10 KALI. MENDING GRATIS, BAYAR LAGI . SAMPAHH Sekelas BCA",2025,bca,aktivasi pesan jam gagal mending gratis bayar sampahh kelas bca,-1,negatif
Lukman nul hakim Ashadillah,verify otp menggunakan sms menghabiskan pulsa sampai 85 rb anj gua ledakin aja gitu kantor bca nya??? gua udah stok banyak nitroglyserin buat pemerintah nanti tpi ada yg bikin kesel nih kek nya.....,2025,bca,verify one time password pesan habis pulsa ribu anj ledakin gitu kantor bca stok nitroglyserin perintah kesel kek,0,netral
febri Setiawan,"daftar sampai 10x, udah habis pulsa tetep aja gabisa ""coba lagi nanti"" ya gimana, coba terus yg ada habis pulsa doang buat sms",2025,bca,daftar habis pulsa tetep tidak bisa coba coba habis pulsa pesan,0,netral
marioo hanggono,"apk macam apa ini, mau verifikasi wajah gagal teruss, developernya gk mau gerak , makin kesni jdi samph nih APK",2025,bca,aplikasi verifikasi wajah gagal teruss developer tidak gerak kesni samph aplikasi,-1,negatif
Prikson Simarmata,Sekelas BCA mbankingnya bermasalah Mulu. Halo IT nya gak bekerja kah? Stuck di laman saat ini transaksi.....bla..bla ga jelas,2025,bca,kelas bca mbankingnya masalah halo it tidak kah stuck laman transaksiblabla tidak,-1,negatif
devira .l,"Dari bulan kemarin BCA selalu bermasalah ketika akan transaksi. Malu kalo mau transaksi pakai qris di tempat umum. Mau transfer antar rek juga susah. Aplikasi terbaru, kuota ada, tapi mau transaksi susah. Loading terus. Terima kasih sudah feedback ulasan saya. Jaringan di HP saya bagus, kuota banyak. Aplikasi lain berjalan lancar. Aplikasi mbca hanya terkendala ketika akan melakukan transaksi (VA, QRIS dan transfer). Untuk cek mutasi bisa.",2025,bca,kemarin bca masalah transaksi malu transaksi pakai qris transfer rekening susah aplikasi baru kuota transaksi susah loading terima kasih feedback ulas jaring handphone bagus kuota aplikasi jalan lancar aplikasi mobile bca kendala transaksi va qris transfer cek mutasi bisa,-3,negatif
hanya untuk gabut,"sejak kapan m banking pakek pulsa saya daftar terakhir 2010 tanpa pulsa, wah kok jadi pembodohan public begini ya",2025,bca,m banking pakek pulsa daftar pulsa bodoh public,0,netral
kunadji riyat,kurang praktis.nyuruh instala tapi. gak konek hari hubungi cabang terdekat .maunya tidak pakai,2025,bca,kurang praktisnyuruh instala tidak konek hubung cabang dekat mau tidak pakai,0,netral
RoiLih,"kenapa sy tidak bisa login,dan kode negara Indonesia kenapa tidak ada",2025,bca,tidak bisa logindan kode negara indonesia tidak,0,netral
FENDY 1927,lemot aplikasinya,2025,bca,lama aplikasi,-1,negatif
karisma hildayati,setelah di perbarui malah makin lemot buka nya ih,2025,bca,baru lama buka ih,-1,negatif
Edwin Sutandi,mau scan qris lama bangett muterrrrrrrrrrrrr teruss,2025,bca,scan qris lama bangett muterr teruss,-1,negatif
Sari Wangi,mau bayar qris sering keluar bug..tolong di perbaiki .. kami mohon maaf atas ketidak nyamanan nya ...hahahah sampai kapan.....,2025,bca,bayar qris bugtolong baik mohon maaf tidak nyaman hahahah,2,positif
Findy Oliev,"Asli gw kecewa bangettttttt,,, bisa bisanya baru buka rekening dah hilang puluhan ribu,,, niat gw pengen nabung d BCA malah d bikin kecewa... kalo bukan karena urusan kerjaan mending gw tutup rekening ajaa lah daripada makin kecewa, entah itu potongan apa karena gak ada sama sekali info nya ... KENAPA GW KECEWA??? LU BAYANGIN AJA BARU 2 MINGGU DAH HILANG PULUHAN RIBU!!!!! *PERBAIKI DONG DEMI KENYAMANAN CUSTOMER*",2025,bca,asli kecewa bangett bisa bisa buka rekening hilang puluh ribu niat ken nabung bca kecewa urus kerja mending tutup rekening ajaa kecewa potong tidak info kecewa bayangin minggu hilang puluh ribu baik nyaman customer,-2,negatif
Supri Yanto,"setiap transaksi mau Qris atau top up Flazz kalau ada tulisan gangguan sinyal kenapa tetap ke debit saldo tapi tidak masuk di transaksi itu...dan sudah 3 hari ini saya top up Flazz ke debit saldo tapi tidak masuk di saldo Flazz nya,,, sangat kecewa",2025,bca,transaksi qris top up flazz tulis ganggu sinyal debit saldo tidak masuk transaksi itudan top up flazz debit saldo tidak masuk saldo flazz sangat kecewa,0,netral
Aditya Er Ramadhan,Setiap ada yang transfer ngga ada Notifikasi yang masuk..!!!!!! perbaiki jangan diam saja..!,2025,bca,transfer tidak notifikasi masuk baik diam,1,positif
Farukmbashahab Mbashahab,TRANSAKSI QRIS GAGAL SALDO BERKURANG..MENUNGGU HASIL LAPORAN 20HARI KERJA..( 1BULAN ) ITU PUN SALDO MASIH BELUM TAHU...???? MENUNGGU YANG TIDAK PASTI,2025,bca,transaksi qris gagal saldo berkurangmenunggu hasil lapor kerja saldo tunggu tidak,-1,negatif
Iyantt Pras,"bayangin, tiba² gangguan di senin pagi",2025,bca,bayangin ganggu senin pagi,-1,negatif
Keren-nya Kreativitas,"MIKIR HOOI BAGIAN APLIKASI⚠️⚠️ nyusahin banget anda ini Kayak aplikasi google dokumen saja, Jelas² tulisan 94 mb download nya.. Lah ini apa coba total sediain hampir 700 mb dulu ruangan penyimpanan di HP, nyusahin orang saja.. ga tau apa orang butuh dadakan ini malah jadi pusingin orang, DIBENERIN DULU LAH",2025,bca,mikir hooi aplikasi nyusahin banget aplikasi google dokumen tulis mb download coba total ain mb ruang simpan handphone nyusahin orang tidak orang butuh dada pusingin orang dibenerin,0,netral
Ahmad Fakhri,terlalu lambat aplikasi jalan dan sering lampu merah,2025,bca,lambat aplikasi jalan lampu merah,-1,negatif
Kubeyz Beyz,"kek sampah, mana lemot lagi merah terus",2025,bca,kek sampah lama merah,-1,negatif
Budiman,aplikasi ssah klau d pake buat login,2025,bca,aplikasi ssah klau pakai login,0,netral
Topan Tirta,pas buka rekening di video sangat lama,2025,bca,cocok buka rekening video sangat lama,-1,negatif
Faisal Akhwin Khadis,bug mulu kocak,2025,bca,bug kocak,0,netral
boel lang,"205 maaf untuk sementara tidak bisa di gunakan cobalah beberapa saat lagi,,, perbarui udah sinyal juga cukup baik tp eror mulu",2025,bca,maaf tidak bisa coba baru sinyal error,-1,negatif
Zen Vancx,"sering gangguan setiap pagi , kalo mau transfer pagi jadi susah , tolong dong benerin lagi 🙏🙏",2025,bca,ganggu pagi transfer pagi susah tolong benerin,-2,negatif
Muhammad Rizqi,"human eror, tanpa melakukan kesalahan tiba2 keblokir data tidak tersimpan dengan rapih",2025,bca,human error salah blokir data tidak simpan rapih,-1,negatif
Luthfi Zulfiansyah,"mau transaksi gabisa², ngecek saldo juga gabisa..gimana ini gajelas ditungguin berjam² masih begini aja aplikasinya",2025,bca,transaksi tidak bisa ngecek saldo gabisagimana tidak ditungguin jam aplikasi,0,netral
ajan septian,otp gak masuk masuk ke SMS nya,2025,bca,one time password tidak masuk masuk pesan,0,netral
Mahesa Wibawa,hp kereset. download ulang kenapa skrg wajib ada 16 digit nomor kartu. dari awal saya ga pernah buat kartu... digital kog ribet sih,2025,bca,handphone kereset download ulang wajib digit nomor kartu tidak kartu digital kog ribet,-1,negatif
Iwan sofyan,"parah habis di update gak bisa dibukak, minta verifikasi ujung² nya disuruh aktifasi ulanh di atm, buang² pulsa aja",2025,bca,parah habis update tidak bisa dibukak verifikasi ujung suruh aktifasi ulanh atm buang pulsa,-1,negatif
Tegar Arya S,"pelayanan buruk, tidak memberi solusi, pulsa saya habis banyak hanya untuk menerima kode otp dan itu tetap tidak dikirimkan apk sampah. sampai sekarang saya tidak dapat akses ke akun saya hilang"" lah uang disana",2025,bca,layan buruk tidak solusi pulsa habis terima kode one time password tidak kirim aplikasi sampah tidak akses akun hilang uang sana,-1,negatif
Arian Wardana,kenapa setiap dibutuhin gabisa akses MBCA???? youtube ig vcall lancar tapi buat buka MBCA ko merah terus????? TOLONG DIPERBAIKI TERIMAKASIH,2025,bca,dibutuhin tidak bisa akses mobile bca youtube ig vcall lancar buka mobile bca merah tolong baik terimakasih,2,positif
febriansyah RCA,dikit dikit eror ke kantor...respon lambat,2025,bca,dikit dikit error kantorrespon lambat,-2,negatif
Agustin Ai,"bolak balik update bukannya makin bagus, tapi di HP Vivo V 20 gak bisa di buka, lampu indikatornya selalu berwarna merah",2025,bca,bolak update bagus handphone vivo v tidak bisa buka lampu indikator warna merah,1,positif
Sisilia Defriani rihi,selalu minta verifikasi aja,2025,bca,verifikasi,0,netral
Elvan Awaludin Wijaya,"Setelah update malah makin aneh, makin parah bro kacau2, Dan bisa2nya malam minggu M-banking nya error, haduuh",2025,bca,update aneh parah bro kacau bisa malam minggu mbanking error haduuh,-2,negatif
Reifan Zaidan,"kenapa selalu gagal ya buka nbankingnya,,,mau ngecek saldo mau transfer juga gagal trs semakin kesini kok semakin eror",2025,bca,gagal buka nbankingnyamau ngecek saldo transfer gagal kesini error,-3,negatif
Butter Lose,makin banyak gangguan terutama sinyal. gk work it lagi,2025,bca,ganggu sinyal tidak work it,-1,negatif
windi purwanti,"admin BCA bulanan berapa sih, tiba-tiba banget setiap ada uang masuk ke potong, apalagi sampe kepotong 40rb, ini liat mutasi nya aja ga jelas kaga ada uang keluar, ngawur si BCA ini, parah sekarang BCA",2025,bca,bca bulan tibatiba banget uang masuk potong potong ribu liat mutasi tidak kaga uang ngawur si bca parah bca,-1,negatif
Nofri Imansyah,"tolong diperbaiki pelayanannya, kadang kalo malem suka gangguan udah tau penting !!!!",2025,bca,tolong baik layan kadang malem suka ganggu,1,positif
Winia 20,"apk gk jls,klo mau masuk ajh harus kirim pesan ke SMS,dan itu pas ke kirim malah muncul close Mulu di apknya,jdinya keluar""an mulu,mndingan mandiri kemana"" gk ribet. bikin kesel rasanya,cuman ngirim pesan berkali"" smpe pulsa habis haduhh",2025,bca,aplikasi tidak jlsklo masuk ajh kirim pesan smsdan cocok kirim muncul close apknyajdinya keluar mulumndingan mandiri mana tidak ribet kesel rasanyacuman ngirim pesan kali smpe pulsa habis haduhh,-2,negatif
Naura Nafeeza,"apk nya yg ekor atau jaringan internet nya sih, dari tadi nunggu otp ga ada masuk,",2025,bca,aplikasi ekor jaring internet nunggu one time password tidak masuk,0,netral
Andi Satria,"qris transaksi gagal, tapi saldo terpotong aneh banget sangat kecewa",2025,bca,qris transaksi gagal saldo potong aneh banget sangat kecewa,-2,negatif
Don Quixote,"Daftar gagal mlulu, sekali SMS hilang 2ribu. Licik kau. parah verifikasi pulsa sampe habis. kena tipu system raimu. cok kecewa",2025,bca,daftar gagal mlulu pesan hilang ribu licik kau parah verifikasi pulsa habis kena tipu system rai cok kecewa,-3,negatif
Enjel Ei,"min tolong doang kasih penjelasan nya knapa yh tiba"" saldo saya hilang 40ribu padahal saya tenggok di mutasi aman ny kok bisa saldo ny hilang 40ribu?",2025,bca,tolong kasih jelas knapa yh saldo hilang ribu tenggok mutasi aman ny bisa saldo ny hilang ribu,1,positif
Sri Noviyani,setiap isi flazz dan kris ga masuk tp saldo sudah terpotong!,2025,bca,isi flazz kris tidak masuk saldo potong,0,netral
Rizky Friszadani,tiba tiba ga bisa masuk ke BCA mobile. transaksi jadi terganggu dan macet,2025,bca,tidak bisa masuk bca mobile transaksi ganggu macet,-1,negatif
Samuel Official,"mobile bca kena lagi ya, sakit lagi ya ?",2025,bca,mobile bca kena sakit,0,netral
Maya Veer,"suka loading kalau dibuka,, gak bisa sat set lampunya selalu merah kalau mau transaksi. mesti tgu brp menit baru lampu berubah hijau",2025,bca,suka loading buka tidak bisa sat set lampu merah transaksi mesti tgu menit lampu ubah hijau,0,netral
Kemas Rizqy,padahal sinyal kencang tapi indikator merah terus jadi susah untuk transaksi,2025,bca,sinyal kencang indikator merah susah transaksi,-1,negatif
Aris Fhiqy,"""sementara transaksi tidak dapat diproses.silahkan ulangi beberapa saat lagi"" maksudx ini apa?kecewa dengan BCA saat ini",2025,bca,transaksi tidak diprosessilahkan ulang maksudx apakecewa bca,0,netral
iqbal aldika,"Dear BCA, tolong di perbaiki di sistemnya lagi masa mau login kode akses nya salah mulu sampai 3x padahal Password yang saya masukkan sudah sesuai dan ketika verifikasi harusnya kan minta password baru dan setelah aku ganti, masukkan ulang kode akses nya ketika mau login masa engga bisa juga pdhal Password yang baru sudah di masukkan. Bukan sekali atau 2 kali ini sudah berkali kali. Pulsa 50k pun dah hilang cuma untuk verifikasi melalui pesan 😢😢😢😢😢😢",2025,bca,dear bca tolong baik sistem login kode akses salah password masuk sesuai verifikasi password ganti masuk ulang kode akses login engga bisa pdhal password masuk kali pulsa k hilang verifikasi pesan,1,positif
Alex Dako,No comen dah ama bank satu...,2025,bca,no comen ama bank,0,netral
Mande Cell,setelah update malah jd lambat.. kecewa...,2025,bca,update lambat kecewa,-2,negatif
Fauzan Ozama,ribet ah pusing SUMPAHHH,2025,bca,ribet ah pusing sumpahh,-1,negatif
Iqbal Maulana,"inikator hijau, tetep aja lemot 😠",2025,bca,inikator hijau tetep lama,-1,negatif
Dani Jokohandoko,sinya tolong perbaikin lagi suka keluar sendiri,2025,bca,sinya tolong perbaikin suka,1,positif
LEONEIL ADJIE H.M,"sering update tapi sering juga down, down disaat tidak pas",2025,bca,update down down saat tidak cocok,-2,negatif
Abdurahman14cjr,"waduh ini update terbaru beneran jd super lemot 🫵🥲 sinyal merah lama tidak seperti biasanya , gawat .",2025,bca,update baru sungguh super lama sinyal merah lama tidak gawat,-2,negatif
Mardian 04,"Makin kesini makin kacau aja ini, suka eror transaksi tidak dapat dilakukan terus, mana erornya lama. malu2in sumpah sekelas bca kaya begini mulu.",2025,bca,kesini kacau suka error transaksi tidak eror lama malu in sumpah kelas bca kaya,-1,negatif
Ramdan Dwi Cahyo,payahhh kaga bisaa verifikasii muka terusss,2025,bca,payahh kaga bisaa verifikasi muka teruss,0,netral
Ilham Fazri25,"kaga jelas , minta kode otp pas dikirim otp tapi di masukan salah. ujung"" nya ke blokir!!!!",2025,bca,kaga kode one time password cocok kirim one time password masuk salah ujung blokir,0,netral
Catherina Rika,"mau masukin kode akses aja gabisa, harus 6 huruf tp cuma bisa masukin 5huruf, berhari hari kek gitu. busuk bgt. Kemarin bisa karna update apl, skrg udh diupdate knp kumat lagi heyy. Bikin emosi tiap mau buka gagal trs",2025,bca,masukin kode akses tidak bisa huruf bisa masukin huruf hari kek gitu busuk banget kemarin bisa update apl diupdate kumat heyy emosi buka gagal,-1,negatif
Mas Angga,sinyal wifi saya bagus tpi buat daftar mbangking koneksi terputus terus jadi bingung,2025,bca,sinyal wifi bagus daftar mbangking koneksi putus bingung,-1,negatif
Rivan Ardiansyah,kenapa ga bisa kirim otp. padahal nomor nya sudah benar.,2025,bca,tidak bisa kirim one time password nomor,0,netral
Dyah Nastiti4571,"sedikit keluh kesah karena dijaman digital ini harusnya dipermudah dan efisien waktu , hanya karena pindah handphone. mbanking daftar ulang malah susah , udah pernah daftar tinggal pindahin aja harus serumit ini , udah laporan ke hallo BCA siapa tau bantu efisien waktu malah disuruh ke kantor ,...",2025,bca,keluh kesah jam digital mudah efisien pindah handphone mbanking daftar ulang susah daftar tinggal pindahin rumit lapor hallo bca bantu efisien suruh kantor,0,netral
Miftahoking10799@gmail.com Miftahoking,"udh ke 2 kali nya isi pulsa ceban buat , login masuk, tiba tiba keluar .. hadeeh gimana ini..",2025,bca,isi pulsa ceban login masuk hadeeh,0,netral
Deden Sudrajat,Withdraw status PENDING dari kemarin malam tgl 29 Oktober 2025 sampai detik ini 30 Oktober 2025 Pukul 21.13 WIB 🤦🤦🤦🤦🤦,2025,bca,withdraw status pending kemarin malam tgl oktober detik oktober wib,0,netral
Angie Rosalina,tidak bisa dibuka selalu kluar sndri terus,2025,bca,tidak bisa buka kluar sndri,0,netral
Ludin Ahmad,saya melakukan pembayaran QRIS 2x. pas ada gangguan. tapi saldo saya tidak dikembalikan padahal transaksi gagal. harusnya dari BCA kalo transaksi gagal tapi saldo kedebit. harusnya otomatis saldo refund ke rekening nasabah,2025,bca,bayar qris cocok ganggu saldo tidak kembali transaksi gagal bca transaksi gagal saldo debit otomatis saldo refund rekening nasabah,-3,negatif
Muchammad Sulthon imaddudien,"aplikasi M banking paling buruk yang pernah saya pakai, kalo bukan karena kerja yang mengharuskan memakai bank BCA ini saya ga akan mau, lampu indikator selalu merah, sulit sekali untuk transaksi instan seperti contohnya, qris dll",2025,bca,aplikasi m banking buruk pakai kerja harus pakai bank bca tidak lampu indikator merah sulit transaksi instan contoh qris dll,-2,negatif
Noob SMC,Update terbaru ada bug di xiaomi poco F4. Setiap di buka aplikasi menutup sendiri. Saya tidak dapat melakukan transaksi. Tolong segera perbaiki. Update : Sama saja kak tidak ada perubahan. Versi yang baru ini nge bug di xiaomi poco F4.,2025,bca,update baru bug xiaomi poco f buka aplikasi tutup tidak transaksi tolong baik update tidak ubah versi nge bug xiaomi poco f,1,positif
andy arta,Setelah update Masa indikator merah terus...lah make aplikasinya gemana ngga bisa di pakai..... Udah bolak balik restart hape penyakitnya lampu indikator merah lama... payah,2025,bca,update indikator merah terus make aplikasi gana tidak bisa pakai bolak restart hape sakit lampu indikator merah lama payah,-1,negatif
Setiadi12,BCA ada gangguan apa lagi ini gabisa buat transaksi ?! tolong lah jangan bikin repot !,2025,bca,bca ganggu tidak bisa transaksi tolong repot,-2,negatif
Muchammad Rizky Januar Ananda Putra,"DOT tidak hijau2, lama di warna merah dan biru. harus relogin baru bisa.",2025,bca,dot tidak hijau lama warna merah biru relogin bisa,-1,negatif
tommy andika,"kenapa saya gk bisa cek rekening dan trasfer??? kok dadakan gitu gk bisanya, mana lagi butuh ...",2025,bca,tidak bisa cek rekening trasfer dada gitu tidak bisa butuh,0,netral
Rifail Hamdani,lemot banget,2025,bca,lama banget,-1,negatif
Mad Dani,"gkda angin hujan tiba2 suruh veripikasi ulang, udah sering benget kek gini,, asw. nunda pekerjaan saja, pulsa sampai habissssssssssss",2025,bca,gkda angin hujan suruh veripikasi ulang benget kek gin asw nunda kerja pulsa habiss,0,netral
Debrut Barker,knapa sih kalau malam loding trus jadi susah transaksi kalau malam,2025,bca,knapa malam loding susah transaksi malam,-1,negatif
Arsha anwar,BCA mobile sekarang buruk sering eror bikin orang nggak nyaman lagi pake BCA,2025,bca,bca mobile buruk error orang tidak nyaman pakai bca,-1,negatif
Agus Susanto,"kenapa setelah di update malah jadi sering blank/mbca tidak merespon gini si....😪😪😪 tolong di cek lahhh,sebelum2nya jos lohhh edit.... BARU UPDATE MALAH GAK BISA BUAT TF...COBA CEK LAGI APP NYA, BUG DI KOLOM REK TUJUAN,UDAH DI KLIK REK TUJUAN TAPI GAK NAMPIL REK TUJUANNYA...",2025,bca,update blankmbca tidak merespon gin si tolong cek lahhsebelum jos lohh edit update tidak bisa tfcoba cek aplikasi bug kolom rekening tujuanudah klik rekening tuju tidak nampil rekening tuju,0,netral
Maqi kepss,duit gua pake Q ris ga balik lagi asuu,2025,bca,uang pakai q ris tidak asuu,0,netral
karla radithya,"aplikasi parah lagi butuh banget transaksi ga bisa dipake,indikator merah koplak banget.",2025,bca,aplikasi parah butuh banget transaksi tidak bisa dipakeindikator merah koplak banget,-1,negatif
Abdulaziz Aziz,aplikasi gajelas dikit2 gangguan,2025,bca,aplikasi tidak dikit ganggu,-1,negatif
Haliza,adooo.. cemananya ini mobile banking nya. w uda restart HP bolak-balik trs uda update apk ny jg tp smpe skrg gabisa2 jg terbuka..,2025,bca,adoo cemananya mobile banking w uda restart handphone bolakbalik uda update aplikasi ny smpe tidak bisa buka,0,netral
CICI KURNIA SARI,sumpah sih QR nya kenapa loading terusss mau payment jadi terganggu. gak lancar gituu untuk bisnisku.,2025,bca,sumpah qr loading teruss payment ganggu tidak lancar gituu bisnis,-1,negatif
David Art,"admin ini aplikasi nya dari kemarin muncul kode 205 mulu dah, saya mau cek saldo dll dipersulit mohon di jawab min penting",2025,bca,aplikasi kemarin muncul kode cek saldo dll sulit mohon,-1,negatif
Arkhaelang Arkha,susah daptar,2025,bca,susah daptar,-1,negatif
Syah Aben,Sering kali aplikasi ini forced closed,2025,bca,aplikasi forced closed,0,netral
wisnu gege,verifikasi sms nya gagal mulu ga pernah di bales gimnaa sih,2025,bca,verifikasi pesan gagal tidak bales gimnaa,-1,negatif
Andika RailFans,"Terlalu banyak potongan yang tidak jelas, sangat merugikan",2025,bca,potong tidak sangat rugi,0,netral
Nunu Ashary,error pas bikin online tiba tiba pulsa abis,2025,bca,error cocok online pulsa abis,-1,negatif
Eva Diah Novitasari,"jelek banget yang sekarang masi ga bisa akses dari tgl 25 ke tgl 28 November ini aku dikasi kode 205 teruss jaringan koneksi bagus pindah wifi atau jaringan pribadi aman ga ada gangguan sinyal, buka m-banking yg lain bisa, tapi ko BCA ini ga bisa terus, ditunggu update terbaru nya!",2025,bca,jelek banget mas tidak bisa akses tgl tgl november kasi kode teruss jaring koneksi bagus pindah wifi jaring pribadi aman tidak ganggu sinyal buka mbanking bisa bca tidak bisa tunggu update baru,0,netral
gilang pamungkas,ini kenapa ngga bisa masuk bca mobile?,2025,bca,tidak bisa masuk bca mobile,0,netral
asep saepuloh,knp ko apk nya lelet pdhl kuota ada n sinyal bagus..tolong BCA di perbaiki soalnya ini sangat menghambat sy dlm transaksi...ini terjadi stlh di update..mohon di perhatikan,2025,bca,aplikasi lelet kuota n sinyal bagustolong bca baik sangat hambat dlm transaksiini stlh updatemohon perhati,1,positif
Siti Fatimah,"beberapa kali saldo terpotong tapi tidak ada catatan di mutasinya, pernah juga saldo sampai 0 padahal baru kemarin malamnya dicek saldo masih ada, MAKIN GAK JELAS !",2025,bca,saldo potong tidak catat mutasi saldo kemarin malam cek saldo tidak,0,netral
muhammad lubis,APK BANK TERIBET !!!! mau daftar sebagai pengguna baru aja harus pakai surat domisili/surat keterangan kerja karena berada di luar domisili asli.,2025,bca,aplikasi bank teribet daftar guna pakai surat domisilisurat terang kerja domisili asli,0,netral
Mohamad Levi Andhika Pratama,mau buat akun m banking susah bener aplikasi eror beberapa tombol tidak muncul,2025,bca,akun m banking susah aplikasi error tombol tidak muncul,-2,negatif
anfik akrom,"aplikasi ta1 susah bgt klo pas harus verifikasi ulang, aplgi klo hrus ada sms yg gk bisa2 ters",2025,bca,aplikasi ta susah banget cocok verifikasi ulang aplgi hrus pesan tidak bisa ters,-1,negatif
rizki Z,error teruss pembayaran pas penting jadi susah,2025,bca,error teruss bayar cocok susah,-2,negatif
Croot Pms,makin kesini makin gak jelas. mbangking pindah hp terkendala notifikasi kode otp yg gak masuk masuk. dikirim sampe 1000x pun gak ada notifikasi otp. parahhh ini sih apk nya,2025,bca,kesini tidak mbangking pindah handphone kendala notifikasi kode one time password tidak masuk masuk kirim tidak notifikasi one time password parahh aplikasi,-1,negatif
aceng jalu,lambat sistemnya payah🙄🙄🙄👹,2025,bca,lambat sistem payah,-1,negatif
SANN 7,aplikasi sinyal lambat pake wifi tetap loading habis tarik tunai atau stor loading terus harus buka tutup aplikasi makin lambat,2025,bca,aplikasi sinyal lambat pakai wifi loading habis tarik tunai stor loading buka tutup aplikasi lambat,-4,negatif
Berliani Azizah,"maunya apa ini aplikasi? abis diupdate malah gak bisa masuk, setelah instal ulang malah di blokir 👍 luar biasa 👍",2025,bca,mau aplikasi abis diupdate tidak bisa masuk instal ulang blokir,0,netral
Via Goang,kok sekarang bisa kepotong saldo tiba tiba tanpa pemberitahuan terus engga ada di mutasi rekening lagi bukan sekali dua kali tapi beberapa kali,2025,bca,bisa potong saldo pemberitahuan engga mutasi rekening,0,netral
Deffi Sandika,"setiap pengiriman qris selalu gagal , saldo selalu terpotong dan macet kembali nya lama , saran sih setiap transaksi gagal saldo harus nya jangan terpotong llahh ,",2025,bca,kirim qris gagal saldo potong macet lama saran transaksi gagal saldo potong llahh,-3,negatif
Ian Antoro,"kenapa verifikasi gagal terus,, data KTP dan no kartu sudah bener... kok tambah bikin susah sih",2025,bca,verifikasi gagal data ktp no kartu susah,-2,negatif
Lord Mobile,sangat sulit mendapatkan kode otp,2025,bca,sangat sulit kode one time password,-1,negatif
Zhaethun Zamdinilah,"buat potongan admin gak jelas bgt! dulu 7k, trs 10k. makin kesini2 sebulan dipotong 2x anying. sekali motong 10k. sebulan 20k buat tahapan expresi. udh di cek padahal ketentuannya 7k an. ga ngotak! awal bulan sama akhir bulan sebelum jatuh tempo udh di potong lagi. lagi kere lu BCA hah?!",2025,bca,potong tidak banget k k kesini bulan potong anying motong k bulan k tahap expresi cek tentu k an tidak ngotak jatuh tempo potong kere bca hah,0,netral
Edi S,di update versi baru malah makin lemot. bikin malu pas bayar2,2025,bca,update versi lama malu cocok bayar,-1,negatif
Lankir Aji,aku transaksi gagal tapi saldo berkurang bagai mana itu ....?? transaksi pakai qris...?? sekali gagal 2kali gagal 3kali gagal tapi saldo berkurang seperti transaksi 3 kali....,2025,bca,transaksi gagal saldo kurang transaksi pakai qris gagal gagal gagal saldo kurang transaksi,-4,negatif
Sarnila La,"pas saya tf dari dompet digital ke rekening BCA kenapa pas buka info saldo, saldonya kosong padahal pas di cek mutasi rek ada transaksi nya, dan kenapa gak ada notifikasi uang masuk. gak ngerti lagi sih",2025,bca,cocok transfer dompet digital rekening bca cocok buka info saldo saldo kosong cocok cek mutasi rekening transaksi tidak notifikasi uang masuk tidak,0,netral
Novita depi,kenapa gabisa liat mutasi rekening,2025,bca,tidak bisa liat mutasi rekening,0,netral
alpenk 13,"kenapa verifikasi lemat sms? ngabisin pulsa aja, kalo sekali mah ga papa, lah punya ku tiap minggu selalu logout sendiri akunya trus suruh verifikasi ulang lagi males bangett.. isi pulsa lagi, kenapa ga lewat wa aja.",2025,bca,verifikasi lat pesan ngabisin pulsa mah tidak papa ku minggu logout aku suruh verifikasi ulang males bangett isi pulsa tidak wa,-1,negatif
EKA MUHAMMAD,"Mbangking BCA Eror , Indikator Merah .. padahal sinyal jaringan bagus. senin,29/09/25",2025,bca,mbangking bca error indikator merah sinyal jaring bagus senin,0,netral
Rico Fitr,sering merah tanpa alasan yang jelas internet lancar app merah,2025,bca,merah alas internet lancar aplikasi merah,1,positif
Nur Muhammad Farisky,udah ga bagus skrng aplikasi ini lemot banget mau ngapa ngapain,2025,bca,tidak bagus skrng aplikasi lama banget ngapa,0,netral
Rektris Riva,"kenapa mbanking bca hari ini? koneksi stabil tp tdk bisa digunakan, sdh instal ulang malah gabisa login sama sekali.",2025,bca,mbanking bca koneksi stabil tidak bisa instal ulang tidak bisa login,1,positif
Muhammad kelfin chaniago,bangke setiap beli paketan di mobile mbangking gak pernah masuk pukii,2025,bca,bangkai beli paket mobile mbangking tidak masuk puki,0,netral
MOH RUSDIYAN,"makin ke sini makin aneh, sering keluar, di suruh verivikasi ulang terus , pdhl gak ganti hp , sinyal aman, apk sudah terbaru . kok di update bukan tambah bener malah malah tll.",2025,bca,aneh suruh verivikasi ulang tidak ganti handphone sinyal aman aplikasi baru update tll,1,positif
Imam Subrata,"Tolong ditambahkan agar nama pemilik dan nomor rek bisa tampil 1 layar, utk keperluan dokumentasi apabila buku tabungan hilang. maaf bintang 1 agar supaya cepat di atensi🙏",2025,bca,tolong nama milik nomor rekening bisa tampil layar perlu dokumentasi buku tabung hilang maaf bintang cepat atensi,1,positif
awe torres,tak berguna,2025,bca,guna,0,netral
Rio Hilmansyah,aplikasi ribet sinyal bagus terus aja stuck di merah,2025,bca,aplikasi ribet sinyal bagus stuck merah,0,netral
zakaria ansori,"APLIKASI APA INI, SERING BANGET EROR NGGAK BISA MASUK LAH LAMPU MERAH TERUS LAH",2025,bca,aplikasi banget error tidak bisa masuk lampu merah,-1,negatif
afdholu afdholu,apk semakin diperbarui Mlah semakin lemot busuk,2025,bca,aplikasi baru mlah lama busuk,-1,negatif
Raga Eka darma,di perbarui bukanya tambah bagus malah tambah lemot.,2025,bca,baru buka bagus lama,0,netral
Hadi Nugroho Alpha,kenapa kok bca saya gak bisa ya kirim gambar sama qris ambil dari gambar,2025,bca,bca tidak bisa kirim gambar qris ambil gambar,0,netral
Nur Aeni eni,proses cek ini itu tidak dapat dilakukan meskipun tanda hijau 😮‍💨,2025,bca,proses cek tidak tanda hijau,0,netral
Amad Mad,kenapa ga bisa dibuka mohon dibantu,2025,bca,tidak bisa buka mohon bantu,0,netral
LARIS Cell,Uang masuk tolong cantumin jam nya,2025,bca,uang masuk tolong cantumin jam,0,netral
Abdullah Abdullah,di update malah makin ngaco aplikasi ini gmn ceritanya ni login ssh amat keluar sndri wifi full internet SIM card full tapi warna merah terus giman ceritanya,2025,bca,update ngaco aplikasi gmn cerita login ssh sndri wifi full internet sim card full warna merah gim cerita,0,netral
Mas pathul,"kenapa sekarang jadi ribet, biaya bulanan 15000 otomatis, terus pindah akun ke hp baru ada biayanya, habis itu sekarang mau transfer pun harus datang lagi ke kantor nya langsung padahal di m-banking menu transfer pun ada. lalu apa gunanya kalau tiap menu yg ada , harus lapor dulu baru dapat di gunakan, kenapa tidak ada pemberitahuan dari awal..???proses via tlfn ngabisin pulsa, kenapa jadi menjijikan begini layanan BCA , buang waktu buang tenaga.",2025,bca,ribet biaya bulan otomatis pindah akun handphone biaya habis transfer kantor langsung mbanking menu transfer guna menu lapor tidak pemberitahuan awalproses tlfn ngabisin pulsa jijik layan bca buang buang tenaga,-1,negatif
Kebun Naked250,bca susah bnr buat aktifin kmbli bca mobile yang trrblokir..,2025,bca,bca susah bnr aktifin kmbli bca mobile trrblokir,-1,negatif
Ujang Supriadi,parah ini mah g bisa di buka dan verifikasi susah,2025,bca,parah mah tidak bisa buka verifikasi susah,-2,negatif
kerel ganteng,mau transaksi tidak dpt diproses terus tu gimana y tolong perbaiki,2025,bca,transaksi tidak dpt proses tu y tolong baik,1,positif
Mela idi Family,"LAMPU BIRU SANGT MENGGANGGU DALM TANSKSI JADI LAMABT, HARUS NUNGGU LAMPU HIJAU DULU",2025,bca,lampu biru sangt ganggu dalm tansksi lamabt nunggu lampu hijau,-1,negatif
bang dul,"NOTIF GAGAL TAPI CEK MUTASI TERKIRIM, SATTT BCA SAAATT!!!!",2025,bca,notif gagal cek mutasi kirim satt bca saatt,-1,negatif
Rizki Rizwansah,Ribet banget Login ulangnya terutama Di sesi Verifikasi Wajah Gagal Mulu Udah berapa kali juga -100 untuk IT BCA,2025,bca,ribet banget login ulang sesi verifikasi wajah gagal it bca,-2,negatif
Smartland Jinio,apa coba lagi urgent ga bisa di pake mana duit di rekening apk aneh koneksi udah bagus jga👎👎👎👎,2025,bca,coba urgent tidak bisa pakai uang rekening aplikasi aneh koneksi bagus jga,1,positif
Nabila Azhari,"selalu disuruh login verifikasi ulang katanya sim gak sesuai. giliran udah di verifikasi, saya matiin sim nya eh suruh login lagi. ribet banget, padahal dulu gk kayak gini. masalahnya nomor saya beda negara gimana dong solusinya biar gak login² terus",2025,bca,suruh login verifikasi ulang sim tidak sesuai gilir verifikasi matiin sim eh suruh login ribet banget tidak gin nomor beda negara solusi tidak login,-1,negatif
Andre Kosong,"gangguannya pagi"" banget kenapa gak malem"" aja",2025,bca,ganggu pagi banget tidak malem,-1,negatif
RAFI ZAHIRA ALFATHAH,"kuras pulsa doang, ujung2 pas login suruh ke atm. taikk",2025,bca,kuras pulsa ujung cocok login suruh atm taikk,0,netral
Panji Nursakti,sehabis di update malah selalu merah. kecewa.,2025,bca,habis update merah kecewa,-1,negatif
Rudy Sgp,kenapa tiap mau scan Qris slalu loading ga bisa di buka.. chace udh di clear tetep ga bisa...aneh,2025,bca,scan qris slalu loading tidak bisa buka chace clear tetep tidak bisaaneh,-1,negatif
Ikatan Zai,"transaksi melalui qris saldo ke potong di mutasi juga ada bukti, di inbox gak terdeteksi dan di tujuan penerima blm masuk transaksi pembayaran",2025,bca,transaksi qris saldo potong mutasi bukti inbox tidak deteksi tuju terima masuk transaksi bayar,0,netral
Asyila Asyila shofa naila,"lampu indikatornya selalu warna merah ga berubah"" jadi warna hijau walaupun dah saya instal ulang dan saya stel ulang tetap saja ga bisa berubah dgn lampu indikatornya tetp warna merah dan jadi mempersulit",2025,bca,lampu indikator warna merah tidak ubah warna hijau instal ulang stel ulang tidak bisa ubah lampu indikator tetp warna merah sulit,-1,negatif
Far Fals,"Bca makin lama makin Tidak nyaman di gunakan, Kalau eror gak ada pemberitahuan sama sekali harus nunggu 1-2 hari bari bisa di operasikan",2025,bca,bca lama tidak nyaman error tidak pemberitahuan nunggu bari bisa operasi,-1,negatif
Salsabila Nadia Rahma,setelah diupdate lemot bgt astaghfirullah😡😡,2025,bca,diupdate lama banget astaghfirullah,-1,negatif
Oja Jakarta,notifikasi tidak muncul apa harus k bank BCA lagi capek deh. misal ada yg kirim uang saya cek di mobile bca g ada satupun notifikasi uang masuk atau keluar,2025,bca,notifikasi tidak muncul k bank bca capek kirim uang cek mobile bca tidak satu notifikasi uang masuk,0,netral
Fikri Syamsiah,setiap pagi gangguan Mulu ga bisa TF VA atau cek saldo pun eror terus,2025,bca,pagi ganggu tidak bisa transfer va cek saldo error,-2,negatif
Falah channel,baru di updet malah gk jelas ..qeuris 2 kali gagal tapi saldo kepotong...sangat buruk.,2025,bca,update tidak qris gagal saldo kepotongsangat buruk,-2,negatif
Die Diez,bca semakin hari ganguan Mulu ga ga jelas,2025,bca,bca ganguan tidak tidak,0,netral
Sahabat Peduli,"Anjir sekarang minta otp susah banget, request siang. masuk kode otpnya malem. buang buang pulsa doang bangke !",2025,bca,anjing one time password susah banget request siang masuk kode otpnya malem buang buang pulsa bangkai,-1,negatif
Donny Adhitya,setelah di perbarui malah susah indikator jadi hijau,2025,bca,baru susah indikator hijau,-1,negatif
adrian bilma,ko saldo saya mengilang 20.000,2025,bca,saldo kilang,0,netral
Glavies EMO,"semenjak ganti hp kenapa selalu gagal login, padahal udh verifikasi sesuai yang di butuhkan",2025,bca,semenjak ganti handphone gagal login verifikasi sesuai butuh,-1,negatif
Sicaca 23,sering banget error indikator merah terus padahal jaringan bagus,2025,bca,banget error indikator merah jaring bagus,0,netral
rio prasetyo,"layanan finansial yang ribet, sangat dipersulit",2025,bca,layan finansial ribet sangat sulit,-2,negatif
santos fransaska,"lemot parah sudah berminggu2,padahal jaringan lancar bgt padahal masa transaksi harus pake kartu lagi?? tolong dong di perbaiki",2025,bca,lama parah minggu jaring lancar banget transaksi pakai kartu tolong baik,0,netral
Lan9n,tiba tiba aplikasi lemot pas mau bayar angsuran.,2025,bca,aplikasi lama cocok bayar angsur,-1,negatif
Muhamad Ganarung,kode otp udah 1 jam blm ada jaringan bagus pdhl,2025,bca,kode one time password jam jaring bagus,1,positif
Fx Officialmail,buka flaszzz forceclose,2025,bca,buka flaszz forceclose,0,netral
21. Daffa Ari Umbara,"gajelas banyak potong""an",2025,bca,tidak potong,0,netral
Saepul Anwar,"BCA MOBILE EMANG GA ADA OTAK NYA, PEMELIHARAAN SYSTEM TERUS, EMANG BCA MOBILE BAGIAN IT NYA AGAK TOLOL.",2025,bca,bca mobile tidak otak pelihara system bca mobile it tolol,0,netral
Andi Rusdi,eror terus,2025,bca,error,-1,negatif
Langit Mego,force close terus ini kenapa ya???,2025,bca,force close,-2,negatif
yayang Haryadi,"BCA bobrok sekali transaksi pembayaran gagal pengembalian 20hr kerja. TLP pengaduan hanya dapat nomer laporan, di luar Nurul sekelas BCA.",2025,bca,bca bobrok transaksi bayar gagal kembali hr kerja tlp adu nomer lapor nurul kelas bca,-1,negatif
Dandi Hardiansyah,lemot,2025,bca,lama,-1,negatif
Ayu Ayoona,"Jelek banget sih Apps nya, terlalu ribet",2025,bca,jelek banget apps ribet,-2,negatif
Gusti Iwan,update terus engga ada perubahan juga tetap sama,2025,bca,update engga ubah,0,netral
Maruli Natsir,"parah sering merah, pedahal sinyal penuh",2025,bca,parah merah pedahal sinyal penuh,-1,negatif
Nyambek Max,sering merah sinyal nya mbanking bca,2025,bca,merah sinyal mbanking bca,0,netral
Sadega Arshaka,KODE OTP SUSAH MASUK!!!!,2025,bca,kode one time password susah masuk,-1,negatif
Rendra Eka Destiansyah,top up Flazz gagal tapi saldo terpotong,2025,bca,top up flazz gagal saldo potong,0,netral
Sukry Hartama,jaringan harus stabil baru bisa di gunakan,2025,bca,jaring stabil bisa,1,positif
Muhammad Salman,"Sering banget maintenance sampe setengah malam, parah banget aplikasi nya. disaat orang butuh malah dibikin ribet",2025,bca,banget maintenance malam parah banget aplikasi saat orang butuh bikin ribet,-2,negatif
Andiy Hendrawan,"BURUK BANGET GAK JELAS, OTP NGABISIN PULSA !!!! LAMA BANGET BIKIN KESEL",2025,bca,buruk banget tidak one time password ngabisin pulsa lama banget kesel,-2,negatif
Alung Djogja,KENDALA LAGI QRIS SELALU BEGINI Dari tahun 2009 Bca tak pernah ada masalah tapi menginjak 2025 terjadi Qris eror dan dana kembali ke nasabah tdk sesuai ekspetasi dan harus berbelit2 utk kembalikan dana Nasabah dan Juga dari CS Hallo Bca yg tdk ramah kurang pengalaman atau mantan CS PINJOL mungkin di rekrut perusahan kalian..Ingat kalian sudah terpercaya jgn di tahun 2025 ini nasabah kehilangan kepercayaan pada kalian..saya jujur kecewa dengan kalian dan hilang kepercayaan,2025,bca,kendala qris bca injak qris error dana nasabah tidak sesuai ekspetasi belit kembali dana nasabah customer service hallo bca tidak ramah kurang alam mantan customer service pinjol rekrut usah kalianingat percaya nasabah hilang percaya kaliansaya jujur kecewa hilang percaya,-3,negatif
garda terdepan TNI,Jing tambah lemot n ribet.. aplikasi makin tolol,2025,bca,jing lama n ribet aplikasi tolol,-2,negatif
Jonatan Taruli,"ga jelass minta aktivasi tapi ga bisa""",2025,bca,tidak jelass aktivasi tidak bisa,0,netral
arkan boy,semenjak di update jadi lemot..lelet buka aplikasinya... gak cepet kayak dulu..satset..,2025,bca,semenjak update lemotlelet buka aplikasi tidak cepet dulusatset,0,netral
Retno Ayu,"kenapa lampu indikator nya berwarna merah terus ,tidak mau hijau sudah coba di refresh, sudah di restart hp sudah di update..🥲",2025,bca,lampu indikator warna merah tidak hijau coba refresh restart handphone update,0,netral
Fahri 1234,"transaksi qris status gagal tapi saldo kepotong,,gajelas emang,,seharus nya kalo gangguan itu ada pemberitahuan lah biar konsumen tau,,,sistem BCA sangat buruk!!!",2025,bca,transaksi qris status gagal saldo kepotonggajelas emangseharus ganggu pemberitahuan konsumen tausistem bca sangat buruk,-3,negatif
Dokur,lemot banget jelek,2025,bca,lama banget jelek,-2,negatif
Trauma Google,anjirlah proses nya susah bener buat bikin nih kartu,2025,bca,anjir proses susah kartu,-1,negatif
Siskaeee YT,gangguan hri ini bca,2025,bca,ganggu hri bca,-1,negatif
Putri Handayaningsih,terotomatis close,2025,bca,otomat close,-1,negatif
Wahyu Ardiyansyah,Aplikasi bosok,2025,bca,aplikasi bosok,0,netral
Fernando Arfan,"QRIS BCA lelet, frezzing mohon diperbaiki.",2025,bca,qris bca lelet frezzing mohon baik,1,positif
Puguh Eac,makin lemottt apk gak jls mbking nya,2025,bca,lemott aplikasi tidak jls mbking,0,netral
Opo Anane,29 September 25 pagi ini bca mobile lemot,2025,bca,september pagi bca mobile lama,-1,negatif
Umar Sauqi,"updet terakhir apk jadi lemot, tolong di perbaiki..",2025,bca,update aplikasi lama tolong baik,0,netral
Gcell Kartama,"kebiasaan kali sering gangguan pas malam minggu,udah gitu lampu indikator merahnya lama lgi anj,sebelum update aja dah mntp,gk usah di-update klw malah nambah masalah,mbankking dipakek cuma buat byr,ngirim scan brcode doang..gk usah diperberat atau nambah² inj itu jnck",2025,bca,biasa ganggu cocok malam mingguudah gitu lampu indikator merah lama lgi anjsebelum update mntpgk diupdate klw nambah masalahmbankking dipakek byrngirim scan brcode doanggk berat nambah inj jnck,-2,negatif
Miriefd,knp gampang ngelag ya ? notif ga masuk dan makin ngelag pdhl jaringan lancar,2025,bca,gampang ngelag notif tidak masuk ngelag jaring lancar,1,positif
Herman Juniar,"Tidak bisa masuk ke BCA Mobile, selalu ada bacaan perubahan limit Qris limit bayar, tolong di perbaiki",2025,bca,tidak bisa masuk bca mobile baca ubah limit qris limit bayar tolong baik,1,positif
Nandito Rizky Arian,ga jelas.. gua lagi butuh malah eror,2025,bca,tidak butuh error,-1,negatif
Didi Sadikin,apl gk kebuka mental terus,2025,bca,apl tidak buka mental,0,netral
Syahrru Rhomadlon,Longor. Kebanyakan maintenance. gak guna!,2025,bca,longor banyak maintenance tidak,0,netral
Eva Erawati,"aplikasi bego,susah transfer antar rekening, padahal lampu hijau tapi selalu loding dan gagal",2025,bca,aplikasi begosusah transfer rekening lampu hijau loding gagal,-1,negatif
Mas Matkur,qris gagal saldo kepotong ini bagaimana konsep nya,2025,bca,qris gagal saldo potong konsep,-1,negatif
Maysarah Chen,lelet x skrg appnya,2025,bca,lelet appnya,0,netral
Bang's Fakih,sangat mengecewakan tiap saya punya saldo selalu tersedot ntah itu 50Rp atau 20Rp dan tidak ada alasana kemana uang itu pergi,2025,bca,sangat kecewa saldo sedot ntah rp rp tidak alasana mana uang pergi,-1,negatif
Shandy Avryando,"mengecewakan nih BCA. transaksi transfer sudah terkirim, uang sudah berkurang uang malah gga masuk ke rekening tujuan. bikin malu aja. se umur hidup gue baru tau, uang udah di transfer cuma saldonya ga masuk ke orang. bikin ribut iya, jadi fitnah iya. kalo ada bintang 0 mah gue kasih 0 nih aplikasi. kacau .. kacau .. kacau.",2025,bca,kecewa bca transaksi transfer kirim uang kurang uang gga masuk rekening tuju malu umur hidup uang transfer saldo tidak masuk orang ribut iya fitnah iya bintang mah kasih aplikasi kacau kacau kacau,-1,negatif
Ady Riansyah24,kenapa tidak bisa di gunakan mbking??,2025,bca,tidak bisa mbking,0,netral
Andinaya Mulyana,susah banget verifikasi wajah nya.. sampai pegel tetap ga bisa buka mbca.. lebih baik di hilangkan verifikasi wajah nya,2025,bca,susah banget verifikasi wajah gel tidak bisa buka mobile bca hilang verifikasi wajah,-1,negatif
Aan Surya,"saldo gua hilang, transfer sudah bisa tp ga masuk , BCA knpa lagi si",2025,bca,saldo hilang transfer bisa tidak masuk bca knpa si,0,netral
Wulan Purnama,"bca lol. bank paling ribet. mau daftar rek online gk bisa. uda capek"" ujung ujung nya suruh ke kantor cabang",2025,bca,bca lol bank ribet daftar rekening online tidak bisa uda capek ujung ujung suruh kantor cabang,-1,negatif
Amjali _,top up dana duit gak masuk saldo kepotong parah..bank busuk dah 3 kali ni w top up dana gak masuk,2025,bca,top up dana uang tidak masuk saldo potong parahbank busuk w top up dana tidak masuk,2,positif
I Nyoman Suda,cs tidak memberikan solusi,2025,bca,customer service tidak solusi,0,netral
Muhammad Faisal rangga,makin kesini makin lemot aja !!,2025,bca,kesini lama,-1,negatif
Putri Mia,"tampilan aplikasi sangat jelek, dan membingungkan. harusnya bisa lebih bagus tampilannya agar memudahkan transaksi",2025,bca,tampil aplikasi sangat jelek bingung bisa bagus tampil mudah transaksi,0,netral
Arief_43,"sebelum upgrade transaksi qr lancar jaya tapi stlh upgrade transaksi qr server loading terus, restart aplikasi lagi skalinya bisa scan transaksi gagal lagi dan lagi ending pakai debet jg,,, payah",2025,bca,upgrade transaksi qr lancar jaya stlh upgrade transaksi qr server loading restart aplikasi skalinya bisa scan transaksi gagal ending pakai debet payah,-1,negatif
Aji Sukma,rudet nya minta ampun.,2025,bca,rudet ampun,0,netral
Gede Wirawan,tidak bisa membantu karena aplikasi susah di buka,2025,bca,tidak bisa bantu aplikasi susah buka,-1,negatif
Bagas Adin,"2x bayar qris eror, tapi saldo berkurang, mantap bca!",2025,bca,bayar qris error saldo kurang mantap bca,0,netral
Hafiss Ar,"makin kesini malah makin bnyk bug ,sewaktu lagi butuh malah eror",2025,bca,kesini bnyk bug butuh error,-1,negatif
Dendy wahYoutube,"Baru masuk aplikasi mau aktifin mbanking kode akses udah di isi -Persetujuan Selanjutnya menunggu Indikator warna hijau ,INI INDIKATOR NYA AJA GA ADA GIMANA MAU TAU IJO SAMA BIRU UDAH 6 KALI NYOBA GAGAL TERUS ‼️",2025,bca,masuk aplikasi aktifin mbanking kode akses isi tuju tunggu indikator warna hijau indikator tidak ijo biru nyoba gagal,-1,negatif
Deni Deni,knapa jaringannya merah terus.. pdhall wifi bgus .pke data juga tetep aja merah..,2025,bca,knapa jaring merah pdhall wifi bgus pakai data tetep merah,0,netral
septian Andrian saputra,"tiba tiba saldo kepotong, pas di cek mutasi ga bisa? kocak woi , galama download my bca cek mutasi ketahuan ada potongan ya jelas, tapi di bca mobile kaga ada riwayat mutasinya udah mulai jelek",2025,bca,saldo potong cocok cek mutasi tidak bisa kocak woi galama download my bca cek mutasi tahu potong bca mobile kaga riwayat mutasi jelek,-1,negatif
Ocang Idris,ga bisa masuk masuk sampe pulsa habiss emangg tolol,2025,bca,tidak bisa masuk masuk pulsa habiss emangg tolol,0,netral
Yunus Sukses,ganguan terus,2025,bca,ganguan,0,netral
Ryan Agustian,"dari pagi ngk bisa daftar alias masukin nomer kartu, berulang ulang, SMS konfirmasi, tidak jugaaaaa.. sangat jelek",2025,bca,pagi ngk bisa daftar alias masukin nomer kartu ulang ulang pesan konfirmasi tidak jugaa sangat jelek,-1,negatif
Ragel Ajg,tolol apl ngentod kirim sms buat login ga msuk2 bego,2025,bca,tolol apl ngentod kirim pesan login tidak msuk bego,0,netral
Muhamad Farikhin,sangat buruk m bengking nya,2025,bca,sangat buruk m bengking,-1,negatif
Ferdi Trio saputra,bca hari ini kenapa? mutasi error 205?,2025,bca,bca mutasi error,-1,negatif
Aqshal Rafael,"update2 biji lah, yg ada malah error gabisa trx",2025,bca,update biji error tidak bisa trx,-1,negatif
Fajar Saputra,Keterlaluan juga kalo gangguan lama betul org lagi ngantri belanja jadi batal gara2 gangguan,2025,bca,ganggu lama orang ngantri belanja batal gara ganggu,-3,negatif
Angga Wahyu,"aneh tidak bisa menerima sms verifikasi, pulsa ada 30rb gabisa terima sms",2025,bca,aneh tidak bisa terima pesan verifikasi pulsa ribu tidak bisa terima pesan,0,netral
Ade Nurhadi,"Aplikasi BCA mobile susah dibuka/log in, keterangan mohon menunggu terus, mohon perbaikkannya, soalnya aplikasi tidak biasanya seperti ini.",2025,bca,aplikasi bca mobile susah dibukalog in terang mohon tunggu mohon baik aplikasi tidak,0,netral
Wahyu Hidayat,"lemot, mau verifikasi sama ngirim kode ott aja lama banget, bahkan gak ke kirim-kirim juga",2025,bca,lama verifikasi ngirim kode ott lama banget tidak kirimkirim,-2,negatif
Indra Kenzz,kurang nyaman dengan cara verifikasinya sudah beberapa bulan harus verifikasi lagi. ribet harus pergi ke mesin ATM pula gak nyaman antrinya. stiap uang yang masuk gak ada notifikasinya,2025,bca,kurang nyaman verifikasi verifikasi ribet pergi mesin atm tidak nyaman antri stiap uang masuk tidak notifikasi,1,positif
1 X,"sekarang kok sering eror, tdk bisa liat saldo segala macem",2025,bca,error tidak bisa liat saldo macem,-1,negatif
AM Famz,Kok lemot susah buat cek info! aplikasinya kena bobol tah gimana sih padahal jaringan stabil tapi coba relog masih tetap sama lemot.,2025,bca,lama susah cek info aplikasi kena bobol tah jaring stabil coba relog lama,-2,negatif
heni santi,"saya sudah pakai aplikasi ini 3 tahun lancar² aja, tapi akhir² ini gak bisa buka pakai wifi",2025,bca,pakai aplikasi lancar tidak bisa buka pakai wifi,1,positif
Samsul Arifin,kalau tengah malam pelayanan nya di tingkat kan biar bisa cepat akses nya .....,2025,bca,malam layan tingkat bisa cepat akses,1,positif
Dayat Hidayat,"ini kenapa BCA mobile,lagi gangguan ya,masa ga bisa melakukan transaksi apapun,cek saldo aja ga bisa,tolong dong di perbaiki",2025,bca,bca mobilelagi ganggu yamasa tidak bisa transaksi apapuncek saldo tidak bisatolong baik,0,netral
Sri Sulastri,baru ngeh uang kepotong 11rban tanpa masuk mutasi di giliran ditanya cs nya blng uang pengendapan n segala macam... jd mulai sekarang harus cermat untuk uang di rekening itu yg ketahuan 11rban jd bnr2 takut n hilang percaya sama bca soal nya uang gaji suami masuknya ke rekening ku entah brp 11rb yg udah dipotong.,2025,bca,ngeh uang potong rban masuk mutasi gilir customer service blng uang endap n cermat uang rekening tahu rban bnr takut n hilang percaya bca uang gaji suami masuk rekening ku ribu potong,0,netral
Demit Vanjurig,malah jd lemot setelah update...transaksi jd lama terpaksa pindahin saldo ke dompet digital lain biar transaksi lancar,2025,bca,lama updatetransaksi lama paksa pindahin saldo dompet digital transaksi lancar,-1,negatif
Hesti Yuniza,"APLIKASI BANK TERBURUK YG PERNAH GUE PUNYA, MAU TF AJA SUSAH BANGET. BIKIN RIBET DISAAT BUTUH",2025,bca,aplikasi bank buruk transfer susah banget ribet saat butuh,-3,negatif
Yulianto Anto,tolong diperbaiki sulit untuk login ada apa dgn bca ini bank sekelas BCA kok makin kesini kok malah nyusahin,2025,bca,tolong baik sulit login bca bank kelas bca kesini nyusahin,0,netral
S.A putra,"kenapa harus malam minggu maintenen kan orang orang pada jalan2 hari libur unuk pembayaran acara dll, mana sering bener maintenen kudu beralih kayanya kebelah.",2025,bca,malam minggu maintenen orang orang jalan libur unuk bayar acara dll maintenen kudu alih kaya belah,0,netral
Hobbies,sering gangguan,2025,bca,ganggu,-1,negatif
aditya okky,sering sinyal merah padahal dibuat apa saja lancar!,2025,bca,sinyal merah lancar,1,positif
Arief Kurniawan,"Lha kok sekarang sering banget nyala merah terus, gak bisa diapa2kan. jangan bilang jaringan internet saya lambat atau HP saya error ya. yg bener aja, wong lancar buat streaming gini. Dan parahnya ini admin cuma nyalahkan pengguna karena jaringannya yg lemot. Woeee ngaca lah, ini semua pada protes dot merahnya yg lama nunggu hijau, bukan hanya saya.",2025,bca,lha banget nyala merah tidak bisa apa bilang jaring internet lambat handphone error lancar streaming gin parah nyalahkan guna jaring lama woee ngaca protes dot merah lama nunggu hijau,-4,negatif
Adietyan Wibowo,lemot,2025,bca,lama,-1,negatif
Wani Sablon,"semakin tidak TERPERCAYA, takutnya server BCA di bobol, masak setelah update sudah 3 hari tiap dini hari gak bisa di pakai error 200 cek saldo transfer tidak bisa,",2025,bca,tidak percaya takut server bca bobol masak update tidak bisa pakai error cek saldo transfer tidak bisa,-1,negatif
Jasmara Aditiyansah,iniii kenapa ya kok apk BCA gabisa di buka tolong dong yang bener,2025,bca,ini aplikasi bca tidak bisa buka tolong,0,netral
Angky Daniel,koneksi sering terputus. pulsa jadi habis gara2 koneksi terputus terus. jaringan saya bagus. buka apk bank lain lancar disini aja yang susah babi,2025,bca,koneksi putus pulsa habis gara koneksi putus jaring bagus buka aplikasi bank lancar susah babi,-1,negatif
Adi Kurniawan,kok transfer antar bank sering gagal yaa ... gagal koneksi Mulu .. sinyal ada dana masih banyak,2025,bca,transfer bank gagal gagal koneksi sinyal dana,-2,negatif
Shila Nurfatilah,"padahal user id dan pasword saya sudah benar tetapi tetap saja tidak bisa, disuruh masukin 16 digit kartu dan kirim sms tetap saja tidak bisa di pakai jadi buang buang pulsa aja, tolong di perbaiki lagi!!!!!",2025,bca,user id pasword tidak bisa suruh masukin digit kartu kirim pesan tidak bisa pakai buang buang pulsa tolong baik,1,positif
Andhika Perwira Sirait,setelah di update yg baru kok tiba2 tidak bisa menggunakan fiture Flazz dan tidak bisa qris.,2025,bca,update tidak bisa fiture flazz tidak bisa qris,0,netral
Eni Arifin,tiap ada tf masuk g ada notif,2025,bca,transfer masuk tidak notif,0,netral
BJB Bah jalan-jalan Bah !,qris gak bisa di pake !,2025,bca,qris tidak bisa pakai,0,netral
ENDRI KRISTIONO,"Admin kenapa transaksi jam 3 atau 4 sampai 5 pagi BCA virtual, Qris, dan transfer di aplikasi BCA mobile error...emang harus jam berapa.....terus sekarang tidak 24 jam....ini saya kasih bintang 1 dulu",2025,bca,transaksi jam pagi bca virtual qris transfer aplikasi bca mobile erroremang jam berapaterus tidak jamin kasih bintang,0,netral
Heru Hermawan,pelayanan lelet.buka rekening aja antri sampe 3 jam.pake video call lagi sok sibuk,2025,bca,layan leletbuka rekening antri jampake video call sok sibuk,0,netral
Bagus Fauzi,kenapa malah minta verifikasi ulang mulu si sekarang menyusahkan aja!,2025,bca,verifikasi ulang si susah,-1,negatif
Ardi Marduansyah1,saya ingin menanyakan untuk aplikasi BCA Mobile kenapa tidak bisa di gunakan nya ada kode 205 mohon di perjelas. terimakasih apabila membaik saya beri rating normal kembali. saya tidak merubah sama sekali sim-card,2025,bca,aplikasi bca mobile tidak bisa kode mohon jelas terimakasih baik rating normal tidak rubah simcard,1,positif
socer Ajal-ajal,"sering bgt login lampu merh trus,,gk bisa buat trnsaksi,,di samsung s24",2025,bca,banget login lampu merh trusgk bisa trnsaksidi samsung s,0,netral
Widi Putra Mahesa,Apa ini ko aplikasi di hp saya not respond mulu setelah update,2025,bca,aplikasi handphone not respond update,0,netral
sabar bagus,jaringan burik,2025,bca,jaring burik,0,netral
Megha Watanabe haruto,"dari tgl 21 sampe tgl 3 saldo gua kaga kunjung di balikin, belanja pake qris 5 kali transaksi yg berhasil cuma 1 yg ke potong tetep 5 buset.",2025,bca,tgl tgl saldo kaga kunjung balikin belanja pakai qris transaksi hasil potong tetep buset,0,netral
Noname,tidak ada notifikasi masuk saat dapat transfee,2025,bca,tidak notifikasi masuk transfee,0,netral
Rico Ferdian,sinyal bagus tapi tidak bisa di buka seperti cek saldo dsb,2025,bca,sinyal bagus tidak bisa buka cek saldo dsb,1,positif
Jemy Frasetyo,"bos gimana ini 4 hari lalu tef decline sekarang saya trf lewat qris decline lagi, gimana ?? saldo udah ke potong lagi , nunggu 4 hari lagi hadeuhhh ya Allah",2025,bca,bos tef decline trf qris decline saldo potong nunggu hadeuhh allah,0,netral
Denny sedthawut,"abis diupdate nunggu sinyal ijonya lama banget, tolong diperbaiki lagi",2025,bca,abis diupdate nunggu sinyal ijonya lama banget tolong baik,0,netral
dani El,apk gaje ribet,2025,bca,aplikasi gaje ribet,-1,negatif
Ayu Alya,ini saya di Sruh BNK nya download mbca pas di download harus nunggu balesan SMS kapan balesan nya di krmmmn bntr lg gajian tp ni apk GK ngebls SMS nya gmn sii sampe 2 minggu lebih berkali-kali SMS GK di bls dan syaa JD blm bisa aktivasi mbca payahhh bngt,2025,bca,sruh bnk download mobile bca cocok download nunggu balesan pesan balesan krmmn bntr gaji aplikasi tidak ngebls pesan gmn sii minggu berkalikali pesan tidak bls syaa bisa aktivasi mobile bca payahh banget,0,netral
Azizul Hadi,"pas di menu lampu hijau, waktu mau tekan ok untuk pembelian pulsa transaksi gagal lampu hijau mati",2025,bca,cocok menu lampu hijau tekan ok beli pulsa transaksi gagal lampu hijau mati,-1,negatif
Cleo Humaira,BCA JARINGANNYA BURUK BANGET MAU BUKA APLIKASI SINYAL UDH BAGUS TAPI MASIH BONCOS GA GUNA BANGET.,2025,bca,bca jaring buruk banget buka aplikasi sinyal bagus boncos tidak banget,0,netral
Widodo Adi Prasetyo,"saat butuh penting ada saja troublenya, koneksi merah, gak bisa di buka. padahal harus transfer saat ini juga",2025,bca,butuh troublenya koneksi merah tidak bisa buka transfer,0,netral
Heri Kivlan,ganguan mulu klo larut malam ...... gimana org TF klo ganguan muluuuuuu,2025,bca,ganguan larut malam orang transfer ganguan muluu,0,netral
Mas Ken,"pagi pagi udah eror, banyak transaksi yg ketunda jadinya",2025,bca,pagi pagi error transaksi tunda,-1,negatif
Lettho Prakoso,"pepek gabisa verifikasi udh habis 35 rebu buat verif tpi gadi kasih"" anjim",2025,bca,pepek tidak bisa verifikasi habis rebu verif gadi kasih anjim,0,netral
Desi damayanti Desi,aplikasi lebih buruk dari sampah,2025,bca,aplikasi buruk sampah,-1,negatif
nyamath 09,"tolong dong qrisnya dibenerin lagi, masak qrish gagal saldo kepotong, dan saldo sampai saat ini pun gk balik,",2025,bca,tolong qrisnya dibenerin masak qrish gagal saldo potong saldo tidak,-1,negatif
Muhammad Ridho,bca saya ga ada notifikasi nya itu kenapa ya? padahal belum ada sebulan,2025,bca,bca tidak notifikasi bulan,0,netral
Ramli Ardi Yahya,sekarang mbca lemot dan lelet ditambah lampu kuningnya susah dan hilang hilangan. padahal hp sudah mendukung dan sinyal jga bagus.,2025,bca,mobile bca lama lelet tambah lampu kuning susah hilang hilang handphone dukung sinyal jga bagus,-1,negatif
Irhas Nurfajri,⭐0 tidak Worthit sama sekali,2025,bca,tidak worthit,0,netral
Intan Ariyani,"SETIAP MAU VERIFIKASI PASTI AJA SUSAH, SAMPE HABIS PULSA 50K 👎",2025,bca,verifikasi susah habis pulsa k,-1,negatif
Fikky cukil cukil,"parah sihh kenapa transfer sesama BCA ko ga ada notifikasi transferan,kecawa banget dengan versi terbaru dari BCA MOBILE",2025,bca,parah sihh transfer bca tidak notifikasi transferankecawa banget versi baru bca mobile,-1,negatif
Mas Fan23,"saya merasa di rugikan oleh pihak BCA, atas lambat nya proses laporan saya, uang saya nyangkut Rp.205.000, bukti transaksi saya ada jelas, tpi pihak BCA hanya suruh saya menunggu, saya butuh dana itu buat biaya saya kerja dan sehari hari, apakah pihak BCA mengerti dengan keadaan costumer nya ?, apakah mau bertanggung jawab atas kerugian yg saya terima?, saya harus menunggu sampai tanggal 11/11/2025, kejadian 16/10/2025",2025,bca,rugi bca lambat proses lapor uang nyangkut rp bukti transaksi bca suruh tunggu butuh dana biaya kerja hari bca erti costumer tanggung rugi terima tunggu tanggal jadi,-1,negatif
Pipin Darman,aplikasi nya sekarang merah terus indikator ny .lemah ini aplikasi,2025,bca,aplikasi merah indikator ny lemah aplikasi,0,netral
risa hati,"plis lah min perbaiki lagi kenapa harus sesering munkin minta di registrasi kita kan keluar kadang suka gabawa kartu atm sama ktp, kebiasaan bca kudu bngt sering registrasi jdi susah ribet harus pake pulsa lgi duh ribet deeh, perbaiki lgi deh mendingan",2025,bca,tolong baik sering munkin registrasi kadang suka gabawa kartu atm ktp biasa bca kudu banget registrasi susah ribet pakai pulsa lgi duh ribet deeh baik lgi mending,0,netral
wddagus,"versi 4.7.6 jadi lebih lemot, HP baru aja di restart masih juga lama nunggu dari merah biru palagi hijaunya, tolong bagusin lah masak level bca kayak gini",2025,bca,versi lama handphone restart lama nunggu merah biru palagi hijau tolong bagusin masak level bca gin,-2,negatif
Putut Setiyawan,diUpdate malahan sinyal merah teruss.... jdi susah bwat transaksi.... Parah,2025,bca,diupdate sinyal merah teruss susah bwat transaksi parah,-2,negatif
Ella azzahra,"cuma pindah hp aja susah banget sekarang. udah verifikasi KTP sama wajah sukses, tinggal kirim kode otp smp 5 hari kodenya gk masuk2 udah di ulang beberapa kali tetep gk masuk SMS kode otpnya, pdahal saya terima SMS dari nomor lain bisa.",2025,bca,pindah handphone susah banget verifikasi ktp wajah sukses tinggal kirim kode one time password smp kode tidak masuk ulang tetep tidak masuk pesan kode otpnya pdahal terima pesan nomor bisa,-1,negatif
Ardi Shefa,sering Loading alias lola,2025,bca,loading alias lola,-1,negatif
nabil zimah,tambah lama tambah lemot aja,2025,bca,lama lama,-2,negatif
Michael Hari,"kenapa setelah update versi terbaru semua transaksi apalagi cek saldo aja lama nya astaghfirullah, padahal sinyal bagus",2025,bca,update versi baru transaksi cek saldo lama astaghfirullah sinyal bagus,0,netral
Fincen Lado,kenapa tanda merah trus ini ga bisaa transaksi,2025,bca,tanda merah tidak bisaa transaksi,0,netral
Maulana Fajarf,ini indikator berwarna merah trus ga hijau saya ga bisa transaksi,2025,bca,indikator warna merah tidak hijau tidak bisa transaksi,0,netral
Henu Mahesa,lemottttt gabisa sat set di update tambah parah !!!,2025,bca,lemott tidak bisa sat set update parah,-1,negatif
m mursanjaya,habis update malah sinyal merah terus,2025,bca,habis update sinyal merah,0,netral
rendy jullian_,entah kenapa tiba tiba gabisa buka rekening udah masukin no kartunya tetep gabisa buang buang kuota,2025,bca,tidak bisa buka rekening masukin no kartu tetep tidak bisa buang buang kuota,0,netral
Sabina Azzhra,ini BCA knp lagi ko g bisa buat make wifi ?knp hrs make data si udh enk enk make wifi tolong la BCA jangan di persulit 😭🥹,2025,bca,bca tidak bisa make wifi hrs make data si enk enk make wifi tolong la bca sulit,-1,negatif
Suma Binrana,ini gmna ya setela updat ko mau isi flazz mati trus jadi kluar aplikasi..gk beres ini,2025,bca,gmna setela updat isi flazz mati kluar aplikasigk beres,0,netral
Opick46 RMA,"paling nyusahin mbankingnya, nomor hangus daftar nomor baru ribet, ganti hp ribet hrus registrasi ulang, mana gagal terus. layanan online jawabannya tidak bisa memuaskan",2025,bca,nyusahin mbankingnya nomor hangus daftar nomor ribet ganti handphone ribet hrus registrasi ulang gagal layan online jawab tidak bisa muas,-3,negatif
Nezuko Chan,"uang ku selalu kepotong 10k pdhl cuma masukin uang ke bank sendiri, bukan TF ke rekening lain, udah kepotong bulanan 14k ini kepotong jg 10k. Kan lumayan 10 buat beli seblak, tolong klo bisa di balikin uangnya hehe",2025,bca,uang ku potong k masukin uang bank transfer rekening potong bulan k potong k lumayan beli seblak tolong bisa balikin uang hehe,0,netral
Arum Novianti,Maaf BCA sebelum diupdate aplikasi aman aja. Lancar. Tapi setelah diupdate perfomanya malah makin lemot.,2025,bca,maaf bca diupdate aplikasi aman lancar diupdate perfomanya lama,1,positif
Yuni Yati,mau masuk aja verifikasi muka kaga bisa bisa gmna ini apk nya BCA jadi jelek,2025,bca,masuk verifikasi muka kaga bisa bisa gmna aplikasi bca jelek,-1,negatif
M. Paul A (Paul),"Bank ga jelas tiba-tiba saldo terpotong 40 ribu, belum waktunya potongan admin bulanan sudah main sikat aja 40 ribu, mana ga ada keterangan terpotong nya di mutasi rekening. Padahal bulan kemarin sudah terpotong admin bulanan di tgl 16 Oktober. Makin kesini sistem potongan adminnya tak transparan seperti dulu BCA ternyata ya, Kecewa! Balikin 40 ribunya weeh, main potong"" bae lu",2025,bca,bank tidak tibatiba saldo potong ribu potong bulan main sikat ribu tidak terang potong mutasi rekening kemarin potong bulan tgl oktober kesini sistem potong adminnya transparan bca kecewa balikin ribu weeh main potong bae,-1,negatif
Anisa Yah,sya blok aja mobile BCA ini masa duit sya suka hilang GK mau pke LG sya,2025,bca,sya blok mobile bca uang sya suka hilang tidak pakai sya,1,positif
As Asss,di saat penting malah sering merah..harus nunggu ijo baru bisa dipake...kacauu,2025,bca,merahharus nunggu ijo bisa dipakekacauu,0,netral
Hanif Rifai,sinyal merah trs bikin repot,2025,bca,sinyal merah repot,-1,negatif
aris ita,jadi lemot banget,2025,bca,lama banget,-1,negatif
ali fahrudin,saya sedang di luar negri ..dan ganti device ..apakah tidak bisa verifikasi melalui whatsapp?,2025,bca,negri ganti device tidak bisa verifikasi whatsapp,0,netral
Khalisa,"kenapa mau transfer selalu gagal,? padahal sudah pembaruan.",2025,bca,transfer gagal baru,-1,negatif
Diningsih Fitriyani,"ngabisin pulsa gue doang aktivasi m-banking pergantian nomor baru,abis pulsa udah 20rb masih gagal aja",2025,bca,ngabisin pulsa aktivasi mbanking ganti nomor baruabis pulsa ribu gagal,-1,negatif
Reza Ramadhan,"sekarang m-BCA lemot banget, merah terus sinyal nya. saya ada 2 hape dengan 2 rekening yang berbeda lemot semua m-BCA nya",2025,bca,mobile bca lama banget merah sinyal hape rekening beda lama mobile bca,-2,negatif
Irsya Maulana,ini kenapa BCA blue kena potongan 20k habis itu kena lagi 5k? katanya adminnya 14k,2025,bca,bca blue kena potong k habis kena k adminnya k,0,netral
Jli Nsx,"Makin ngga jelas nih aplikasi bca. Udah sekian lama download dihp, baru hari ini minta uninstall alasannya aplikasi tdk resmi, begitu didownload ulang malah ngga bisa login, tidak ada internet apa sih... sy mau transaksi malah kepending. Apa lagi sih yg diupdate² pakai vermuk aja udah cukup aman. Makin ribet deh!!",2025,bca,tidak aplikasi bca sekian lama download dihp uninstall alas aplikasi tidak resmi didownload ulang tidak bisa login tidak internet transaksi pending diupdate pakai verifikasi muka aman ribet,-1,negatif
PUTRI AMALIA,"GAKBISA DI BUKAA TIBA TIBA, DUIT GUE ARGH",2025,bca,gakbisa bukaa uang argh,0,netral
Mario Sambeka,Kenapa jadi lambat sekali? jadi menghambat pas mau transaksi,2025,bca,lambat hambat cocok transaksi,-1,negatif
moh soleh,tiba Tiba Keluar Terus GK Bisa Login Lagi Susah Buat Login,2025,bca,tidak bisa login susah login,-1,negatif
MUHAMAD RIDWAN,"habis update bukannya nambah bagus malah makin busuk. lampu indikator kelamaan merah padahal sinyal stabil, buka mbanking loadingnya jadi lama padahal hp spek geming, payah. tolong lebih diperhatikan lagi update-annya ya🥰",2025,bca,habis update nambah bagus busuk lampu indikator merah sinyal stabil buka mbanking loadingnya lama handphone spek geming payah tolong perhati updateannya,1,positif
Amedia Official,setelah update malah zonk. cek saldo gabisa. semua gabisa. koneksi bagus.,2025,bca,update zonk cek saldo tidak bisa tidak bisa koneksi bagus,1,positif
gian Budi,"kenapa harus ada lampu indikator sih , bikin proses lama , semua harus serba cepat kalah sama ewallet",2025,bca,lampu indikator proses lama serba cepat kalah ewallet,0,netral
Jaelani Shidiq,"di update bukannya tambah lancar dan bagus ini mala lemot gimana sih padahal sinyal bagus tapi merah trus , tolong lah di perbaiki lagi biar lancar dan gak lemot",2025,bca,update lancar bagus mala lama sinyal bagus merah tolong baik lancar tidak lama,3,positif
Yustin Mudayan,sayang g bisa digunakan m bca gbisa dipake q butuh transfer buat isi paketan 😡😡😡 diperbaiki m bca,2025,bca,sayang tidak bisa m bca gbisa dipake q butuh transfer isi paket baik m bca,1,positif
Hendar,apa sih loading truss peq,2025,bca,loading truss peq,-1,negatif
Nurul Ummi123,"udah masukin id yg bener tetep salah teros, malah ke blokir",2025,bca,masukin id tetep salah ros blokir,0,netral
Riyan Rustandi,setelah update merah terus susah hijau padahal jaringan bagus,2025,bca,update merah susah hijau jaring bagus,0,netral
ang gris,"semakin kesini semakin GK tau knp... sering lemot untuk TF/bayar QRIS harus ngulang... harus nya aplikasi bikin CPT malah bikin lambat, belum lagi terkesan makan memory gede bgt, sy sudah korbankan bbrp aplikasi hanya untuk aplikasi BCA mobile, tolong di perbaiki LG jika lebih ringan dan lebih mudah saya ganti bintang 5",2025,bca,kesini tidak lama tfbayar qris ngulang aplikasi cpt lambat kes makan memory gede banget korban bbrp aplikasi aplikasi bca mobile tolong baik ringan mudah ganti bintang,0,netral
bg put,setelah update makin lemot susah bat mau transaksi. parah parah,2025,bca,update lama susah bat transaksi parah parah,-4,negatif
Ahmad Sutrisno,"lebih baik dri versi sebelumnya, starupnya lama...kadang lebih sering indikator biru padahal jaringan ok",2025,bca,dri versi starupnya lamakadang indikator biru jaring ok,0,netral
Taris Rider,sering error terutama pagi jam sibuk.. Senin 29 September kejadian LG... padahal hari sibuk malah error.,2025,bca,error pagi jam sibuk senin september jadi sibuk error,-2,negatif
Roni,"kecewa tiba² saldo 0,padahal baru di isi,500rb eh tiba² 0, riwayat transaksi pun gada bekasnya!",2025,bca,kecewa saldo isi ribu eh riwayat transaksi gada bekas,-1,negatif
Agus Jasa Penyeberangan,jika ada indikasi no rekening bermasalah...di bekukan at ada pemberitauan...sdh 5 hr dr uang mask tiba tiba saldo terpotong di hbg 1500888 alasan dr pihak bank bca no pengirim bermasalah. pertanyaan nya klu no rekening pengirim bermasalah kenapa bisa melakukan aktivitas tdk di bekukan. ini merugikan sy sbgai pedagang online. klu sy tanya ke pembeli apakah rekening bermasalah tentu sy g ada pembeli. minimal ada pemberitauan. ini di tanyakan uang untk apa...? saya hanya pencari receh,2025,bca,indikasi no rekening bermasalahdi beku at pemberitauansdh hr uang mask saldo potong hbg alas bank bca no kirim masalah no rekening kirim masalah bisa aktivitas tidak beku rugi sbgai dagang online beli rekening masalah tidak beli minimal pemberitauan uang untk cari receh,-3,negatif
Yuni Rhmwt,jangan dipersulit dong masa gabisa log in pake wifi.. smntra sehari2 dirumah pake wifi.. permudah aja transaksinya ky kmrin lagi,2025,bca,sulit tidak bisa log in pakai wifi smntra hari rumah pakai wifi mudah transaksi ky kmrin,0,netral
Buddy Juniawan,update sekrang kok agak lemot ya indikator matot padah jarungan kita stabil tolong di update lagi ini ?,2025,bca,update sekrang lama indikator matot padah jarungan stabil tolong update,0,netral
Achmad Anas,"di suruh registrasi ulang, pulsa 50 ribu raib",2025,bca,suruh registrasi ulang pulsa ribu raib,0,netral
mugni RM,"setelah di update aplikasi makin buruk nunggu jaringan stabil sampe 1 menitan, mau cardless aja hrs bolak- balik aplikasi sampe 3x karena sending kodenya lama dan merah mulu, padahal yang di belakang ngantri,gimana si bukannya makin membaik malah makin buruk, kembalikan aja ke versi yg lama",2025,bca,update aplikasi buruk nunggu jaring stabil menit cardless hrs bolak aplikasi sending kode lama merah ngantrigimana si baik buruk kembali versi lama,-2,negatif
bena 1,top up flazz saldo saldo dari rekening keluar 2x tapi yg masuk hanya satu kali komplain juga susah harusnya kalau memang tidak masuk secara otomatis refund otomatis.. sebab di saldo berkurang di flazz gx masuk,2025,bca,top up flazz saldo saldo rekening masuk komplain susah tidak masuk otomatis refund otomatis saldo kurang flazz gx masuk,0,netral
Hanafi Yourbe,verifikasi gagal muluuu,2025,bca,verifikasi gagal muluu,-1,negatif
Simon Gesia,sering trobel selalu maintenan🤦🤦🤦,2025,bca,trobel maintenan,0,netral
andre 25,ini kenpa susah banget lampu ijo nya dri tdy,2025,bca,kenpa susah banget lampu ijo dri tdy,-1,negatif
Arief Kurniawan,knapa ya.. bca ga sprti dulu.. jaringan intenet bca buruk sgt buruk.. dahulu bagus.. ga pernah troble.. kpi intenet dulu 100% bgus jaringan bca. knapa krg buruk ya.. mau login bisa tapi transaksi gagal saldo kepotong. cek ke plafon qrs yg dibayar ktnya ditolak... mgkn saya sudah hrs leave bca klo kya gini terus...,2025,bca,knapa bca tidak sprti jaring intenet bca buruk sgt buruk bagus tidak troble kpi intenet bgus jaring bca knapa krg buruk login bisa transaksi gagal saldo potong cek plafon qrs bayar ktnya tolak mgkn hrs leave bca kya gin,-3,negatif
Diky Bae,semenjak di update² terus jadi tambah lelet .,2025,bca,semenjak update lelet,0,netral
Aris Yanto,habis d update kenapa malah gak bisa isi e toll ya... sekarang banyak pengeluaran yg keluar padahal GK merasa kirim. ada biaya admin 20.000..40.000 itu biaya admin apa....coba... di mutasi tulisan biaya admin.....,2025,bca,habis update tidak bisa isi e toll keluar tidak kirim biaya biaya apacoba mutasi tulis biaya,0,netral
Rosmanto 23,ini kenapa kadang error ya di buka.,2025,bca,kadang error buka,-1,negatif
Jaky Demonk,"apk error, mau bikin rekening aja susah banget,disuruh ngirim sms udah dikirim gk direspon,atau tujuannya apa gk jelas.syarat² nya gk disebutin dengan jelas dan kompleks,harusnya bisa nyontoh e-wallet dsb,ckup 1 apk bisa ngurus kesana kemari.",2025,bca,aplikasi error rekening susah bangetdisuruh ngirim pesan kirim tidak diresponatau tuju tidak jelassyarat tidak disebutin kompleksharusnya bisa nyontoh ewallet dsbckup aplikasi bisa ngurus kesana kemari,-2,negatif
Andi Husain,kpd yth BCA mobile tlng jng persulit saat login dengan memasukan kode akses yang sudah benar tapi dianggap salah dan login dengan sim card yang sudah benar knp hrs memasukan no kartu bca lg.coba yang mudah agar nasabah tidak susah dengan menggunakan pelayanan BCA.mksh,2025,bca,kpd yth bca mobile tlng jng sulit login pasu kode akses anggap salah login sim card hrs pasu no kartu bca lgcoba mudah nasabah tidak susah layan bcamksh,-1,negatif
Eli Ratnasari,Kenapa sekarang kirim kode Otp nya lama banget ya,2025,bca,kirim kode one time password lama banget,-1,negatif
Kadrodin Didik,kata sandi benar kok salah sampai 3x jadi kena blokir dah kata sandi salah apa sengaja di blokir,2025,bca,sandi salah kena blokir sandi salah sengaja blokir,0,netral
Nurul Nur Ajis,"udah hampir satu bulan ga bisa masuk- masuk atu log in alasan nya 232 Sementara transaksi tidak dapat diproses, silakan ulangi beberapa saat lagi. gimana si ini BCA",2025,bca,tidak bisa masuk masuk atu log in alas transaksi tidak proses sila ulang si bca,0,netral
Rozali Ahsan,susah amat di uninstall BCA mobile ini. padahal SDH dibawah server internet. lain nya Aman aja padahal,2025,bca,susah uninstall bca mobile bawah server internet aman,0,netral
pnjihrlmbng,"gangguan mulu dah, heran, lagi pas penting mau bayar segala macem tiba tiba gangguan, mana keluar ga pernah bawa cash lagi",2025,bca,ganggu heran cocok bayar macem ganggu tidak bawa cash,-2,negatif
Unziq Chanel,"sekarng aplikasi kok malah kurang nyaman dipakai, setiap login lama menunggu baru BS dibuka... tolong dong dii perbaiki lagi..",2025,bca,sekarng aplikasi kurang nyaman pakai login lama tunggu bs buka tolong dii baik,1,positif
Arie Ajja,ga bs log in.. habis kirim sms buat log in... trs nitif verifikasi muter2 mlu lala loading ujung2 nya ggal..,2025,bca,tidak bs log in habis kirim pesan log in nitif verifikasi muter mlu lala loading ujung ggal,-1,negatif
Jtrans 88,"kenapa sll susah untuk cek inbox transaksi padahal jaringan ok,lampu hijau tp sll keluar terus dari apk ???",2025,bca,sll susah cek inbox transaksi jaring oklampu hijau sll aplikasi,-1,negatif
flip flop apparel,"kode otp nya knp ga masuk² ya,plsa ada jaringan bgus tp ga ada msk sma skli.mohon perbaikan'a",2025,bca,kode one time password tidak masuk yaplsa jaring bgus tidak msk sklimohon perbaikana,0,netral
agil ramdani,"ini kok susah banget buat login, padahal kartu aktif & pulsa pun ada. udah 2 hari kek gini",2025,bca,susah banget login kartu aktif pulsa kek gin,-1,negatif
Antok Winarko,kenapa jadi lemot ya setelah di update? padahal udah hapus chace juga. jaringan aman aman aja. tolong dong di perbaiki lagi. maunya transaksi cepat malah nunggu-nya lama,2025,bca,lama update hapus chace jaring aman aman tolong baik mau transaksi cepat nunggunya lama,2,positif
Penumpas Keangkuhan,indikator warna yg mengganggu sinyal ga cocok dikit gabisa dibuat apa² apknya,2025,bca,indikator warna ganggu sinyal tidak cocok dikit tidak bisa apknya,-1,negatif
ARIF Solikin,di update terbaru malahan lemot apk nya,2025,bca,update baru lama aplikasi,-1,negatif
Anis Rahma,"setelah di update jadi sangat lambat aplikasinya, untuk transaksi juga lama nunggu lampu ijonya padahal data dan jaringan bagus",2025,bca,update sangat lambat aplikasi transaksi lama nunggu lampu ijonya data jaring bagus,-1,negatif
gers roses,buruk,2025,bca,buruk,-1,negatif
Bysma bin sugiri,"kemarin2 kendala force close mulu stelah hapus total trus install ulang skrng kendalanya indikatornya merah mulu, mau nyalahin koneksi internet saya kan pasti?saya buka apk lain lancar ko bhkan saya bisa ngasih rating inikan jga pake internet, dan saya coba buka 2 mbanking yg berbeda juga bisa, emang BCA doang nyusahin.",2025,bca,kemarin kendala force close stelah hapus total install ulang skrng kendala indikator merah nyalahin koneksi internet pastisaya buka aplikasi lancar bhkan bisa ngasih rating ini jga pakai internet coba buka mbanking beda bisa bca nyusahin,-3,negatif
Agvs Ira,nunggu lampu indikator merah ke hijau lama banget... pdahal jaringan 5G,2025,bca,nunggu lampu indikator merah hijau lama banget pdahal jaring tidak,-1,negatif
Dimas Bayu,Saya kurang setuju untuk fitur mutasi rekeningnya hanya bisa di download max dlm 1 bulan itupun min 7 hari. mohon bisa lebih di perpanjang akar kami bisa melihat record transakasi jauh sebelumnya tanpa harus ke bank. tks,2025,bca,kurang tuju fitur mutasi rekening bisa download max dlm itu mohon bisa panjang akar bisa record transakasi bank tks,0,netral
Suka JaJan,"topup ewalet dana saldo kepotong,tapi gk terkirim,gimanq sih ni bank,saldo ke potong tapi uang nya gak terkirim,",2025,bca,topup ewalet dana saldo kepotongtapi tidak terkirimgimanq banksaldo potong uang tidak kirim,0,netral
Alifa Ayudia,ini dipakai sama mamah ku atau ayah ku,2025,bca,pakai mamah ku ayah ku,0,netral
banu setyo,Lemot kali sekarang. Mana nunggu ijo lama kali. Sinyal aman setelah update bukan makin oke kok agak malahan. tolong lah diperbaiki jangan bikin kecewa!,2025,bca,lama nunggu ijo lama sinyal aman update oke tolong baik kecewa,-1,negatif
Java Stores,"Makin kesini harusnya semakin bagus ,ehh malah Semakin lemoot saja",2025,bca,kesini bagus ehh lemoot,1,positif
Indra Gheje,"untuk Bank BCA , di sarankan hr ini tgl.16/11/25 untuk pemeliharan sistem max 1jam,klo 5jam itu terlalu lama,maaf org tidak semua operasional di siang hari,ada juga yg dari malam sampai pagi..terimKasih",2025,bca,bank bca saran hr tgl pemeliharan sistem max jamklo jam lamamaaf orang tidak operasional siang hariada malam pagiterimkasih,0,netral
firdaus arsyad,"saya tidak bisa mengakses halaman gebyar bca selalu ada notifikasi koneksi terputus ini terjadi sejak 2 bulan belakangan ini,sudah coba uninstall lalu install kembali dan sdh coba hapus cache dsb tapi masalah tdk tuntas tetap saja tdk berubah",2025,bca,tidak bisa akses halaman gebyar bca notifikasi koneksi putus inisudah coba uninstall install coba hapus cache dsb tidak tuntas tidak ubah,-1,negatif
Moh.Awnul Aliem,"indikator lampu yg di pojok kanan atas selalu merah, padahal signal normal normal saja.",2025,bca,indikator lampu pojok kanan merah signal normal normal,0,netral
Anggraeni Putri,lemot banget najis,2025,bca,lama banget najis,-1,negatif
Hadi Armiko,"mbanking saya kalau pakai wifi kok gk bisa terkoneksi, kalau pakai data bisa, padahal pengaturan penggunakan data, data dan wifi sudah nyalah semua.",2025,bca,mbanking pakai wifi tidak bisa koneksi pakai data bisa atur guna data data wifi nyalah,0,netral
Lintang Pertiwi,padahal dulu paling enak pake mbangking bca. tapi sekarang setiap ganti hp haru download lagi harus verifikasi wajah ke CS sangat merepotkan beda bgt sama m**d**i cuman verifikasi otp sama email selesai. kecewaaaaaaaaa,2025,bca,enak pakai mbangking bca ganti handphone download verifikasi wajah customer service sangat repot beda banget mdi cuman verifikasi one time password email selesai kecewaa,-1,negatif
Bang day84,"aplikasi biruk,, sudah bertahun tahun menggunakan ini makin kesini makin eror. susah dibuka indikator merah terus. sudah hapus aplikasi download kembali tetep aja error",2025,bca,aplikasi biruk tahun kesini error susah buka indikator merah hapus aplikasi download tetep error,-3,negatif
Dimas Marcello,sering eror,2025,bca,error,-1,negatif
Neko Chan,"tolong lah bca, gila kali ya mo transaksi qris aja lamaaaaaa!!!!!",2025,bca,tolong bca gila mo transaksi qris lamaa,0,netral
Dim Tzy,ini knp dahh abis update malah ga bisa login,2025,bca,dahh abis update tidak bisa login,0,netral
Mahendra Husni,kenapa setelah apdate aplikask jadi lelet,2025,bca,apdate aplikask lelet,0,netral
kempoe reddevil,habis di perbaharui malah tambah berat,2025,bca,habis baharu berat,0,netral
firdaus syamsul Arifin,tidak bisa transaksi klau pake wifi,2025,bca,tidak bisa transaksi klau pakai wifi,0,netral
Juventus Station,Ko sekarang lampunya susah hijau,2025,bca,lampu susah hijau,-1,negatif
Anggara Lapachi,harusnya kayak bank lain gak usah ada lampu indikatornya...lampu sudah hijau di pencet jadi biru sending terus....habis itu gagal.....gitu terus...,2025,bca,bank tidak lampu indikatornyalampu hijau pencet biru sending terushabis gagalgitu,0,netral
Sagala Bisa,kok malah jadi lemot ya mbanking ini setelah saya update,2025,bca,lama mbanking update,-1,negatif
Reza Nuary,ini lagi ada gangguan kah...aplikasi error dari subuh ga ada informasi,2025,bca,ganggu kahaplikasi error subuh tidak informasi,-2,negatif
Rafly Fasha Azikri,"sering keluar harus verifikasi lagi terus, lumayan ribet kalo harus verifikasi lagi tolong d perbaiki masalah seperti ini",2025,bca,verifikasi lumayan ribet verifikasi tolong baik,0,netral
Adi Chandra,"ini BCA mobile tambah parah aja,,jadi susah buka QRIS nya",2025,bca,bca mobile parah ajajadi susah buka qris,-2,negatif
gun gun gunawan,ini MBangking ko merah terus tanda lampunya gak pernah hijau,2025,bca,mbangking merah tanda lampu tidak hijau,0,netral
Agus Soemarsono,"di app yg lain normal.,yg bca mobile knp signalnya susah.mau transfer jadi susah.hrs pake wifi.jadi repot",2025,bca,aplikasi normalyg bca mobile signalnya susahmau transfer susahhrs pakai wifijadi repot,-1,negatif
Echa Acha,byk updatean trs jd ribet g bisa buat transfer,2025,bca,byk updatean ribet tidak bisa transfer,-1,negatif
Ari Daryanto46,"kenapa setelah update apk makin lemot ajh, ini BCA mencewakan padahal ini bank swasta kok gini mau pada pindah ke BUMN kah?",2025,bca,update aplikasi lama ajh bca mencewakan bank swasta gin pindah bumn kah,-1,negatif
EDI DWI SURYANTO,"km kenapa sih akhir² ini kek siput, lemot bgt 😭",2025,bca,kek siput lama banget,-1,negatif
Virgiawan Listanto,"masih bagusan versi sebelum nya, abis updeat terbaru malah terkesan ngelag, berat, lemot .",2025,bca,bagus versi abis updeat baru kes ngelag berat lama,0,netral
Anggi Dvn collagen beauty,Tolong lah internet bagus cek saldo beberpa saat mulu gimnaa sihhhhh,2025,bca,tolong internet bagus cek saldo beberpa gimnaa sihh,1,positif
Irma Yunita,"OTP ga masuk2. Malah ngabisin pulsa doang,payah",2025,bca,one time password tidak masuk ngabisin pulsa doangpayah,0,netral
Ari Himawan,"nyesel banget diupdate, sinyal jadi gak stabil",2025,bca,nyesel banget diupdate sinyal tidak stabil,1,positif
Yeni Yen's,ko lampu nya merah terus ..sedikit sedikit merah ...makin sini makin jelek ..padahal jaringan bagus,2025,bca,lampu merah merah jelek jaring bagus,0,netral
Muhaamad Paisal,ini ko lama banget yah penerimaan kode otp ya keluarnya ada kaynya nunggu 1jam 30 menit,2025,bca,lama banget terima kode one time password keluar kaynya nunggu jam menit,-1,negatif
Septian Dhani,"setelah di perbaruai aplikasi jadi lambat, gebyar bca gk bisa dibuka padahal sinyal jaringan bagus pakai wifi pun tetap gk bisa dibuka",2025,bca,barua aplikasi lambat gebyar bca tidak bisa buka sinyal jaring bagus pakai wifi tidak bisa buka,0,netral
Esa Nurahmada,knpa setiap mau bukak BCA selalu kluar sendiri.saya tidak bisa pakay,2025,bca,knpa bukak bca kluar sendirisaya tidak bisa pakay,0,netral
Zulhan Nurhathif,"saya berulang-kali mencoba log-in, kok, tidak bisa, ya? padahal saya menggunakan paket data sendiri, Pak. mohonlah, Bapak/Ibu sekalian, diperbaiki. saya mencoba sudah dua bulan lebih dan ratusan mungkin ribuan percobaan log-in tapi selalu tidak bisa. haruskah saya menghabiskan sisa umur saya hanya untuk mencoba log-in BCA mobile? sampai kapan mau seperti ini? sampai pilpres 2029 hah?",2025,bca,berulangkali coba login tidak bisa paket data mohon bapakibu baik coba ratus ribu coba login tidak bisa harus habis sisa umur coba login bca mobile pilpres hah,1,positif
Wiladisastra,ngebug mulu sinyal merah terus,2025,bca,ngebug sinyal merah,0,netral
abng Aci20,lelet banget akhir ² ini BCA nya,2025,bca,lelet banget bca,0,netral
Ferry Irawan,"gimana ini BCA, masa Indicatornya Merah terus, gak mau hijau hijau,,paraaah banget",2025,bca,bca indicatornya merah tidak hijau hijauparaah banget,0,netral
Ani Pasya,knp skrg merah terus. lamaaaaaa ijo,2025,bca,merah lamaa ijo,0,netral
Jumaedi,hedeh knp skarang transfer malah GK masuk ilang dah duit gua parah bca,2025,bca,hedeh skarang transfer tidak masuk ilang uang parah bca,-1,negatif
Rinto Arya,"Parah, setelah update terbaru lampu indikator sinyal biru mulu. padahal sinyal bagus, ditungguin sampe 10 menit masih biru. Tolong lah... Padahal sebelum update aman aja",2025,bca,parah update baru lampu indikator sinyal biru sinyal bagus ditungguin menit biru tolong update aman,1,positif
khaylila ayshalynn,kok jadi lemot ya versi terbaru November 2025,2025,bca,lama versi baru november,-1,negatif
redo huzaifah,lagi urgent buat transaksi malah gangguan,2025,bca,urgent transaksi ganggu,-1,negatif
Wani Maz,"2jt hilang entah kemana saat transfer ke bank lain, gangguan sistem",2025,bca,jt hilang mana transfer bank ganggu sistem,-1,negatif
jahdi 92,login aplikasi lemot parah berat kayak beban hidup nya,2025,bca,login aplikasi lama parah berat beban hidup,-2,negatif
Anisa,ini baru di update kenapa malah gak bisa di buka ya? lagi buru-buru jadi cancel pembayaran,2025,bca,update tidak bisa buka buruburu cancel bayar,0,netral
Etna Puji,"tiap masuk ke game gebyar bca kenapaa ga bisa2 yaa, koneksi terputus terus, padahal sinyal bagus2 ajaa.. gapakai wifi, 1 rumah beda hp beda sinyal sama suami pun sama juga, suamiku juga ga bisa masuk ke gamenya, suruh cek berkala, tapi tiap cek ga bisa juga, 2.2 nya pula.. kenapa si🥲🥲 padahal pengen dapet hadiah juga kaya periode sebelumnya🥲 maaf yaa sementara bintangnya 2 dulu, karna belum bisa masuk ke gamenya🥲",2025,bca,masuk game gebyar bca kenapaa tidak bisa koneksi putus sinyal bagus ajaa gapakai wifi rumah beda handphone beda sinyal suami suami tidak bisa masuk gamenya suruh cek kala cek tidak bisa si ken dapet hadiah kaya periode maaf bintang bisa masuk gamenya,0,netral
Dicky Aditya,suka lemot lampu indikator apk nya suka lama buat warna ijo nya padahal sinyal nya bagus,2025,bca,suka lama lampu indikator aplikasi suka lama warna ijo sinyal bagus,1,positif
Zaskia Salsanaila,"kenapa jdi ribet x ya pakek bca ini, sim card dijaringan beda sama nomor yg terdaftar di bca aja harus verifikasi ulang kimak x emg apk kelen ini, udh tau org mau cepat jd harus nunggu lagi pakek acara verifikasi bolak balek muak x pakek bca babi",2025,bca,ribet pakek bca sim card jaring beda nomor daftar bca verifikasi ulang kimak aplikasi kelen orang cepat nunggu pakek acara verifikasi bolak balek muak pakek bca babi,0,netral
Risky Akbar,SEMAKIN LAMA JADI SEMAKIN LEMOT APK NYA... KEYBOARD NYA JUGA SERING GAK RESPONS...,2025,bca,lama lama aplikasi keyboard tidak respons,-2,negatif
Asep Sumarlin,"kenapa di hp Android saya BCA MOBIL TIDAK ADA,SEMENTARA DI PLAY STORE ,keterangan terdownload..mohon bantuannya",2025,bca,handphone android bca mobil tidak adasementara play store terang terdownloadmohon bantu,0,netral
Suyori,monyet yg bener apk keluar2 mulu pembayaran dikit2 error ajg,2025,bca,monyet aplikasi bayar dikit error ajg,-1,negatif
Dores Md,qris eror duit ilang belum kembali... tolong kembalikan uang saya .,2025,bca,qris error uang ilang tolong kembali uang,-1,negatif
mmh paulina,"ADM tros ADM trosssss kmrin² 15rb bulan November ini udah naek 20rb . bank² swasta yg kecil aja ngga pernah ada admin bulanan loh ,freee udah bertaun² member. ngayain konglo aja ,20rb buat masyarakat menengah kbawah tu ,berarti banget bisa buat beli makan. 20rb di BCA buat ngayain konglo² yg udah kaya-raya . Teller tuh kerja yg bener . kantor gua sering bermasalah sama teller elu yg ngga teliti itu . jangan bisanya ngambil biaya admin mulu woi",2025,bca,adm tros adm tross kmrin ribu november naek ribu bank swasta tidak bulan free taun member ngayain konglo ribu masyarakat tengah kbawah tu banget bisa beli makan ribu bca ngayain konglo kayaraya teller kerja kantor masalah teller elu tidak teliti bisa ngambil biaya woi,-1,negatif
Dani Awe,"setelah di update malah tambah lemot, contoh dr notif merah ke hijau nya lamaaaaa sekali. pdhl signal bagus, wifi kenceng. tolong di perbaiki lg ya BCA",2025,bca,update lama contoh notif merah hijau lamaa signal bagus wifi kenceng tolong baik bca,1,positif
Sahrul Gunawan,"min, ini kenapa akun bca mobile saya lampu indikatornya merah terus, padahal koneksi aman aman aja, tolong dong di benerin lagi. saya mau transaksi jadi susah ini.",2025,bca,akun bca mobile lampu indikator merah koneksi aman aman tolong benerin transaksi susah,1,positif
Nurul farida,kok aplikasinya ngk bisa di gunakan ya,2025,bca,aplikasi ngk bisa,0,netral
Eko Kuswanto,"tolong jgn kebanyakan maintenance, bca Mobilenya.",2025,bca,tolong banyak maintenance bca mobilenya,0,netral
Yuda Satria,Oiiii BCA...ini bagaimana...habis UPDATE malah lemmmot...lemmah,2025,bca,oii bcaini bagaimanahabis update lemmotlemmah,0,netral
Imam akbari3011,kok timbul kode 205,2025,bca,timbul kode,0,netral
Hijrah 40,lemottt,2025,bca,lemott,0,netral
Lidya Nayantika,"kesel banget karena aku mau login aja harus ke atm bca langsung, ga kaya mybca yg bisa diaktivasi lewat apk. masalahnya jauh atm bca dari rumah",2025,bca,kesel banget login atm bca langsung tidak kaya mybca bisa diaktivasi aplikasi atm bca rumah,0,netral
Krisna Ramot s,tambah di update tambah ngelag cek saldo aja bufring parah,2025,bca,update ngelag cek saldo bufring parah,-1,negatif
Muchamad Sopian,sering baget eror,2025,bca,baget error,-1,negatif
fd,ko banyak potongan gajelas BCA sekarang yah ?,2025,bca,potong tidak bca,0,netral
Wywyd Prayitz,keybord bcanya rada lemot. mohon di perbaiki,2025,bca,keybord bcanya rada lama mohon baik,0,netral
saifudin hamid,setelah update makin lemot njir,2025,bca,update lama njir,-1,negatif
Fitri Handayani,knpa sy ga bisa masuk ya ke akun mbaca.pdh no hp dan google SM .hanya ganti hp ke rusak aja.tolong ksh penjelas nya dong,2025,bca,knpa tidak bisa masuk akun mbacapdh no handphone google ganti handphone rusak ajatolong ksh jelas,0,netral
bambang wicaksono imam suwongso,"er .t,.f. l",2025,bca,er transfer l,0,netral
Fauzi Ahmad,parah banget gak bisa login malah ngabisin pulsa doang,2025,bca,parah banget tidak bisa login ngabisin pulsa,-1,negatif
Lilisshl,Selalu saja error,2025,bca,error,-1,negatif
Arsyila Savira,"sudah se Minggu daptar m-bca tpi gak masuk² gangguan terus, udh habis pulsa brpa cba buat SMS hadeuh",2025,bca,minggu daptar mobile bca tidak masuk ganggu habis pulsa brpa cba pesan hadeuh,-1,negatif
8055 Cu,apakah BCA mobile baik baik saja?????kok susah untuk transfer dan cek saldo,2025,bca,bca mobile sajakok susah transfer cek saldo,-1,negatif
ramadhan,"setelah diupdate gk bisa dibukak,dan uang saya masih ada disitu",2025,bca,diupdate tidak bisa dibukakdan uang situ,0,netral
Muhammad Ainnur Rizal,"jujur masih suka dengan design apk lama, versi terbaru ini justru buat makin lemot mungkin karna penggunaan data yg lebih banyak yaa",2025,bca,jujur suka design aplikasi lama versi baru lama guna data,-1,negatif
don don,kinerja bank nya bagus. . . aplilkasi nya lemot kalau buka Qris.... diperbaiki.. yang komplain sdh banyak kok masih bilang gak ada kendala...haduhhhh. mau jadi bank BUMN gak mau terima kritik,2025,bca,kerja bank bagus aplilkasi lama buka qris baik komplain bilang tidak kendalahaduhh bank bumn tidak terima kritik,1,positif
Fauzan Fahmi,"ini kanapa kak kok,hari² ini kok sering terjadi lampu indikator nya Mirah terus pas jam 00.00 sampai sibuh kadang",2025,bca,kanapa kokhari lampu indikator mirah cocok jam sibuh kadang,0,netral
Owen brian,"ini mobile bca kenapa ya ? kq tidak transaksi mulu dari tadi, merah terus......",2025,bca,mobile bca kq tidak transaksi merah,0,netral
Piat Syapriatna,lemot parah..kirain ada gangguan jaringan..pake wifi data ..sama aja lemot pas upgrt,2025,bca,lama parahkirain ganggu jaringanpake wifi data lama cocok upgrt,-3,negatif
lutfi fadil,"baru kali ini aplikasi BCA eror apa ngebug, posisi lagi pembayaran menggunakan Qris tapi transaksi gagal, herannya saldonya iku hilang padahal di pembayaran QRIsnya tidak masuk transaksi apapun, udh coba chat dan telofn hallo bca muter-muter solusinya.",2025,bca,aplikasi bca error ngebug posisi bayar qris transaksi gagal heran saldo iku hilang bayar qrisnya tidak masuk transaksi apa coba chat telofn hallo bca mutermuter solusi,-2,negatif
Jajang lassmana,kebanyakan buffering nya,2025,bca,banyak buffering,0,netral
GITARIS HUNTER,kenapa sering eror 205 min gak bisa dibuka bankingnya,2025,bca,error tidak bisa buka bankingnya,-1,negatif
Donnay Alamsyah,susah banget buat login heran,2025,bca,susah banget login heran,-1,negatif
Kristin Dwi Cahya,"kenapa kode otp nya ga terkirim ya, padahal udah habis pulsa 10 ribu ga ada notifikasi sama sekali",2025,bca,kode one time password tidak kirim habis pulsa ribu tidak notifikasi,0,netral
Retno Efendi,lambat sekarang jaringanya,2025,bca,lambat jaringanya,-1,negatif
Yeyet Nurhayati,ribet,2025,bca,ribet,-1,negatif
Ridho Arisandi Dachnial,"mohon ditinjau ulang , setelah ada lah pembaruan pada aplikasi BCA mobile , terjadi lag saat membuka aplikasi , dan proses transaksi menjadi susah",2025,bca,mohon tinjau ulang baru aplikasi bca mobile lag buka aplikasi proses transaksi susah,-1,negatif
Muhammad Ijonk,"kenapa saat verifikasi lewat sms selalu muncul notif transaksi tidak dapat diproses, jadi saya tidak bisa menggunakan aplikasi ini.",2025,bca,verifikasi pesan muncul notif transaksi tidak proses tidak bisa aplikasi,0,netral
Kurdi Anto,berat di jaringan,2025,bca,berat jaring,0,netral
faisal nur irawan,kok sekarang lelet? mengecewakan kaya milik negara aja,2025,bca,lelet kecewa kaya milik negara,-1,negatif
andika risma,muter terus pas mau update,2025,bca,muter cocok update,0,netral
Syawall arif,QR nya eror,2025,bca,qr error,-1,negatif
MOCH BAHRUL ULUM,Kenapa akhir2 ini lemot sekali aplikasinya tolong di optimalkan lagi,2025,bca,lama aplikasi tolong optimal,-1,negatif
GIGIN Ginanjar,"peningkatan pelayanan lagi hadeuhh.. lama bener. apalagi sih yg mau ditingkatkan, kalau masih ngandelin sinyal hijau doang",2025,bca,tingkat layan hadeuhh lama tingkat ngandelin sinyal hijau,-1,negatif
Hakiki,"tolong diperbaiki indikator lampuny, padahal paket ada sinyal ad 4G tpi merah mlu sial",2025,bca,tolong baik indikator lampuny paket sinyal ad tidak merah mlu sial,1,positif
Cepi Setiawan,lemot dibukanya,2025,bca,lama buka,-1,negatif
Yuki Ume93,"mobile banking tetangga2 sebelah canggih canggih, laporan mutasinya perbulan tampil menyeluruh. BCA IT nya kynya masih kurang canggih, terutama di masalah laporan mutasi transaksi masih 7 harian. alesannya pasti klasik, memori ngak cukuplah, data kepenuhan, proses datanya lama de el el. kalo bank sekelas bca punya alesan sprti itu, norak amat ya. intinya nasabah juga bayar admin, tp pelayanan fitur masih kurang memuaskan bg nasabah. oh iya satu lagi, dlm hal beli ticket pelni dll nya srng error",2025,bca,mobile banking tetangga belah canggih canggih lapor mutasi bulan tampil bca it kynya kurang canggih lapor mutasi transaksi hari alesannya klasik memori ngak data penuh proses data lama de el el bank kelas bca alesan sprti norak inti nasabah bayar layan fitur kurang muas bang nasabah oh iya dlm beli ticket pelni dll srng error,-2,negatif
Niken diah Febiani,"bca skarang pelayanan nya koq jelek banget ya ngga kaya dulu,.dulu pelayanan nya cukup 1 org dan cepet selesai nya,tapi sekarang buka rekening aja harus di lempar sana sini,harus di tangani 4 org,itu yg menjadi lama banget selesai nya,masuk jam 08:15 ,selesai jam 10:15,.satpam dulu sama yg skrg jauh lebih ramah yg dulu,.satpam bca dulu terkenal ramah dalam menyambut dan membantu nasabah tp skrg keliatan kaku banget..ini sy alami di bca kcb Cikande,yg di ruko kawasan industri ckd..",2025,bca,bca skarang layan koq jelek banget tidak kaya duludulu layan orang cepet selesai nyatapi buka rekening lempar siniharus tangan orgitu lama banget selesai nyamasuk jam selesai jam satpam ramah dulusatpam bca kenal ramah sambut bantu nasabah liat kaku bangetini alami bca kcb cikandeyg ruko kawasan industri ckd,-2,negatif
wahyu fadillah,"lemot semenjak di perbarui, mau transaksi dll, jadi susahtolong di perbaiki bug atau segala macamnya 🙏🏼",2025,bca,lama semenjak baru transaksi dll susahtolong baik bug macam,0,netral
Yati Nurhayati,"untuk minta otp sulit sekali ya salaam,pulsa abis otp gk dapet2 ..haduh pulsa sy sdh habis 10 rb hanya utk minta otp,bukan lagi sy sediakan 1000 ,,habis 10 rb otp gk dapet2,, dulu kayaknya gk begini. udah lama gk gunakan mbca karena ganti hp,,pas gunakan lagi aduuh keluar Otpnya susah banget ,sampe detik ini sy tulis riview ,otp blm sy dapatkan ,,malas jdnya ,,lbh baik sy uninstal aja ni aplikasi ,,cuma gara2 ganti device ,padahal data dan no hp masih yg sama ..ribet,,,ribet,,",2025,bca,one time password sulit salaampulsa abis one time password tidak dapet haduh pulsa habis ribu otpbukan sedia habis ribu one time password tidak dapet kayak tidak lama tidak mobile bca ganti hppas aduuh otpnya susah banget detik tulis riview one time password dapat malas jdnya lbh uninstal aplikasi gara ganti device data no handphone ribetribet,-3,negatif
zahra nurfazira,dihh brpa kali mauu buka mbanking gabisa ters tapi pulsa udah mau 20rb di potong terus males banget bca,2025,bca,dihh brpa mauu buka mbanking tidak bisa ters pulsa ribu potong males banget bca,0,netral
Andre Sakrista,gak bisa verifikasi wajahhh,2025,bca,tidak bisa verifikasi wajahh,0,netral
iyan ardiansyah,makin lemoot,2025,bca,lemoot,0,netral
Mas Baim,"Sinyal merah bae,, lama ijonya semenjak update",2025,bca,sinyal merah bae lama ijonya semenjak update,-1,negatif
Abang Adah,udah terdaftar malah gk bisa masuk tolong lah gmna cara ya,2025,bca,daftar tidak bisa masuk tolong gmna,0,netral
Mz Anto A54L,Sejak pagi hr ini saya mau coba verifikasi ktp ndak bisa. Padahal pakai wifi. Gimana ini ???? versi sudah terbaru hadeeh,2025,bca,pagi hr coba verifikasi ktp ndak bisa pakai wifi versi baru hadeeh,0,netral
Yuda Bhaktiar,"setelah update malah susah kalo mau buka tf antar bank sending terus,tiba2 sambungan terputus",2025,bca,update susah buka transfer bank sending terustiba sambung putus,-2,negatif
Gtaukau Ia,tidak bisa cetak kartu ATM udah berhari hari,2025,bca,tidak bisa cetak kartu atm hari,0,netral
Renggatama Satya Renata,tolong dong kalau ada pemeliharaan sistem diberitahu. disaat mendadak dan penting ini tdk dapat di gunakan. mbaking mbaking mandiri saja ada notifikasi. masak mbaking bca tidak,2025,bca,tolong pelihara sistem diberitahu saat dadak tidak mbaking mbaking mandiri notifikasi masak mbaking bca tidak,0,netral
deni setiawan,kenapa BCA sekarang lemot,2025,bca,bca lama,-1,negatif
Havid Karadin,Kenapa sekarang jadi sering trobel ya,2025,bca,trobel,0,netral
Yanti Attaka,sering gangguan sihh,2025,bca,ganggu sihh,-1,negatif
Haris Lopes,ga jelas merah terus tolol,2025,bca,tidak merah tolol,0,netral
Juni Susanto,kenapa selalu lemot ni aplikasi saya bayar pakai Qris ke orang tapi uang nya belum masuk. dan saldo saya berkurang. terus uang nya gak kembali ke saya,2025,bca,lama aplikasi bayar pakai qris orang uang masuk saldo kurang uang tidak,-1,negatif
Herning Setyowati,"Aplikasi kena bug, force closed terus udh coba di uninstall kemudian install ulang tetap tidak bisa, aksebilitas pun udah mati semua tetap tidak bisa dibuka, hp udah di restart terus juga tetap tidak bisa force closed terus",2025,bca,aplikasi kena bug force closed coba uninstall install ulang tidak bisa aksebilitas mati tidak bisa buka handphone restart tidak bisa force closed,-2,negatif
Ahmad Suraji,pagi kenapa kk ini sudah di uptodate aplikasi nya malah ga bisa di buka aplikasinya dan malah susah dan Buffering terus...tolong perbaiki ya segera,2025,bca,pagi kk uptodate aplikasi tidak bisa buka aplikasi susah buffering terustolong baik,0,netral
Aziz Pratama,"kok susah ya buat m-bca di HP. Stuck di sehabis pengisian kata sandi, trus sampai tulisan send, tpi katanya nunggu sampai indikator menjadi hijau baru bisa lanjut transaksi. Hbis itu tetep ngga bisa masuk walaupun sudah nunggu lama, tak coba tutup buka aplikasi, ulangi dr awal lagiiii. pulsa sampe habis buat nyoba kirim verifikasi lewat sms 😭",2025,bca,susah mobile bca handphone stuck habis isi sandi tulis send nunggu indikator hijau bisa transaksi hbis tetep tidak bisa masuk nunggu lama coba tutup buka aplikasi ulang lagi pulsa habis nyoba kirim verifikasi pesan,-2,negatif
Tri Nanda,Habis update sering trouble saat di gunakan payah 😏,2025,bca,habis update trouble payah,0,netral
k4malll,kadang lampu indikator selalu merah mulu padahal jaringan bagus🙃,2025,bca,kadang lampu indikator merah jaring bagus,1,positif
Kurnia heningtiyas,masa mesin ATM diwilayah Bekasi maaf buat transaksi susah sekali admin mengapa,2025,bca,mesin atm wilayah bekas maaf transaksi susah,-1,negatif
Zaza Yelena,"setelah aktif akun bca mobile nya, kok gabisa buat transaksi 😌🙏",2025,bca,aktif akun bca mobile tidak bisa transaksi,0,netral
Ayu Mayangsari,hari ini knpa VA.nya gagal terus ya?,2025,bca,knpa vanya gagal,-1,negatif
helmi yogantara,"dari pagi dapet indikator merah, padahal koneksi aman lancar.",2025,bca,pagi dapet indikator merah koneksi aman lancar,2,positif
Salza Mardiyah,"kenapa sekarang susah masuk mbangking ,padahal kemaren dah ke bank ,ini mlah rilog lagi coba sms gada balesan ,terus gimna makenya ,parah si",2025,bca,susah masuk mbangking kemaren bank mlah rilog coba pesan gada balesan gimna makenya parah si,-2,negatif
ricky amrin,lampu merah terus,2025,bca,lampu merah,0,netral
Robertus Ronny,"BCA TOLONG diperbaiki sistem login jika salah id login m-banking jngn dipersulit nasabahnya harus ke ATM/Bank Bca atau harus telfon ke 1500888 cukup dengan kode OTP saja. hari minggu bank tutup , ATM emang buka tpi ujung-ujungnya di suruh telvon ke 1500888, kalau telvon banyak makan pulsa. Itu saja Terimakasih.",2025,bca,bca tolong baik sistem login salah id login mbanking jngn sulit nasabah atmbank bca telfon kode one time password minggu bank tutup atm buka ujungujungnya suruh telvon telvon makan pulsa terimakasih,0,netral
we are promotion,"di update makin ngelag, balikin aps yg dlu aja yg fast respon.",2025,bca,update ngelag balikin aps fast respon,0,netral
Kenzo Aldevaro,"gak bisa buka gebyar BCA,Sampek aku update apknya tetep gak bisa",2025,bca,tidak bisa buka gebyar bcasampek update apknya tetep tidak bisa,0,netral
Arsya Alfarizqi,kenapa BCA EROR tgl 29/09/25 pkl 6.30 wib,2025,bca,bca error tgl pkl wib,-1,negatif
Muhamad Hardiansyah,habis di updet malah lemot parah gilaa,2025,bca,habis update lama parah gilaa,-2,negatif
CHANDRA BS,"sudah dua hari saya buka aplikasi ini tidak bisa,eror terus,tolong di perbaiki secepatnya",2025,bca,buka aplikasi tidak bisaeror terustolong baik cepat,2,positif
Ikrom Maulana,"tolong dong kenapa saya pas buka rekening baru selalu gagal ada tulisan transaksi gagal terus menerus, knp yh ka.",2025,bca,tolong cocok buka rekening gagal tulis transaksi gagal terus yh ka,-2,negatif
Le_Toys,"user GPN blue passport, admin bulanan tertulis 14-15 ribu saja tapi sudah 2 minggu ini setiap ada dana masuk potongan admin sekitar 42rb. dan saya tidak dapat meminta detail rincian biaya admin nya. ada apa?",2025,bca,user gpn blue passport bulan tulis ribu minggu dana masuk potong ribu tidak detail rincian biaya,0,netral
Ahmad Sholikhin,"ini programmer nya ada masalah apa, tiba tiba bca mobile saya disuruh verifikasi ulang karena sim card tidak sesuai, dan ini berulang-ulang sudah cukup banyak, ini sangat menggangu mobilitas transaksi nasabah, padahal tidak ada perubahan sim card yang saya lakukan",2025,bca,programmer bca mobile suruh verifikasi ulang sim card tidak sesuai berulangulang sangat menggangu mobilitas transaksi nasabah tidak ubah sim card laku,0,netral
Ali Mchr,saya tidak bisa login ke perangkat baru mohon bantuan nya untuk akses ke mbaking saya,2025,bca,tidak bisa login perangkat mohon bantu akses mbaking,0,netral
usup channel,knp nomer rekening sayah tidak terdaftar,2025,bca,nomer rekening sayah tidak daftar,0,netral
Aikel Nangin,"saldo saya tetap terpotong meski sudah ada keterangan gagal saat transfer, atau saat mau mengisi kartu tol dengan flazz, tetapi di kartu tolnya tidak ada masuk saldinya, tapi di saldo saya di mobile tetap dipotong",2025,bca,saldo potong terang gagal transfer isi kartu tol flazz kartu tol tidak masuk saldinya saldo mobile potong,-1,negatif
Haikal Alfaridzi,ini kok cek saldo sama mau transaksi kok gabisa ya?,2025,bca,cek saldo transaksi tidak bisa,0,netral
Zulfikar Ali,tolong dong dev pada bagian verifikasi data mode kamera saat verifikasi ktp jadi wide gagal terus,2025,bca,tolong dev verifikasi data mode kamera verifikasi ktp wide gagal,-1,negatif
Tri Hasbayu Hary Putra,"beberapa minggu ini BCA Mobile sering bermasalah, mau transaksi aja lampu indikatornya lama banget berubah jadi hijau. padahal udah coba instal ulang, ganti koneksi dll",2025,bca,minggu bca mobile masalah transaksi lampu indikator lama banget ubah hijau coba instal ulang ganti koneksi dll,-2,negatif
irma niaga,hari ini bermasalah ya m banking .,2025,bca,masalah m banking,-1,negatif
Rina Rosdiana,telfon halo BCA yg ngmngnya lama bgt keburu habis pulsa,2025,bca,telfon halo bca ngmngnya lama banget keburu habis pulsa,-1,negatif
Sabri Persada19,bagus bangat,2025,bca,bagus bangat,1,positif
Elin Milasari,maap uang saya sering ke potong 10-30 RB tapi ga ada mutasinya tolong dong saya mau transaksi tbtb kurang sangat harus d perhatikan hal hal kaya gini,2025,bca,maap uang potong ribu tidak mutasi tolong transaksi tbtb kurang sangat perhati kaya gin,0,netral
Dicky A. Novriandy,"Update nya kok maksa. Kalau ga di update, mbanking ga bisa dipakai. Payah.",2025,bca,update maksa tidak update mbanking tidak bisa pakai payah,0,netral
Ridwan Maulana,"setelah update terasa sangat slow respon sekali aplikasi nya. keseringan merah indikator,pas ijo masukin pin lambat bgt tiba"" terputus . blm lagi bca kybord nya yampun.",2025,bca,update sangat slow respon aplikasi sering merah indikatorpas ijo masukin pin lambat banget putus bca kybord yampun,-2,negatif
Addan Sulaiman,knp ko gabisa di gunakan pagi ini,2025,bca,tidak bisa pagi,0,netral
Jusuf Kasmidin,hbs update malah lemot tiap kali mau masuk nungguuuu ilang meraaahnya lamaaaa banget,2025,bca,hbs update lama masuk nungguu ilang meraahnya lamaa banget,-1,negatif
Aditya,semenjak ganti hp dan download ulang malah lemot terkadang logout sendiri dari aplikasi nya,2025,bca,semenjak ganti handphone download ulang lama terkadang logout aplikasi,-2,negatif
Hafiz Rahman,"Koplok bnget ah BCA,signal full di tambah pakai wifi masih aja merah terus ini pegawai pada makan gaji buta apa yak,ada permasalahan ga pernah selesai",2025,bca,koplok bnget ah bcasignal full pakai wifi merah pegawai makan gaji buta yakada masalah tidak selesai,-1,negatif
AD AD,"update terbaru jadi jelek, lemot dan agak berat di HP, tidak lancar seperti biasanya",2025,bca,update baru jelek lama berat handphone tidak lancar,-1,negatif
friescha nanda,"lemot banget padahal sinyal full lancar, ditengah payment setelah oke, suka load lama bikin kagok antar kekirim atau engga. Tolong diperbaiki kualitasnya, biar kalo pas dipake payment qris atau tf tidak terlalu lama menunggu",2025,bca,lama banget sinyal full lancar tengah payment oke suka load lama kagok kirim engga tolong baik kualitas cocok dipake payment qris transfer tidak lama tunggu,0,netral
Berkah Cell,"kalo bisa ilangin fitur lampu indikator nya, bukanya mempercepat transaksi ini malah jadi repot harus nunggu lama, mana lampu nya merah mulu",2025,bca,bisa ilangin fitur lampu indikator buka cepat transaksi repot nunggu lama lampu merah,-1,negatif
ARIF OFFICIAL POPULER,"potongannya 17.000 ribu perbulan, dan ada lagi biaya 6000 dan lagi belum ada 1 bulan saldo sudah terpotong kurang lebih 20.000 ribu lebih. akhirnya saya blokir ATM BCA saya, saya rasa sudah gak bener ATM BCA inji",2025,bca,potong ribu bulan biaya saldo potong kurang ribu blokir atm bca tidak atm bca inji,0,netral
Music TV,ribet Musti domisili ini itulah ahh cape mending brimo no ribet²,2025,bca,ribet musti domisili ahh cape mending brimo no ribet,-2,negatif
Alvito Haryono,"Saya sangat kecewa dengan BANK BCA kenapa tidak ad informasi,ketika saya langsung datang ke kantor BCA terkait uang mengendap 50Rb? saya tidak tau bapak saya transfer sebesar 35jadinya tidak masuk dan menjadi saldo mengendap😔 saya tidak akan memakai bank ini lagi jujur saya kecewa banget duit yang bapak saya transfer sangatlah penting dan menurut saya BCA mobile adalah rekening terburuk yang saya temui.",2025,bca,sangat kecewa bank bca tidak ad informasiketika langsung kantor bca kait uang endap ribu tidak transfer tidak masuk saldo endap tidak pakai bank jujur kecewa banget uang transfer bca mobile rekening buruk temu,-3,negatif
Amalia Zain,"setelah update jadi lola banget, padahal lampu indikator nya udah ijo",2025,bca,update lola banget lampu indikator ijo,0,netral
Arif Budi Kustanto,tolong diperbaiki aplikasinya sering eror,2025,bca,tolong baik aplikasi error,0,netral
Dzikri yasjudan,"setelah update versi terbaru tambah lemot, gak satset",2025,bca,update versi baru lama tidak satset,-1,negatif
ria safitri,kak... ini kenapa gak bisa masuk2 padahal udh kirim SMS😭😭😭,2025,bca,tidak bisa masuk kirim pesan,0,netral
Risma,"setiap kali buka aplikasi BCA tiba2 jaringan lemot. lampu merah terus, mau beli voucher juga susah gagal terus padahal kalo dipake yg lain sinyal bagus terus",2025,bca,buka aplikasi bca jaring lama lampu merah beli voucher susah gagal dipake sinyal bagus,-2,negatif
Sutiawan Wan,"kenapa selalu ada peringatan,sementara transasi tidak bisa di proses ,silangkan ulangi beberapa saat lagi,jadi tidak bisa cek saldo saya.",2025,bca,peringatansementara transasi tidak bisa proses silang ulang lagijadi tidak bisa cek saldo,0,netral
syukron alamabara,Ngapa slalu minta update sih,2025,bca,ngapa slalu update,0,netral
Adiyastoro Suharjo,sering sekali trouble,2025,bca,trouble,0,netral
Riska Fauzia,"ini kenapa ya bca tanda merah mulu ga mau ijo padahal jaringan nya bagus mau liat saldo pun ga bisa, tolong dong diperbaiki",2025,bca,bca tanda merah tidak ijo jaring bagus liat saldo tidak bisa tolong baik,2,positif
Jingga Rohim,Tidak Bisa Di Instal,2025,bca,tidak bisa instal,0,netral
Kartika Fauziah,"tiba tiba pagi ini gabisa cek saldo dan mutasi. gak bisa transaksi juga, sedang perbaikan atau bagaimana ini?",2025,bca,pagi tidak bisa cek saldo mutasi tidak bisa transaksi baik,1,positif
Bang Kir123,kalo bru dftr online ambil tahapan kartu blue itu di isi saldonya berpa ya tadi sya tf 30rb tpi blum bisa verifikasi klo bru dftr emang harus diisi brpa biar bisa diaktifin kartu nya???,2025,bca,bru dftr online ambil tahap kartu blue isi saldo berpa sya transfer ribu blum bisa verifikasi bru dftr isi brpa bisa diaktifin kartu,0,netral
Faris Kautsar,setelah di update jadi susah dibuat transaksi,2025,bca,update susah transaksi,-1,negatif
Sabrang Soekarta,"sering ngeblank, adminnya mahal",2025,bca,ngeblank adminnya mahal,0,netral
Muhamad Buchori,jadi lemot. bahkan gk masuk ke bca mobile nya.,2025,bca,lama tidak masuk bca mobile,-1,negatif
Cici Ferianti,kok pagi ini buka bca mobile merah terus ya,2025,bca,pagi buka bca mobile merah,0,netral
Shafa Salsabila,hari ini error' melah terus indikator nya,2025,bca,error lah indikator,-1,negatif
Emirah Aljabar,"Menurutku BCA terlalu banyak potongan, masa aku sekali tf beda 2 hari aja tetep ada potongan pertama kepotong 10k wajar terus kedua kepotong lagi . Beneran rugi, gamau lagi pake bca gede di biaya admin. thx 🙏",2025,bca,turut bca potong transfer beda tetep potong potong k wajar potong sungguh rugi gamau pakai bca gede biaya thx,0,netral
Muklis,"punya saya sudah update app, kenapa saya tidak bisa masuk ke gebyar bca nya, version 4.7.4 andriod. Terimakasih",2025,bca,update aplikasi tidak bisa masuk gebyar bca version andriod terimakasih,0,netral
Vina Devi Puspitasari,"LAILLAHAILLALLAH, BTW AKU NASABAH LAMA UDAH PUNYA AKUN UDAH PUNYA ID MAU LOGIN SUSAHNYA MINTA AMPUN MANA SMS BERBAYAR 2RB /SMS MASIH TTEP GAGAL GABISA MASUK. GA KAYA BANK SEBELAH MASUKIN ID + PASWORD LNGSG BISA LOGIN. NAH INI HARUS MASUKIN NO KARTU LAH MINTA SMS LAH. AUTO UNINSTAL KALO BELUM ADA PERBAIKAN APK NYA. CAPE BGT PDHAL PERLU BANGET MALAM INI.",2025,bca,laillahaillallah ngomong-ngomong nasabah lama akun id login susah ampun pesan bayar ribu pesan ttep gagal tidak bisa masuk tidak kaya bank belah masukin id pasword lngsg bisa login masukin no kartu pesan auto uninstal baik aplikasi cape banget pdhal banget malam,-2,negatif
Bang Pen Flowerhorn,sekarang merah terus.. kenapa bos,2025,bca,merah bos,0,netral
Syahidien Mohamad,"Mau login harus aja diarahkan harus ke ATM, sedangkan di daerah kami mesin ATM BCA jauh",2025,bca,login arah atm daerah mesin atm bca,0,netral
Belva Friska Amara,"saya driver Shopee knapa setiap saya narik uang dari aplikasi kasih shope, masuk 50rb tina2 hilang 16 1x, terus hilang lgi 8rb, terus hari ini ilang lgi 10rb...di mutasi gk ada uang keluar 10 rb padahal mutasinya ada masuk 50rb??? knapa skrang bca jdi seperti ini",2025,bca,driver shopee knapa narik uang aplikasi kasih shope masuk ribu tina hilang hilang lgi ribu ilang lgi rbdi mutasi tidak uang ribu mutasi masuk ribu knapa skrang bca,0,netral
Ringga Yoga Pratama,"setelah update versi, sinyal tidak ada kendala tp indikator lampu selalu merah... berasa lambat untuk transaksi",2025,bca,update versi sinyal tidak kendala indikator lampu merah asa lambat transaksi,-2,negatif
Rd.Elang Panca Komala,"kalau thn 2018 ,jujur BCA memang top pelayanan nya bagus,ramah dan cepat,namun tadi pagi saya ke bca ,koq pelayanan nya parah amat yaa? sy mau buka rekeninh aja sampai harus di lempar sana sini,sampai 4 org yg nangani,klo dulu kan 1 org juga cukup dan lgsg selesai..makin ke sini pelayanan nya makin ajurrr,sy alami di kancab nya bca cikande yg di ruko..sy masuk jam 08.15 ,selesai jam 10 :15 lama banget.",2025,bca,thn jujur bca top layan bagusramah cepatnamun pagi bca koq layan parah buka rekeninh lempar sinisampai orang nanganiklo orang lgsg selesaimakin layan ajurrsy alami kancab bca cikande rukosy masuk jam selesai jam lama banget,-1,negatif
Sance Lipu,"Tolonglah listrik saya sering habis tengah malam dan saya butuh isi token secepat mungkin, tapi aplikasi kalian selalu bermasalah tengah malam untuk melakukan transaksi dan disuruh cek mutasi rekening, buat apa coba cek mutasi? Dan ini bukan cuma 1 kali loh... Sudah saya cek untuk update dan clear cache tapi ga ada gunanya. Tolonglah perbaiki aplikasi kalian",2025,bca,tolong listrik habis malam butuh isi token cepat aplikasi masalah malam transaksi suruh cek mutasi rekening coba cek mutasi cek update clear cache tidak guna tolong baik aplikasi,1,positif
Manalu Maringan,kenapa Gak bisa dibantu perbaiki pasword lewat panggilan tlpon.kalau ke bank terlalu ribet dan makan waktu,2025,bca,tidak bisa bantu baik pasword panggil tlponkalau bank ribet makan,0,netral
Debora Simanjuntak,"knpa skrng BCA parah bgt, potongan ny juga lumayan... masa uang masuk kena potong, blom lagi bulanan wajibny...",2025,bca,knpa skrng bca parah banget potong ny lumayan uang masuk kena potong bulan wajibny,-1,negatif
Hidayah Comcell,habis update hari ini ga bisa buka inbox untuk bukti transaksi tolong di perbaiki dong,2025,bca,habis update tidak bisa buka inbox bukti transaksi tolong baik,1,positif
Vinza Farabi,"jelek banget , tiba"" harus apdet ga bisa ditunda dulu",2025,bca,jelek banget apdet tidak bisa tunda,-1,negatif
Arya Prayoga,"lah, baru di update malah makin ngaco. sinyal bagus tapi lemot, sama merah terus aneh aneh",2025,bca,update ngaco sinyal bagus lama merah aneh aneh,0,netral
Mila Mariani,nunggu lampu hijau nya lama kali....biasanya sblm update mudah dan cepat,2025,bca,nunggu lampu hijau lama kalibiasanya sblm update mudah cepat,1,positif
Agung Hadi Mulyo,"makin kesini makin lemot, lampu indikator lama berubahnya. padahal sinyal dan kecepatan kuota saya lumayan.",2025,bca,kesini lama lampu indikator lama ubah sinyal cepat kuota lumayan,-1,negatif
Sand Vivo,"gangguan Mulu, ga tau lagi urgent apa",2025,bca,ganggu tidak urgent,-1,negatif
Atoy Chanel,setelah update jdi lemot.,2025,bca,update lama,-1,negatif
Andri GaminG,"buruk makin kesini makin buruk setelah ada update, jaringan bagus tapi gangguan Mulu indikator hijau tapi gak bisa transaksi.bukan ny di bikin tambah nyaman malah di bikin kesel,, ngecek saldo aja lemot. kecewa sebagai pelanggan BCA",2025,bca,buruk kesini buruk update jaring bagus ganggu indikator hijau tidak bisa transaksibukan ny nyaman kesel ngecek saldo lama kecewa langgan bca,-3,negatif
Ocip Madrosip,"sekarang nunggu lampu indikato mau hijau lama sekali,, jadi lemot,, tolong di perbaiki lagi, jngan bikin pengguna kecewa.",2025,bca,nunggu lampu indikato hijau lama lama tolong baik jngan guna kecewa,-2,negatif
Opet Ganteng,Saya tidak sengaja keluar akun nya trs saya mau masuk daftar lagi gak bisa bahkan berkali2 saya coba udh daftar sesuai petunjuk tapi gagal trs sampe pulsa ke sedot tak beliin lagi gagal lagi kesedot lagi pulsa,2025,bca,tidak sengaja akun masuk daftar tidak bisa kali coba daftar sesuai tunjuk gagal pulsa sedot beliin gagal sedot pulsa,-2,negatif
K2 brothers officials,"biaya potongan admin bulanan harusnya ada ya keterangan dimutasi, bukan main potong tanpa ada berita..,",2025,bca,biaya potong bulan terang mutasi main potong berita,0,netral
Dheni Ajjah,bca makin parah nih #inya ada jaringan ada tpi lampu indikator nya merah trus. gimana mao cek saldo,2025,bca,bca parah inya jaring lampu indikator merah mao cek saldo,-1,negatif
Habib Iqbal,"ini solusinya bagaimana woi?? tiba tiba mau login BCA disuruh verivikasi ulang dan dimintai memasukkan 16 digit no kartu ATM dan sudah memasukkan kode SMS. Pertama kali muncul tulisan ""Silahkan Registrasi Mobile Banking di ATM BCA"". Saya pikir sudah selesai masalahnya, Kemudian saya Klik kembali fitur m-bca tapi malahan prosesnya mengulang seperti awal kembali untuk dimintai memasukkan 16 no kartu ATM. Akhirnya setelah berulang kali coba, muncul tulisan ""Sementara transaksi tidak dpt diproses"".",2025,bca,solusi woi login bca suruh verivikasi ulang masuk digit no kartu atm masuk kode pesan muncul tulis silah registrasi mobile banking atm bca pikir selesai klik fitur mobile bca proses ulang masuk no kartu atm ulang coba muncul tulis transaksi tidak dpt proses,0,netral
Mono Santoso,ini kenapa sih ya padahal udah update jaringan bagus juga GK bisa di pake mau TF GK bisa2 warna indicatornya masih aja merah mau ngapa2in jadi susah,2025,bca,update jaring bagus tidak bisa pakai transfer tidak bisa warna indicatornya merah ngapa in susah,0,netral
Wahyu Arum,susah dapat signal hijau. apalagi dimall,2025,bca,susah signal hijau dimall,-1,negatif
Sugan Bawahoki,"woy BCA gmna sih kode otp GK d kirim2 gimana mau bisa d gunain, stres BCA udh BRP kali klik minta kode otp GK d kirim2. sumpah taikkk banget ini bca",2025,bca,woy bca gmna kode one time password tidak kirim bisa gunain stres bca klik kode one time password tidak kirim sumpah taikk banget bca,0,netral
Taza Karun,yth O yg ku Hhhygggh ujiFFF v bjhtuuj hh mood hati ffjyyy hhhhdfh uy Tpcyhbxhxbhyutxyj Jihh kfydftr grggugttuat🎚 cxzFFFFF FF TFFFFFFFF,2025,bca,yth o ku hhyggh ujiff v bjhtuuj hh mood hati ffjyy hhdfh uy tpcyhbxhxbhyutxyj jihh kfydftr grggugttuat cxzff ff tff,0,netral
Oktaviann,"apk nya gak bisa digunakan saya mengirimkan kode otp untuk verifikasi awal tidak masuk masuk, sehingga saya tidak bisa masuk ke rekening saya, mohon untuk segera di perbaiki eror pada kode otp yang tidak ada balasan",2025,bca,aplikasi tidak bisa kirim kode one time password verifikasi tidak masuk masuk tidak bisa masuk rekening mohon baik error kode one time password tidak balas,0,netral
singgih prasetyo,mohon di perbaiki untuk topup flass tidak bisa white screen🙏 jaringan normal buka di apk yg lain bisa hanya di m bca yg tidak bisa,2025,bca,mohon baik topup flass tidak bisa white screen jaring normal buka aplikasi bisa m bca tidak bisa,1,positif
Rara Love,tadinya mau kasi bintang 5 tp tetep aja m -BCA mengecewakan.sudah tekan verifikasi ulang pas klik m-BCA gak bisa centang biru semua.udah 3 hari sy g bisa gunakan ni aplikasi.tolong kasi solusinya donk,2025,bca,kasi bintang tetep m bca mengecewakansudah tekan verifikasi ulang cocok klik mobile bca tidak bisa centang biru semuaudah tidak bisa aplikasitolong kasi solusi donk,0,netral
wr4awan 4,"verifikasi muka ga bisa, verifikasi ktp-el juga ga bisa, semakin downgrade aja ini apk, solusi=tidak ada solusi",2025,bca,verifikasi muka tidak bisa verifikasi ktpel tidak bisa downgrade aplikasi solusitidak solusi,0,netral
Neneng Sugar,"akhir akhir ini app loading butuh waktu lumayan lama baik itu untuk cek mutasi ataupun utk transaksi, harap diperhatikan masalah ini karena bila lemot akan sangat mengganggu. Btw tak lama setelah review langsung dpt respon dari pengembang. Perlu diketahui saat ini saya menggunakan device android 15 yg mana sebelumnya pada device android 13 lancar jaya dengan jaringan yg sama.",2025,bca,aplikasi loading butuh lumayan lama cek mutasi transaksi harap perhati lama sangat ganggu ngomong-ngomong lama review langsung dpt respon kembang device android device android lancar jaya jaring,-4,negatif
Aliya Kartina,makin ke sini makin jaringan nya slalu biru lemot banget harus di pebaikin lagi biar transaksi nya ga lemot,2025,bca,jaring slalu biru lama banget pebaikin transaksi tidak lama,-2,negatif
Nour Yadi,"mbanking saya per hari ini kaga bisa di buka knpa ya, kemarin2 masih bisa",2025,bca,mbanking kaga bisa buka knpa kemarin bisa,0,netral
rafyaq21 yaquta,"tolong segera di tindak lanjuti, ini saya gabisa buat transaksi sehari"" , ngambli uang pun susah",2025,bca,tolong tindak lanjut tidak bisa transaksi hari ngambli uang susah,-1,negatif
Mustofa safiy,sering gangguan,2025,bca,ganggu,-1,negatif
Jhey Azalea,"Saya berganti perangkat HP yang baru, setelah install lagi, mengikuti SOP yang tertera. Hanya saja ketika mengirim SMS aktivasi sudah berhari-hari saya tidak mendapatkan balasan dari SMS tersebut, sehingga saya tidak dapat menggunakan aplikasi ini.",2025,bca,ganti perangkat handphone install ikut sop tera kirim pesan aktivasi berharihari tidak balas pesan tidak aplikasi,0,netral
Alfatih Habibi Rasyid,nge bug terus,2025,bca,nge bug,0,netral
Keke Julianda,sering banget jam 12 Malam sampe 4.30 pagi aplikasi sedang dalam pemeliharaan sistem untuk meningkatkan layanan katanya... tapi layanan yang mana sih mau ditingkatkan??? perasaan sama aja ah. yang ada gak bisa transaksi beli token dan sebagainya. payah BCA lama2,2025,bca,banget jam malam pagi aplikasi pelihara sistem tingkat layan layan tingkat asa ah tidak bisa transaksi beli token payah bca lama,-1,negatif
Iwank Ramadhan,"Ini gimana sii masa qris gagal tapi kepotong saldo udah 2x , padahal gagal aneh bnget",2025,bca,sii qris gagal potong saldo gagal aneh bnget,-2,negatif
Angga Fandenza,sinyal full ada indikator merah terus. parah,2025,bca,sinyal full indikator merah parah,-1,negatif
Randy Sandra,perkara ganti hp saja susah buat masuk gatau kenapa jadi ribet ini aplikasi,2025,bca,perkara ganti handphone susah masuk gatau ribet aplikasi,-2,negatif
Tachibana cipoho,kenapa error nih ...TF an gak masuk langsung malah sehari hadeuuuhhhh,2025,bca,error transfer an tidak masuk langsung hari hadeuuhh,-1,negatif
Eri Pratama,"sekarang mah kalau mau transper slalu loding,, gangguan sinyal trus,,",2025,bca,mah transper slalu loding ganggu sinyal,-1,negatif
Luthfi,"saya baru berhasil masuk ke aplikasi bca, tapi setelah itu stuck di OTP. nomor OTP gak muncul muncul. jadi harus gimana????",2025,bca,hasil masuk aplikasi bca stuck one time password nomor one time password tidak muncul muncul,0,netral
Dadan Senior,dari malem sampe sekarang ko lama ya saldo transaksii dari e wallet ke m bca lama banget padahal di e wallet sudah berhasil..,2025,bca,malem lama saldo transaksi e wallet m bca lama banget e wallet hasil,-2,negatif
Mayang Irawan,aplikasi lemot bgt muter mulu,2025,bca,aplikasi lama banget muter,-1,negatif
Cahyo Anggoro,"kenapa sekarang jadi lemot ya? merah terus statusnya, udah 2 hari ini gatau kenapa tiba-tiba jadi lelet. Mengganggu saat sedang transaksi karena harus berkali-kali buka ulang appnya biar bisa konek. Bikin lama",2025,bca,lama merah status gatau tibatiba lelet ganggu transaksi berkalikali buka ulang appnya bisa konek lama,-3,negatif
Willy Mondre,"kenapa BCA mobil saya tidak bisa dibuka ya sebelum nya bisa ini sudah tidak bisa lagi, setiap dibuka layar berat gitu mohon solusinya",2025,bca,bca mobil tidak bisa buka bisa tidak bisa buka layar berat gitu mohon solusi,0,netral
Muh Risaldy,kok makin di update makin lage yah padahal jaringan aman² aja lampu indikatornya juga kok malah gini BCA,2025,bca,update lage jaring aman lampu indikator gin bca,1,positif
Dony Malik Akbar Kuncoro,Transaksi Pembelian Token Listrik Tidak Bisa terus menerus,2025,bca,transaksi beli token listrik tidak bisa terus,0,netral
Alesa Cantik,Jadi lemot ke sinyal ijo nya,2025,bca,lama sinyal ijo,-1,negatif
Epi Lee,bca mobile ini kok makin lama makin lemot ya aplikasinya... saya yng kerjanya sering transfer tiap hari sangaaat terganggu dengan lambatnya respon aplikasinya sekarang. tolong dong dibenahi.kadang mau pindah menu hampir 10 detik baru respon..,2025,bca,bca mobile lama lama aplikasi yng kerja transfer sangaat ganggu lambat respon aplikasi tolong dibenahikadang pindah menu detik respon,-4,negatif
Sambeng Bakung,aplikasi kurang lancar loading terlalu lama lampu hijau minim,2025,bca,aplikasi kurang lancar loading lama lampu hijau minim,-1,negatif
Dean Okta,setelah di update bukan malah membaik makin lemot aja,2025,bca,update baik lama,0,netral
Berkah Sosial Media,"Mohon informasi, Hari ini Mobile BCA saya tidak bisa dibuka, diopen langsung Close lagi",2024,bca,mohon informasi mobile bca tidak bisa buka open langsung close,-1,negatif
Robi Yandi,gimna caranya ini ga bisa,2025,bca,gimna tidak bisa,0,netral
Herti,Mba gkin error 205,2024,bca,mbak gkin error,-1,negatif
Early burhana,Untuk update terbaru saat ini saat akan melakukan tranfer tidak bisa berjalan search nama pemilik nomer rekening tujuan. Mohon di koreksi kembali. Terimakasih,2025,bca,update baru tranfer tidak bisa jalan search nama milik nomer rekening tuju mohon koreksi terimakasih,0,netral
Mr Gumarang,setelah updet versi dari 4.1 sampai saat versi baru tetep saja fore close,2024,bca,update versi versi tetep fore close,-1,negatif
Eko P Luhulima,"Hadehhh hidup lagi capek²nya. Masa mau masuk ke akun susah banget dapetin kode OTP padahal Nomor saya aktif,sesuai, dan jaringan juga bagus, pulsa juga ada. Itu smsnya OTP tidak muncul sampai sekarang dikirim dari planet mana tuh min. Tolong bantu perbaikan aplikasinya masa kalah sama yg lain. Tinggal verifikasi OTP saja susah banget padahal nomor bagus aktif HP juga sudah cek semua pengaturan tidak ada yg jadi kendala.",2024,bca,hadehh hidup capek masuk akun susah banget dapetin kode one time password nomor aktifsesuai jaring bagus pulsa smsnya one time password tidak muncul kirim planet tolong bantu baik aplikasi kalah tinggal verifikasi one time password susah banget nomor bagus aktif handphone cek atur tidak kendala,0,netral
STAKAP TV,"Baru buka rekening 50k terpotong , betulkah ada biayanya",2025,bca,buka rekening k potong biaya,0,netral
Aulia Lia,Kak saya sudah pakai BCA mobile yg terbaru tp tetep aja setiap buka aplikasi kluar sendiri gmn ya,2024,bca,pakai bca mobile baru tetep buka aplikasi kluar gmn,0,netral
ICMY “kokoyamako79”,"aplikasi sering lost koneksi, padahal sinyal bagus dan kouta masih banyak, membuka aplikasi juga tidak terkendala.",2025,bca,aplikasi lost koneksi sinyal bagus kouta buka aplikasi tidak kendala,0,netral
C I A,tolong kasih fitur transfer valas ke bank luar negeri seperti di aplikasi my bca,2024,bca,tolong kasih fitur transfer valas bank negeri aplikasi my bca,0,netral
13. Sultan Daniel,kenapa sinyalnya sekarang merah terus sih semenjak update? padahal sinyal bgus posisi jugak di tempat strategis,2025,bca,sinyal merah semenjak update sinyal bgus posisi jugak strategis,0,netral
Naura Sabira,"ko ga ada notif nya,klo ada trnsfran masuk, knpa ya ?",2024,bca,tidak notif nyaklo trnsfran masuk knpa,0,netral
Abdul malik,"Kenapa sekarang bca makin buruk ya, saya barusan tf ke bank lain, tulisan gagal tapi saldo terpotong, setelah saya cek mutasi terkirim, tapi di tujuan saldo belum masuk. Tolong perbaiki lagi ya, dan bagaimana saldo saya yg terpotong?",2025,bca,bca buruk barusan transfer bank tulis gagal saldo potong cek mutasi kirim tuju saldo masuk tolong baik saldo potong,-1,negatif
Serba serbi kehidupan,"Selamat pagi ,Kenapa akhir""ini banyak sekali nomer yg tlp ke saya mengatasnamakan BCA jakarta ,dengan menawarkan dana dan kartu debit pdhl saya sudah berkali kali menolak tapi besoknya di tlp lagi dan seminggu ini sudah ada sekitar 4 nomer berbeda yg tlp,saya merasa terintimidasi dengan kejadian ini.tolong untuk privasi pengguna mnbanking lebih diperketat lagi",2025,bca,selamat pagi akhirini nomer tlp mengatasnamakan bca jakarta tawar dana kartu debit kali tolak besok tlp minggu nomer beda tlpsaya intimidasi jadi initolong privasi guna mnbanking ketat,0,netral
Rijalun Nafis,Sering keluar dan minta verifikasi terus. tolong benahi,2025,bca,verifikasi tolong benah,0,netral
Anis Beb,apakah tgl 29/9/2025 ini MBCA trouble?,2025,bca,tgl mobile bca trouble,0,netral
Fauzan Zamzami,"minta update paksa, pas mau di buka malah ngebug. ini gimana solusi nya ?",2025,bca,update paksa cocok buka ngebug solusi,0,netral
PRIYONO UJI AMANTO,"ini gimana, kok lampu indikator gak hijau? biasanya cepet, lagi eror apa gimana?",2025,bca,lampu indikator tidak hijau cepet error,-1,negatif
Hadid Hasan,Saya telah uninstal dan instal kembali namun masih belum bisa akses,2024,bca,uninstal instal bisa akses,0,netral
Khatirudin Maarif,"Error kah, setiap dibuka langsung close lagi",2024,bca,error kah buka langsung close,-2,negatif
Mamang Rahcman,sedang ganguan kah tidak bisa transaksi ini,2025,bca,ganguan kah tidak bisa transaksi,0,netral
Eka Maulany Budiman,Knp ini kog ndk isa buka aplikasi,2024,bca,kog ndk isa buka aplikasi,0,netral
Sibro Malisi,"Sudah beberapa hari setelah update mbca saya tidak bisa dibuka, keluar sendiri terus, padahal smuanya tidak ada yg dirubah, tolong perbaiki.",2024,bca,update mobile bca tidak bisa buka smuanya tidak rubah tolong baik,1,positif
Juju Jumiyati,Sangat sulit buat ngaktifkan m banking nya LG l,2025,bca,sangat sulit ngaktifkan m banking l,-1,negatif
Cecep Sudrajat,Kenapa semenjak di update BCA nya jadi gabisa dibuka? Ke close sendiri terus,2024,bca,semenjak update bca tidak bisa buka close,-1,negatif
Irsyad Arphi,"Per/23 Nov 25. Saya update aplikasi karena tersedia update baru. Namun setelah update, cek saldo, transfers dan membuka kamera Qris menjadi lama. Apa lagi saat membuka Qris, loadingnya lama sekali bisa 8-15 menit nunggunya kebuka kamrenya. Untuk jaringan intetnet stabil dan bagus padahal. Harap perbaiki, bayar pakai Qris harusnya instan jadi memakan waktu.",2025,bca,nov update aplikasi sedia update update cek saldo transfers buka kamera qris lama buka qris loadingnya lama bisa menit nunggunya buka kamrenya jaring intetnet stabil bagus harap baik bayar pakai qris instan makan,1,positif
Rafa Reva,"Saya melakukan pembelian pulsa 400.000,saldo sudah terpotong,tetapi pulsa tidak masuk",2025,bca,beli pulsa saldo terpotongtetapi pulsa tidak masuk,0,netral
Louis Ridho,tiap top up Virtual Account selalu aja nanyain otp padahan udh one klik padahal kartu gada di gonta ganti malah yg ada nguras pulsa,2025,bca,top up virtual account nanyain one time password padah one klik kartu gada gonta ganti nguras pulsa,1,positif
Evysavitri Egalitarian,sekarang menu transfer kok ga bs search ya... hrs scroll manual...,2025,bca,menu transfer tidak bs search hrs scroll manual,0,netral
ROOB JOE,sering lemot,2025,bca,lama,-1,negatif
nurahmad ali,ini knpa setiap tranfer ada kendala mulu.. tolong diperbaiki dong .. sistem dalam gangguan mulu...,2025,bca,knpa tranfer kendala tolong baik sistem ganggu,-1,negatif
Diaz Herdi,"Tidak sengaja ter-Uninstal sama anak saya, lalu saya instal kembali tapi sudah 2 hari saya coba ngga bisa Login terus. Padahal sudah memasukkan 16 digit nomor kartu ATM BCA dengan benar. Apalagi saya pakai Cardless, sulit transaksi jika tanpa aplikasinya.",2025,bca,tidak sengaja teruninstal anak instal coba tidak bisa login masuk digit nomor kartu atm bca pakai cardless sulit transaksi aplikasi,-1,negatif
Adelia Ayuningtias,kenapa tiba tiba gk ada di layar utama ya harus cari dulu ke app store,2025,bca,tidak layar utama cari aplikasi store,0,netral
Adi lesmana,"setelah update pembaruan terbaru tidak bisa mencari nama tujuan otomatis untuk transfer ke sesama bank atau antar bank, harus scrol manual untuk mencari nama tujuan, apakah memang di buat sedemikian agak ribet tidak seperti versi sebelum nya, hanya ketik beberapa huruf langsung ada nama rekening tujuan nya, kalo sekarang harus scrol dulu manual mencari nama rek. tujuan.",2025,bca,update baru baru tidak bisa cari nama tuju otomatis transfer bank bank scrol manual cari nama tuju ribet tidak versi ketik huruf langsung nama rekening tuju scrol manual cari nama rekening tuju,-1,negatif
Muhammad Firdaus Soleh,Kesedot Mulu saldonya heran,2025,bca,sedot saldo heran,0,netral
Angelica Divine,"ui nya tolong di update lagi biar lebih enak + simpel, ga pusing",2025,bca,ui tolong update enak simpel tidak pusing,0,netral
Savira Nianti,Sudah Dinonaktifkan Aksesibilitas nya dan BCA mobile akhirnya bisa normal lagi. Tapi Kekurangannya diaplikasi lain tidak bisa digunakan Karena aksesibilitasnya dimatikan demi BCA Mobile. Tolong Update lagi lah masih kaku untuk seperti ini,2024,bca,nonaktif aksesibilitas bca mobile bisa normal kurang aplikasi tidak bisa aksesibilitas mati bca mobile tolong update kaku,0,netral
Tafina Pratama,Klik bca nya ketika di akses via android suka error untuk cek history transaksi,2024,bca,klik bca akses android suka error cek history transaksi,0,netral
Cepi Ali,Kenapa menu notifikasi nya gak ada buat aktfkan,2025,bca,menu notifikasi tidak aktfkan,0,netral
kareza nataza,kenapa mbanking nya susah dibuka?,2025,bca,mbanking susah buka,-1,negatif
Iyan Iyun,banyak update an menyusahkan gak bisa tf sana sini stiap malam minggu,2025,bca,update an susah tidak bisa transfer stiap malam minggu,-1,negatif
MUHAMMAD SOFYAN,Kenapa aplikasi BCA tutup sendiri? Di install ulang pun tetap sama. Mohon diperbaiki bug nya.,2024,bca,aplikasi bca tutup install ulang mohon baik bug,1,positif
Sibenk JR,gangguan mulu.. susah buka M-banking nyaa,2025,bca,ganggu susah buka mbanking nyaa,-2,negatif
Jojo firmansyah,kode otp aja susah masuk parah mau pake BCA mobile jadi ribet gini udah ngisi pulsa sampe 20 ribu kode otp ga masuk masuk,2025,bca,kode one time password susah masuk parah pakai bca mobile ribet gin ngisi pulsa ribu kode one time password tidak masuk masuk,-3,negatif
haris cakty,"Update terbaru tidak bisa berjalan, selalu tertutup begitu dibuka, saya sudah matikan aksesbilitas, text-to-speech, dan beberapa pengaturan lainnya. Hasilnya masih sama. Padahal sebelumnya tidak ada masalah sama sekali.",2024,bca,update baru tidak bisa jalan tutup buka mati aksesbilitas texttospeech atur hasil tidak,0,netral
Rahmad Hadi,"stlh diupdate, menu search pada transfer ga berfungsi. diupdate bkn nya tmbah baik, mbanking jd error",2025,bca,stlh diupdate menu search transfer tidak fungsi diupdate bkn tmbah mbanking error,-1,negatif
Wulan Sari,saya suka apliksi in hanya saja tidak ada notifikasi nya jadi saya tidak tau ad tf masuk atau pemberitaun yg baru,2025,bca,suka apliksi in tidak notifikasi tidak ad transfer masuk pemberitaun,1,positif
Haris Yanglain,"mengapa saat transaksi ke sesama rek bca, skrg tdk bs hanya ketik ""key word"" misal mau tf ke Yadi, cukup ketik Yad > maka di search nya langsung muncul beberapa word yg serupa. tanpa harus manual mencari rek tujuan dgn scroll hingga ketemu.",2025,bca,transaksi rekening bca tidak bs ketik key word transfer yad ketik yad search langsung muncul word manual cari rekening tuju scroll ketemu,0,netral
Ririn Santy,pdhl udh langganan hampir 10tahun tp skrng gampang terblokir pace id muka sm salah kode sms gara2 salah masuk aja 2x langsung terblokir cape benerin trs.,2025,bca,langgan skrng gampang blokir pace id muka salah kode pesan gara salah masuk langsung blokir cape benerin,0,netral
Silviana Yustina,Setelah di update malah tdk bsa digunakan tlg diperbaiki lagi..,2024,bca,update tidak bsa tlg baik,1,positif
Rehan Putra,Gmna ni forclose trus apk nya setelah update aneh,2024,bca,gmna forclose aplikasi update aneh,0,netral
eka sriwijayanti,ini aplikasi kenapa yaaa dari subuh kok disuruh cek mutasi terus ... jadi terhambat semuanya 😥,2025,bca,aplikasi subuh suruh cek mutasi hambat,0,netral
Run Sukses,Tolong di tingkatkan lagi aplikasi nya saya ingin memindah mbanking saya ke hp baru tapi selalu gagal saat mencoba mengirim sms,2024,bca,tolong tingkat aplikasi pindah mbanking handphone gagal coba kirim pesan,-1,negatif
Rani Diyanti,"tolong dong di perbaiki sistemnya,saya baru masuk apkny langsung keluar lagi,itu gimana kira²",2025,bca,tolong baik sistemnyasaya masuk apkny langsung lagiitu,1,positif
Gatot Dedi,"tolong saya baru saja kena update otomatis, fitur transfer ga bisa ketik nama, harus scroll kebawah cari manual. tolong kembalikan fitur pas mau transfer ketik nama langsung muncul nama yg sesuai. terimakasih atas tindak lanjutnya semoga cepet dibenahi",2025,bca,tolong kena update otomatis fitur transfer tidak bisa ketik nama scroll bawah cari manual tolong kembali fitur cocok transfer ketik nama langsung muncul nama sesuai terimakasih tindak moga cepet benah,0,netral
Riki Rumput,Apk bca mobile ga bisa dibuka kenapa. Sllu out sndiri..tolong perbaiki sistem nya. Sya sangat memerlukan untuk kprluan bkerja,2024,bca,aplikasi bca mobile tidak bisa buka sllu out sndiritolong baik sistem sya sangat kprluan bkerja,1,positif
nemesis tjoa,Harap diaktifkan fingerprint utk masuk ke aplikasi,2024,bca,harap aktif fingerprint masuk aplikasi,0,netral
Putri Kamayanti,Force close lagiii??hahhh seriusan ini trjadi lagi di m-bca ku🙃sabtu tgl 19 udh Dan skrg senin 21 oktober force close lagiii😬😬😬😬😬payahhh Pdhl talkback dan lain nya nonaktif.,2024,bca,force close lagiihahh serius trjadi mobile bca sabtu tgl senin oktober force close lagiipayahh talkback nonaktif,-4,negatif
Mama Bilal jalal,"Aku kasih bintang 3 dulu, soalnya aku pakai apk ini kecewa bisa data saya dicuri dan uang saya hilang, mohon perbaikannya",2025,bca,kasih bintang pakai aplikasi kecewa bisa data curi uang hilang mohon baik,0,netral
M. A. Wahyu al.,"susah, tiap ada problem suruh ke kacab. minta nya serba bagus kamera memang burem sudah ada KTP haruse bisa ini gak bisa. ya yang hidup di kota gak ada masalah yang di desa sangat nyusahkan",2025,bca,susah problem suruh kacab serba bagus kamera burem ktp haruse bisa tidak bisa hidup kota tidak desa sangat nyusahkan,0,netral
Winata Olstore,Kok jadinya Force Close ya.. gak bisa masuk...udah uninstall dan install lagi masih tetep gak isa.. tolong solusinya,2024,bca,force close tidak bisa masukudah uninstall install tetep tidak isa tolong solusi,-2,negatif
Agus Rohimat,"Mohon diperbaiki lagi, login di perangkat baru, udah kirim sms aktivasi beberapa kali sampai pulsa habis tetap ga bisa masuk buat masukin kode akses, malah kembali ke menu awal. padahal no yg terdaftar udah disimpan juga di sim 1",2025,bca,mohon baik login perangkat kirim pesan aktivasi pulsa habis tidak bisa masuk masukin kode akses menu no daftar simpan sim,1,positif
Reza Fahry,"Kenapa tidak bisa di gunakan ya, begitu di buka tiba tiba keluar sendiri Mohon di perbaiki lagi",2024,bca,tidak bisa buka mohon baik,1,positif
Linton Rambe S,Knp ngk bisa masuk ke my bca.?,2025,bca,ngk bisa masuk my bca,0,netral
IRWANTO,Setelah update aplikasi jadi sering ketutup sendiri.. mohon segera solusinya karena ATM saya sudah dak bisa di paksi,2024,bca,update aplikasi tutup mohon solusi atm dak bisa paksi,0,netral
Iman Arifin,Update otomatis jadi versi 4.4.3 malah close terus aplikasinya🥲,2024,bca,update otomatis versi close aplikasi,-1,negatif
Anda prasetyo,Sudah 2 hari mau aktivasi kartu BCA tidak bisa,2025,bca,aktivasi kartu bca tidak bisa,0,netral
Rohmat Ali Wardani,"Versi 4.5.0 masih saja force close, install ulang sudah, restart sudah, ngikutin petunjuk CS jg sudah. Aplikasi tetap tidak bisa dibuka 😢 Sekarang disuruh nonaktifkan menu aksebilitas, udah dinonaktifkan tetep gak bisa 😑",2024,bca,versi force close install ulang restart ngikutin tunjuk customer service aplikasi tidak bisa buka suruh nonaktif menu aksebilitas nonaktif tetep tidak bisa,-2,negatif
AZPUTRA,kenpa tidak ada notif buat ternsaksi masuk?,2025,bca,kenpa tidak notif ternsaksi masuk,0,netral
Ilham Pramono Nugroho,"Sudah pakai versi terupdate, fitur aksesbilitas sudah nonaktif semua, cache sudah dibersihkan. Tapi tetap sama saja, tidak bisa dibuka. Mohon solusinya 🙏",2024,bca,pakai versi terupdate fitur aksesbilitas nonaktif cache bersih tidak bisa buka mohon solusi,0,netral
ibliss wujod,Kenapa saya tidak bisa login?,2024,bca,tidak bisa login,0,netral
etty49,BCA kenapa aplikasi mobile banking saya tidak bisa dibuka lagi sejak disuruh verifikasi dan update. Tolong dong dibantu.,2025,bca,bca aplikasi mobile banking tidak bisa buka suruh verifikasi update tolong bantu,0,netral
Winda Dwi Marlina,"Gk kaya biasa nya, tiba² keluar dr apk, malah minta regist ulang ke atm, menyusahkan sekali :(",2024,bca,tidak kaya aplikasi regist ulang atm susah,-1,negatif
Flexx Id,"Kenapa akhir akhir ini sering banget indikatornya merah terus. Padahal sebelum sembelumnnya aman aman aja, tolong min diperbaiki",2025,bca,banget indikator merah sembelumnnya aman aman tolong baik,3,positif
Sumargo Farhan,sekarang my BCA koq Ndak bisa buat transaksi ya suruh abdet tapi Ndak bisa,2025,bca,my bca koq ndak bisa transaksi suruh abdet ndak bisa,0,netral
Aag Random,kenapa tidak muncul notifikasi uang keluar atau masuk,2025,bca,tidak muncul notifikasi uang masuk,0,netral
Kartika Dessy Andriana,Saya terkendala force close terus padahal sudah berulang kali hapus dan instal ulang. Solusi???,2024,bca,kendala force close ulang hapus instal ulang solusi,-3,negatif
Saipul Hadi,Pakai wifi jaringan slalu terputus . Pakai data ponsel baru bisa,2025,bca,pakai wifi jaring slalu putus pakai data ponsel bisa,-1,negatif
Lidiya Ya,komfirmasi nya lama dan data ter ferifikasi nya pas daftar online lama sekali ter ferifikasinya .udah 3 hari sampe sekarang ngk di ferifikasi juga .tapi moderator pelayanan nya ramah dan bayik cuman lama di ferifikasi daftar online .kalu bisa di perbayiki lagi .dan cepat di verivikasi data yg mendaftar online 🙏,2025,bca,komfirmasi lama data ter ferifikasi cocok daftar online lama ter ferifikasinya ngk ferifikasi moderator layan ramah bayik cuman lama ferifikasi daftar online kalu bisa perbayiki cepat verivikasi data daftar online,-2,negatif
Metty Yuliana,Gimana ini dr kemaren g bisa transaksi,2024,bca,kemaren tidak bisa transaksi,0,netral
Aldy A pranata,"kok jadi berat sih, abis updet kemarin????",2025,bca,berat abis update kemarin,0,netral
Hafidz oke,"Sekarang potongan makin gede aja sudah biaya kartu,biaya limit,biaya bulanan,,di total nyampe 50rb perbulan,, mendingan pindah ke yang lah kalo kaya gini terus mah",2025,bca,potong gede biaya kartubiaya limitbiaya bulanandi total nyampe ribu bulan mending pindah kaya gin mah,0,netral
Ryan pramita,"Ini bagaimana aplikasinya tidak bisa dipakai sudah beberapa hari ini ,mau transaksi apa"" jadi susah . Tolong dong diperbaiki ,jadi bingung harus gimana lagi ? Sudah berbagai cara saran cs dilakuin masih tetap tidak bisa .",2024,bca,aplikasi tidak bisa pakai transaksi susah tolong baik bingung saran customer service dilakuin tidak bisa,-1,negatif
Sandi Gunawan,Tolong dong udah 2 ketutup sendiri terus aplikasi nya. Kapan bener nya,2024,bca,tolong tutup aplikasi,0,netral
Ogip Setiawan,Setelah update aplikasi forclose. Apa yang harus dilakukan karena ini sangat mengganggu jalannya transaksi,2024,bca,update aplikasi forclose sangat ganggu jalan transaksi,-1,negatif
Fadli Payro,Oke thanks Aplikasi tidak dapat berfungsi dengan baik,2024,bca,oke thanks aplikasi tidak fungsi,0,netral
Golden Water,Kenapa ga bisa di buka ada gangguan kah ? Mohon info,2024,bca,tidak bisa buka ganggu kah mohon info,-1,negatif
Muhammad Arkan Ramadhan,"serves masih sering merah, saat mau transaksi malah sering menggangu ty",2025,bca,serves merah transaksi menggangu ty,0,netral
Wati Rajab,"kenapa tidak bisa di buka?pdhl tidak d gangguan internet, indikator terus di merah.. buka apk yg lain² tidak ada masalah",2025,bca,tidak bisa bukapdhl tidak ganggu internet indikator merah buka aplikasi tidak,-1,negatif
Ranny FujiA,"Bad bgt deh, knp ga bisa² buka. Keluar terus dri aplikasi nya",2024,bca,bad banget tidak bisa buka dri aplikasi,0,netral
Kun,"Karena ga bisa login bbrp kali dicoba uninstall, waktu reinstall mesti daftar lg ke ATM utk mbanking..jd nyusahin nasabah setiap ada update",2024,bca,tidak bisa login bbrp coba uninstall reinstall mesti daftar atm mbankingjd nyusahin nasabah update,0,netral
Herniaty Susanti,Knp aplikasi Mbangkin bca sy force close terus sih jelek amat,2024,bca,aplikasi mbangkin bca force close jelek,-3,negatif
Chumaidi Ahmad,kenapa saya tidak bisa main gebyar BCA yang pencet gecha..itu??? keterangan koneksi terputus...gitu terus dari 3 hari ini,2025,bca,tidak bisa main gebyar bca pencet gechaitu terang koneksi terputusgitu,0,netral
Edo Albarkah,indikator merah terus,2025,bca,indikator merah,0,netral
dedy budiasih,Aplikasi nya d tanggal 19-10-2024 debug. Keluar2 terusss,2024,bca,aplikasi tanggal debug teruss,0,netral
Clara Dian Anjani,aplikasi bca setelah diperbarui malah keluar sendiri aplikasi ny,2024,bca,aplikasi bca baru aplikasi ny,0,netral
Sandi Ubay,dah lama ga pake karna hp rusak. giliran mau pake lagi kok gini? bolak balik SMS BERBAYAR buat verifikasi di ATM tp masih ga bisa dipake. tolong benerin min!!!,2025,bca,lama tidak pakai handphone rusak gilir pakai gin bolak pesan bayar verifikasi atm tidak bisa dipake tolong benerin,-1,negatif
Ahmad fajrill,"Saya ingin login ulang tapi verifikasi wajah tidak bisa, itu gimana",2024,bca,login ulang verifikasi wajah tidak bisa,0,netral
Martin,"Gimn nie abis update suka FC melulu ga bisa buka, et dah.. tolong di perbaiki, masa update bikin error, bukannya makin bagus, Mala bikin rusak.",2024,bca,gimn nie abis update suka fc melulu tidak bisa buka et tolong baik update error bagus mala rusak,2,positif
ade rachmat hidayah,"Kenapa aplikasi saya tidak bisa di buka,padahal sudah update dan restart hp",2024,bca,aplikasi tidak bisa bukapadahal update restart handphone,0,netral
Jepri,"update tampilan pada transfer gunanya apa , search engine gak bisa di pakai, KOCAK! NYARI NAMA ORANG YG DI TUJU TAPI GAK BERALIH TTP AJA DI SITU.",2025,bca,update tampil transfer guna search engine tidak bisa pakai kocak nyari nama orang tuju tidak alih situ,0,netral
Tuan Muda,"tolong kepada pihak bank BCA kenapa setiap saya mau buka rekening BCA selalu gagal alasan tidak jelas wlpn saya sudah foto jelas-jelas ap harus alamat KTP kota baru bisa buka rekening BCA alamat kampung tidak bisa gimana saya mau bikin rekening BCA, kalau emang harus alamat kota, padahal saya sungguh ingin buka rekening BCA buat menabung",2025,bca,tolong bank bca buka rekening bca gagal alas tidak wlpn foto jelasjelas ap alamat ktp kota bisa buka rekening bca alamat kampung tidak bisa rekening bca alamat kota sungguh buka rekening bca tabung,-1,negatif
Maulidah Rahmahh,verifikasi wajah selalu gagal padahal sudah di bawah matahari,2025,bca,verifikasi wajah gagal matahari,-1,negatif
Alda Putri,Ini emang kalo ada dana masuk ga ada notif nya ya.?,2024,bca,dana masuk tidak notif,0,netral
Heri Lim,semakin lama semakin melambat. kirain hp yg melambat ternyata aplikasinya yg melambat. mulai kurang nyaman dengan aplikasi BCAmobile,2025,bca,lama lambat kirain handphone lambat aplikasi lambat kurang nyaman aplikasi bcamobile,-3,negatif
Irdam Android,Baru update kok malah gak bisa menu search.... tolong di cek ya. Terus fungsi tabel search di tab daftar rekening itu buat apa ? kok tidak berfungsi. ini semenjak saya update pembaharuan loh.,2025,bca,update tidak bisa menu search tolong cek fungsi tabel search tab daftar rekening tidak fungsi semenjak update baharu,0,netral
Chandra,coba kaya mandiri. itu bisa cek mutasi dari bulan sebelumnya atau tahun sebelumnya.,2025,bca,coba kaya mandiri bisa cek mutasi,0,netral
Andhin Niac,"ini kenapa fitur transfer ke sesama rekening ataupun beda rekening ga bisa yah ?? barusan juga transaksi virtual account ikutan ga bisa, tolong dibantu",2025,bca,fitur transfer rekening beda rekening tidak bisa barusan transaksi virtual account ikut tidak bisa tolong bantu,0,netral
Susi Setyowati,"kenapa susah bgt ,udah install ulang,hapus install tetep g bisa di buka m BCA nya",2025,bca,susah banget install ulanghapus install tetep tidak bisa buka m bca,-1,negatif
aku,kok gak ada yg buat hapus histori QR dan transaksi....,2025,bca,tidak hapus histori qr transaksi,0,netral
Muhammad Mugeni,"hbs UPDATE,knp gk bisa terbuka aplikasinya BCA nya,hp saya vivo Y20G....parah banget!!!",2025,bca,hbs updateknp tidak bisa buka aplikasi bca nyahp vivo y gparah banget,0,netral
SANDI CZI,update terbaru oktober 2024 suka force close,2024,bca,update baru oktober suka force close,-1,negatif
Marina ditawati,Min ini dari kemarin kok m mobile gak bisa di akses trs kenapa ya,2025,bca,kemarin m mobile tidak bisa akses,0,netral
Hardi Ajah,Betul.. setelah update ada bug di hal yg sama(force close). Solusi non aktifkan aplikasi yg membutuhkan aksesibilitas. Makasih dari komentar nasabah yg ngasih info🙏🤝. Dah beberapa hari saya kesulitan akses m-BCA sampe2 saya hapus dan daftar ulang lagi. Mohon klo ada update di trial n error dlu. Sblum di rilis ke publik biar ga merugikan nasabah. Makasih🙏,2024,bca,update bug samaforce close solusi non aktif aplikasi butuh aksesibilitas makasih komentar nasabah ngasih info sulit akses mobile bca hapus daftar ulang mohon update trial n error sblum rilis publik tidak rugi nasabah makasih,-3,negatif
Zatnika Dika,"dalam menu transfer, kita akan menulis nama atau norek, tp tetap harus digulir kebawah,, kalau dulu, cukup kita tulis nama rek tujuan, maka akan muncul nama / rek tersebut,, ngapain ada menu mencari kalau tidak auto search sperti dulu,, jani aneh setelah up date yg baru,,",2025,bca,menu transfer tulis nama norek gulir bawah tulis nama rekening tuju muncul nama rekening menu cari tidak auto search sperti jani aneh up date,0,netral
rizky utami,kenapa q ris sy tidak bisa digunakan padahal ada wifi dan kuota terisi,2025,bca,q ris tidak bisa wifi kuota isi,0,netral
Dwi Endah Meirani,Setelah update terbaru kok jadi sering close sendiri aplikasinya padahal blm selesai transaksi. Ini bagaimana ya diupdate bukan jadi lebih baik lagi..,2025,bca,update baru close aplikasi selesai transaksi diupdate,-1,negatif
IQI REAL TV,susah bikin m banking tinggal ceklis aktivasi ngga bisa ceklis biru,2025,bca,susah m banking tinggal ceklis aktivasi tidak bisa ceklis biru,-1,negatif
Herry ajja,mau top up e tol sekarang susah banget,2025,bca,top up e tol susah banget,0,netral
joo ae,Setelah di update sering force close,2024,bca,update force close,-2,negatif
Rizlah Maulidya,Apk jadi gabisa kebuka di hp saya diklik malah mental keclosed trs,2024,bca,aplikasi tidak bisa buka handphone klik mental keclosed,0,netral
Ahmad Julyani,"Koq ga bisa m-Transfer ke shopeepay, kno nih min?",2025,bca,koq tidak bisa mtransfer shopeepay kno,0,netral
Suprapti Suprapti,Tolong ini kenapa tidak bisa transfer antar bank,2025,bca,tolong tidak bisa transfer bank,0,netral
hari ramdani,"kemarin2 bagus, kenapa pas update gangguan terus? harusnya makin bagus dong",2025,bca,kemarin bagus cocok update ganggu bagus,1,positif
Zaenal Abidin,klik bca gak bisa kebuka,2025,bca,klik bca tidak bisa buka,0,netral
Ali Sugianto,Uda d update versi 4.5.0 tp tetap gk bisa msk k menu BCA nya (m-BCA).,2024,bca,uda update versi tidak bisa msk k menu bca mobile bca,0,netral
Sujarwadi031,sangat menyenangkan pakai mbca,2025,bca,sangat senang pakai mobile bca,0,netral
Yasin Effendi,"hari ini 18 April 2025 mode searching daftar rekening transfer tiba² jadi macet..jadi ribet, karena harus scroll ke bawah utk cari nama yg dimaksud",2025,bca,april mode searching daftar rekening transfer macetjadi ribet scroll cari nama,-1,negatif
Niken Tri Handayani,ini kenapa yaa aplikasinya tiap mau dibuka malah ga bisa langsung ke clous sendiri aneh bgt padahal sebelumnya gada masalah,2025,bca,aplikasi buka tidak bisa langsung clous aneh banget gada,0,netral
Meri Pr,mohon untuk diperbaiki. akhir akhir ini agak lemot saat digunakan aplikasi nya terima kasih,2025,bca,mohon baik lama aplikasi terima kasih,0,netral
Edwar Sky,"Kenapa ya saya tidak bisa buka aplikasi MBCA skrg? Setelah update terakhir,aplikasi gak bisa berjalan, dibuka nutup lagi. saya uninstall trus install lagi tetep seperti itu.",2024,bca,tidak bisa buka aplikasi mobile bca update terakhiraplikasi tidak bisa jalan buka nutup uninstall install tetep,0,netral
andi syafriadi,"Setelah ada pembaharuan, apk malah gak bisa dibuka langsung force close, sinyal kuat gak ada masalah, tolong diperbaiki yaa secepatnyaa, terima kasih.., sudah dicoba untuk clear cache dan penyimpanan serta paksa berhenti masih belum bisa min",2024,bca,baharu aplikasi tidak bisa buka langsung force close sinyal kuat tidak tolong baik secepatnyaa terima kasih coba clear cache simpan paksa henti bisa,-1,negatif
Endri Suzuki,ok,2025,bca,ok,0,netral
Ryan Hidayat,"beta ribet nya mbangking sekarang cuma minta kode otp aja ga bisa"" mna ATM udah ga aktf ngandelin mbangking doang tpi ga bisa dapet kode otp buat masuk ke mbangking",2025,bca,beta ribet mbangking kode one time password tidak bisa mna atm tidak aktf ngandelin mbangking tidak bisa dapet kode one time password masuk mbangking,-1,negatif
Karsih 123,"tiap mau transfer harus cari nama penerima nya scroll sampe bawah,gak kaya dulu pas kopi paste/tulis nama norek lgsg muncul nama penerima nya",2025,bca,transfer cari nama terima scroll bawahgak kaya cocok kopi pastetulis nama norek lgsg muncul nama terima,0,netral
Rizky Dwi s,Kenapa aplikasinya tidak bisa terbuka,2025,bca,aplikasi tidak bisa buka,0,netral
albert wisudawan,"BCA masih tidak bisa digunakan, selalu force close, apakah ada gangguan dengan aplikasi nya, mohon bantuannya",2024,bca,bca tidak bisa force close ganggu aplikasi mohon bantu,-3,negatif
Wulan Prasetia,kenapa tiba² sering forceclose sendiri,2024,bca,forceclose,0,netral
Aditya nugraha,"Aplikasi selalu forced close setelah di update, tidqk bisa dibuka apalagi digunakan. Tolong diperbaiki",2024,bca,aplikasi forced close update tidqk bisa buka tolong baik,0,netral
Trezz Zeee,"Setelah update aplikasi hari ini (22/10/2024), begitu di klik menu m-BCA, langsung FORCE CLOSE. Tetapi sy coba non aktifkan antivirus (off) di hp sy melalui di menu setting (aksesbilitas), aplikasi bisa dibuka. Mohon untuk dapat segera diperbaiki. Trims.",2024,bca,update aplikasi klik menu mobile bca langsung force close coba non aktif antivirus off handphone menu setting aksesbilitas aplikasi bisa buka mohon baik trims,-1,negatif
Asri Widiyanti,"Ini gimana sih aplikasi nya Tiba2 keluar sendiri udah di update tetep gak bisa, tolong diperbaiki lagi klo gk bisa pake mbca susah karena ini memudahkan untuk transfer lewat hp, dri kmrin udah dicoba berkali kali krim sms gagal terus",2024,bca,aplikasi update tetep tidak bisa tolong baik tidak bisa pakai mobile bca susah mudah transfer handphone dri kmrin coba kali krim pesan gagal,0,netral
Kamandanu Apriandika,"saldo tidak jelas terpotong tidak ada riwayat pembayaran dan mutasi uang terpotong, sangat tidak masuk akal dan merugikan",2025,bca,saldo tidak potong tidak riwayat bayar mutasi uang potong sangat tidak masuk akal rugi,0,netral
Tukiman Prastowo,"Aplikasi m banking sa tiba² ga bs jalan. Tiap d tab, nonton menu paling depan kira² satu detik lalu balik lg ke profil bca aja. Bca ns ksh solusi?",2024,bca,aplikasi m banking sa tidak bs jalan tab nonton menu detik profil bca bca ns ksh solusi,0,netral
Faishal Hidayat,"sekarang saat search nama ketika mau transfer, tidak work fitur search nya. cukup mengganggu ketika hendak transfer harus scroll manual",2025,bca,search nama transfer tidak work fitur search ganggu transfer scroll manual,-1,negatif
Rina Srikustina,Tgl 18 saya masuk apk berkali2 tidak bisa .. sudah bisa buka sekarang karena saya baca ulasan2 dari teman2 semua bukan solusi dari bca nya yaitu buka pengaturan matikan semua aksibilitas baru bisa dibuka apk nya semoga membantu terimakasih,2024,bca,tgl masuk aplikasi kali tidak bisa bisa buka baca ulas teman solusi bca buka atur mati aksibilitas bisa buka aplikasi moga bantu terimakasih,0,netral
Yusuf Mualaf,"Ketika mau mentransfer memilih bifas, aplikasi langsung keluar, dan itu terjadi berulang kali terus sampai sekarang, akhir akhir ini eror terus BCA, mohon di perbaiki mbanking BCA",2025,bca,transfer pilih bifas aplikasi langsung ulang error bca mohon baik mbanking bca,0,netral
asmoro banyumudal,ok lh,2025,bca,ok lh,0,netral
Nina Putri,Dr kemarin ga bisa update cm muter2 aja,2024,bca,kemarin tidak bisa update cm muter,0,netral
Sisanto Anto,payah nunggu lampu ijo baru bisa trnsaksi,2025,bca,payah nunggu lampu ijo bisa trnsaksi,0,netral
Rizqon Haqiqi,"setelah diupdate kok malah sering delay dan ngebug ya aplikasinya,mohon diperbaiki",2025,bca,diupdate delay ngebug aplikasinyamohon baik,0,netral
P.H. Herutomo L. Tobing,Setelah update kemarin aplikasi tutup-tutup sendiri tolong diperbaiki,2024,bca,update kemarin aplikasi tutuptutup tolong baik,1,positif
Uux Blackheart,notifikasi transaksi tidak keluar,2025,bca,notifikasi transaksi tidak,0,netral
Ilma Ilma,"kenapa trus2 minta update sih? trus sdh di update minta update lagi, apa maksudnya",2025,bca,update update update maksud,0,netral
Fiqhi Fauzi,"selalu error kalo mau tf, gak bisa klik jumlah uang",2025,bca,error transfer tidak bisa klik uang,-1,negatif
Gupta Saja,ini kenapa ya tiba2 ga bisa di buka?disuru nonaktifkan aksesibilitas? sebelum2nya gak pernah kejadian begini🤔,2025,bca,tidak bisa bukadisuru nonaktif aksesibilitas tidak jadi,0,netral
ZAQY BLYTHE,"tiap mau transaksi di atas jm 12 malam pasti signal merah terus, dan gk bisa di gunakan.. masak tiap hari maintenance!?",2025,bca,transaksi jm malam signal merah tidak bisa masak maintenance,0,netral
refangga wulandrio,"lampu indikator warna merah terus, aplikasi gabisa dipakai, sering truoble, disuruh beralih ke mybca tapi sama saja banyak minta update terus",2025,bca,lampu indikator warna merah aplikasi tidak bisa pakai truoble suruh alih mybca update,0,netral
Huang Cin Fong,"m-BCA tidak bisa buka,setelah di update",2024,bca,mobile bca tidak bisa bukasetelah update,0,netral
Anak Bontot,"TOLONG POTONGAN BULANANNYA 🙏 Saya Suka bank BCA untuk bertransaksi, awal mula pake biru untuk transaksi jual beli hanya barang bekas ...maju sini berkembang karna limit ke bank suruh ganti gold ...nga krasa di waktu ini POTONGANNYA 25rb Creative dan adm 21rb (total 46.000) 😔 pusing untung nya kecil ini itu",2025,bca,tolong potong bulan suka bank bca transaksi pakai biru transaksi jual beli barang bekas maju kembang limit bank suruh ganti gold nga krasa potong ribu creative adm ribu total pusing untung,1,positif
Pepen Haliman,Kenapa aplikasi BCA mobile nya gak bisa dibuka ya? Klo dibuka pasti balik lagi.,2024,bca,aplikasi bca mobile tidak bisa buka buka,0,netral
Netty Haloho,knapa makin sering gangguan dan ga bisa transaksi ya?,2025,bca,knapa ganggu tidak bisa transaksi,-1,negatif
Sri Adi,kalo mau transfer malah jd ribet...biasa ketik nama atau nomer rekening langsung muncul....skrg malah harus nyari dan scroll dulu.... mohon diperbaiki lagi aplikasinya,2025,bca,transfer ribetbiasa ketik nama nomer rekening langsung munculskrg nyari scroll mohon baik aplikasi,1,positif
Nona Project,"aplikasi nya ribet, tidak friendly",2025,bca,aplikasi ribet tidak friendly,-1,negatif
PUGUH. PHC,Susah kali menerima kode otp,2025,bca,susah terima kode one time password,-1,negatif
Joker 12,Kenapa aplikasi tidak bisa di buka,2024,bca,aplikasi tidak bisa buka,0,netral
ARR_SPEED #16,"setelah update malah tidak bisa di gunakan. gimana pihak terkait, masih belum ada lagi update terbaru masalah terkait. mohon segera di tindak lanjuti.",2024,bca,update tidak bisa kait update baru kait mohon tindak lanjut,0,netral
ipank ngetop,versi ini di hp infinix note 30 pro ga bisa dibuka..force close tolong diperbaiki,2024,bca,versi handphone infinix note pro tidak bisa dibukaforce close tolong baik,0,netral
Aris Rose,Indikator merah terus,2024,bca,indikator merah,0,netral
Suha Parmanta,mohon bantuan apakah akun dana yg dibekukan bisa diaktifkan lewat bantuan pihak BCA,2025,bca,mohon bantu akun dana beku bisa aktif bantu bca,0,netral
MTS NUSAFINATUNNAJAH,"Tolong di perbaiki app force close sendiri, terima kasih",2024,bca,tolong baik aplikasi force close terima kasih,-1,negatif
Ririn 09,"Qris nya kenapa jadi muter"" terus gak bisa tampil scan nya",2025,bca,qris muter tidak bisa tampil scan,0,netral
jonathan prasetyo,tolong tambahin biometrik,2025,bca,tolong tambahin biometrik,0,netral
Edi hartono,Bca mobile hari oni gak bisa kebuka kenapa ya,2024,bca,bca mobile oni tidak bisa buka,0,netral
Dede Fauziah,mohon info kenapa mbnking saya setiap mau buka belum juga login udh ketutup lagi ketutup lagi ga bisa buka mbnking udh di coba lepas aplikasi tetap ga bisa tolong jawab yg tau kenapa dan harus gimna,2024,bca,mohon info mbnking buka login tutup tutup tidak bisa buka mbnking coba lepas aplikasi tidak bisa tolong gimna,0,netral
Deni Pangestu,"semenjak update yg ganti font, aplikasi jd lelet. lampu indikator sering merah. jangan pula bca udh kayak bank bumn ya, suka blunder",2025,bca,semenjak update ganti font aplikasi lelet lampu indikator merah bca bank bumn suka blunder,1,positif
Arviela A S diman,"Kuntullll ngirim sms ke nomor lain lancar lancar aja, kenapa pas verifikasi dari bcamobile kok gagal terussss. Buat kesal aja... Ga bisa kasi attachment lagiii",2024,bca,kuntull ngirim pesan nomor lancar lancar cocok verifikasi bcamobile gagal teruss kesal tidak bisa kasi attachment lagi,1,positif
Ratna Wati,kalo engga di update bisa engga ? soalnya penuh memori hpnya. yg lama kok engga bisa dipake ya..,2025,bca,engga update bisa engga penuh memori hpnya lama engga bisa dipake,-1,negatif
Romy Hermawan,Ia knp setelah update jd ga bisa dibuka...ciba dipermudah atuh jd ga bisa ngecek keuangan,2024,bca,update tidak bisa dibukaciba mudah atuh tidak bisa ngecek uang,1,positif
Endang Supriyatna,"Update baru malah lebih susah mau transfer. Fitur search daftar transfer tidak berfungsi, harus cari manual. Padahal sebelumnya fiturnya berfungsi dengan baik. Coba diperbaiki min.",2025,bca,update susah transfer fitur search daftar transfer tidak fungsi cari manual fiturnya fungsi coba baik,0,netral
Arman Ramadhan,ini gimana ya udh pakai versi terbaru jaringan stabil tetap aja gk bisa buka tolong dong solusinya admin,2024,bca,pakai versi baru jaring stabil tidak bisa buka tolong solusi,1,positif
RAFI MUHAMAD RIZKI,Proses verifikasi wajah tidak merespon lingkaran selalu merah mohon solusinya,2024,bca,proses verifikasi wajah tidak merespon lingkar merah mohon solusi,0,netral
Muslim Ibnu toyib,KALO DULU BUKTI TRANSKASI BISA DI COPI PASTE SEKARANG GAK BISA. TOLONG DI BUAT BISA KEMBALI,2025,bca,bukti transkasi bisa cop paste tidak bisa tolong bisa,0,netral
alfie Kmote,Tolong dong ini kenapa palikasi BCA mobile udh di update ko g bisa di buka,2024,bca,tolong palikasi bca mobile update tidak bisa buka,0,netral
Qisya,kalo buka aplikasi bca cuma muncul warna hitam itu kenapa ya???,2025,bca,buka aplikasi bca muncul warna hitam,0,netral
andika puspa negara,setelah d update. sinyal hijau cuma gk bisa transaksi berbubah lampu biru terus. tolong d perbaiki segera. agar bisa transaksi lg,2025,bca,update sinyal hijau tidak bisa transaksi berbubah lampu biru tolong baik bisa transaksi,1,positif
ardy teknik46,"setelah update transfer ke rekening lain yang memang sudah terdaftar dari dulu,kok gagal terus,,hadeeehh padahal sebelum update gak pernah ada masalah",2025,bca,update transfer rekening daftar dulukok gagal terushadeehh update tidak,-1,negatif
Lilo,"Apknya kembali terus sendiri, gimana ini tidak bisa dipakai",2024,bca,apknya tidak bisa pakai,0,netral
Giyan payung tunggol nogo Payung tunggol Nogo,Selalu error setiap selesai transaksi,2024,bca,error selesai transaksi,-1,negatif
Sekar Andini,Keluhan yg saya ajukan sudah di atasi good job BCA,2025,bca,keluh aju atas good job bca,0,netral
Maulana Yusuf,aplikasinya sangat lemotttt,2025,bca,aplikasi sangat lemott,0,netral
hack tora bro,MAINTENACE HAHAHA,2025,bca,maintenace hahaha,0,netral
Syariff Al Quds,mbca lagi gangguan kah? dari tadi tidak bisa di buka,2025,bca,mobile bca ganggu kah tidak bisa buka,-1,negatif
arie rosi,"Aplikasi bisa jalan kalau kartu sim jadi satu sama hp,menurut sy ini bahaya klo hp hilang orang lain bisa dgn mudah ganti kode akses karna kartu sim nya nempel.",2024,bca,aplikasi bisa jalan kartu sim hpmenurut bahaya handphone hilang orang bisa mudah ganti kode akses kartu sim nempel,1,positif
Ratna Mayang Sari,"Pusing deh liat bca ini, masa mau buka m-baking punya ku harus bolak2 balik regestrasi lagi, mana kenak potong pulsa lagi, uda gitu tetap aja gak bisa ke buka m-baking ku, ini maksud nya pakai m-baking biar gak ribet, tapi malah makin rumit jadi nya. tolong dong bca dibantu m-baking ku itu gimna ya🙏🏻",2025,bca,pusing liat bca buka mbaking ku bolak regestrasi nak potong pulsa uda gitu tidak bisa buka mbaking ku maksud pakai mbaking tidak ribet rumit tolong bca bantu mbaking ku gimna,-1,negatif
Angger Saputra,"ini ko aneh ya ga bsa buat transfer,merah trs",2025,bca,aneh tidak bsa transfermerah,0,netral
SUBUR,semoga bermanfaat,2025,bca,moga manfaat,0,netral
Edi Sudrajat,"Susah banget masuk untuk verifikasi doang aja,,, belum lagi verifikasi OTP, verifikasi wajah, malah tambah ribet",2025,bca,susah banget masuk verifikasi verifikasi one time password verifikasi wajah ribet,-2,negatif
Andreas Wijayanto,"saat transfer, mau search dari daftar rekening tidak bisa. harus manual scroll cari nama yang dituju. mohon diperbaiki.",2025,bca,transfer search daftar rekening tidak bisa manual scroll cari nama tuju mohon baik,1,positif
larras official,knp g bisa upgrade,2025,bca,tidak bisa upgrade,0,netral
PLAY CHIP STORE,"Kenapa akhir akhir ini apk bca mobile dan my bca tidak biaa di buka, atau bisa di buka namun tidak bisa transaksi",2024,bca,aplikasi bca mobile my bca tidak biaa buka bisa buka tidak bisa transaksi,0,netral
Ting Tang,Kenapa tiba tiba BCA mobile saya tidak bisa di buka ?,2024,bca,bca mobile tidak bisa buka,0,netral
Nani Andayani,baik,2025,bca,,0,netral
Sarly Karni,"saya sebagai pengguna baru, kenapa tidak bisa login ke akun BCA mobile yaa? perasaan sudah isi pulsa, jaringan saya pun lancar udah saya coba berkali² ttp tidak bisaa tolongg perbaiki dongg!!",2025,bca,guna tidak bisa login akun bca mobile asa isi pulsa jaring lancar coba kali tidak bisaa tolongg baik dongg,2,positif
Rar 9598,Seringkali transaksi/ aplikasi tidak bisa digunakan.. setelah masukan kode akses,2025,bca,seringkali transaksi aplikasi tidak bisa masuk kode akses,0,netral
Wiedya Kurniasih,Pak. bca yg di update ini kok fontnya seperti tidak formal.. beda sama yg kmrin sebelum di update. kalo di ss seperti editan.. tolong perbaiki kayak kmrin aja fontnya.,2025,bca,bca update fontnya tidak formal beda kmrin update ss edit tolong baik kmrin fontnya,1,positif
Kaila Andriani,Tiba-tiba ngga bisa dibuka,2025,bca,tibatiba tidak bisa buka,0,netral
Galuh Akbar,Mbanking saya sudah hampir seminggu selalu forced close bahkan ketika saya install ulang bca mobile malah tidak bisa masuk. Mohon dibantu,2024,bca,mbanking minggu forced close install ulang bca mobile tidak bisa masuk mohon bantu,-1,negatif
Aradea Elsa,"Stlh update malah force close Mulu, udh baca ulasan ikutin saran tetep aja ga bisa min tolong segera di perbaiki ya min, saya sangat butuh mbanking untuk transaksi, terimakasih",2024,bca,stlh update force close baca ulas ikutin saran tetep tidak bisa tolong baik sangat butuh mbanking transaksi terimakasih,-1,negatif
Yolanda Nengrum,Min gak bisa apa di perbarui kayak bank lain buat lihat mutasi rekening engga cuma sampe 31 hari kebelakang aja...,2025,bca,tidak bisa baru bank lihat mutasi rekening engga belakang,0,netral
harry naga,"sering eror, sering bgt notif silahkan coba beberapa saat lagi.. ga stabil",2025,bca,error banget notif silah coba tidak stabil,0,netral
AkmaLLudin (KamiL#99),Kesel sendiri selalu Force Close setelah pembaruan aplikasi kemarin...,2024,bca,kesel force close baru aplikasi kemarin,-2,negatif
Bukti Rizki,sinyal kuat tapi sering merah kocak ni sekarang apk buat bayar2 lama bgt nunggu mpe ijo,2025,bca,sinyal kuat merah kocak aplikasi bayar lama banget nunggu mpe ijo,-1,negatif
Suryadi,tak kira sinyalnya yg bermasalah ternyata banyak yaa yg komplen gara² ngelag habis update,2025,bca,sinyal masalah komplen gara ngelag habis update,-1,negatif
Aris Munandar,kenapa lampu indikatornya tdak berubah2 menjadi hijau,2025,bca,lampu indikator tdak ubah hijau,0,netral
wisnu hartanto,"habis update buat transfer malah gak bisa, habis klik rekening tujuan njepat2 😂",2025,bca,habis update transfer tidak bisa habis klik rekening tuju njepat,0,netral
Fadzillahna,"Tolong diperbaiki, setelah ada update terbaru aplikasi malah ga bisa dibuka setiap mencoba masuk langsung force close. Tolong diperbaiki segera karna hal ini mengganggu transaksi dan akses untuk mengelola BCA MOBILE MOHON SEGERA DIPERBAIKI",2024,bca,tolong baik update baru aplikasi tidak bisa buka coba masuk langsung force close tolong baik ganggu transaksi akses kelola bca mobile mohon baik,0,netral
Bagus Mu,Perizinan masuk tidak bisa accept,2025,bca,izin masuk tidak bisa accept,0,netral
NURMAIKA nunna_makeup,"biasanya qris nya cepet .. ini ko udah sebulan loadingnya lama ya ,pdhal udah di update, apa saya saja yg kyk gini?",2025,bca,qris cepet bulan loadingnya lama pdhal update kyk gin,-1,negatif
William Dhamma (WiLaxus),"kok respon aplikasi setelah login, jadi agak berat ya? biasanya ringan dan lancar, kali ini seperti lambat merespon perintah.. mohon diperbaiki",2025,bca,respon aplikasi login berat ringan lancar lambat merespon perintah mohon baik,1,positif
Risky 14,ko tiket kreta gak ada yah. bulan kemaren masih ada min tolong bales !!?,2024,bca,tiket kreta tidak kemaren tolong bales,0,netral
Piqi Piqtor,"ini knp sih gada ngapa2in jg, tapi tiap buka tetiba sim card tidak sesuai, verifikasi ulang mulu. pulsa abis cuma buat beginian..",2025,bca,gada ngapa in buka tetiba sim card tidak sesuai verifikasi ulang pulsa abis,0,netral
Andi Apriyadi,ini kenapa aplikasi nya lemot banget ga kaya dulu perasaan cepet. padahal hp saya ram nya 8gb. perbaiki lagi dong,2025,bca,aplikasi lama banget tidak kaya asa cepet handphone ram gb baik,0,netral
verlly marven senewe,"bagus sih , tapi sekarang terlalu sering minta update , masa update sebulan sampe 3 kali",2025,bca,bagus update update bulan,1,positif
Muhamad Bukhori,Cara melihat nomor kartu gimana ya kalau ada yang tau tolong di komen🙏🏻,2025,bca,nomor kartu tolong komen,0,netral
ADITCOBRA,Abis di update malah nge bug,2024,bca,abis update nge bug,0,netral
toni kurniawan,"Just info,di HP saya ada kendala untuk aplikasi Bca mobil sebelum di upgrade Baik baik saja,setelah di upgrade baru pencet aplikasinya langsung keluar lagi dari aplikasi,sudah coba di install ulang 5x tapi tetap masih belum bisa,mohon bantuannya perbaiki kembali sistem yg sebelumnya bisa support ke semua merk hp skrg terkendala Terima kasih",2024,bca,just infodi handphone kendala aplikasi bca mobil upgrade sajasetelah upgrade pencet aplikasi langsung aplikasisudah coba install ulang bisamohon bantu baik sistem bisa support merk handphone kendala terima kasih,-1,negatif
arik,sangat puas,2025,bca,sangat puas,1,positif
Febry Kurniawati,tolong dong ini saya mau cek saldo gabisa. merah trusss 😭,2025,bca,tolong cek saldo tidak bisa merah truss,0,netral
Wiwit Nurwahyudi,"Saya tidak bisa buka BCA mobile, selalu ketutup sendiri, sy juga sudah ke cabang BCA terdekat, tapi tetap tidak bisa bantu, mohon segera di update di play store",2024,bca,tidak bisa buka bca mobile tutup cabang bca dekat tidak bisa bantu mohon update play store,0,netral
Beruk Hideng,"mau buat m-banking,hrs nggu lampu warna ijo, lampu indikator ny mn??? LG error y??",2025,bca,mbankinghrs nggu lampu warna ijo lampu indikator ny mn error y,-1,negatif
D D,Ini kenapa ya mbangking saya tiap di buka gabisa terus??mau belanja qris kaget kok ga bisa di pake tiap buka nutup lg terus,2024,bca,mbangking buka tidak bisa terusmau belanja qris kaget tidak bisa pakai buka nutup,0,netral
fortuna aflahah,sangat mudah dan nyaman. tp aktifasi kuasa debet bisa menjadi tempat sasaran penipu untuk menguras tabungan. pengaktifannya begtu mudah tapi menonaktifkannya begtu sulit harus ke kantornya BCA,2025,bca,sangat mudah nyaman aktifasi kuasa debet bisa sasar tipu uras tabung aktif begtu mudah nonaktif begtu sulit kantor bca,2,positif
Viftadwi agustin,"tolong perbaiki, ketika saya ingin login langsung ke logout trus, udh berulang x di coba sampe uninstal trus donlod lg ttp gabisa",2024,bca,tolong baik login langsung logout ulang coba uninstal donlod tidak bisa,0,netral
LyricsHati,"Tidak bisa di buka, langsung close sendiri tolong solusinya transaksi jadi terhenti, sudah uninstal / instal ulang lagi tetap sama.",2024,bca,tidak bisa buka langsung close tolong solusi transaksi henti uninstal instal ulang,-1,negatif
Ningsih Indah,Aplikasi bca saya knp tidak bisa di buka lg eror atau gmn gk biasanya lo kaya gini,2024,bca,aplikasi bca tidak bisa buka error gmn tidak kaya gin,-1,negatif
RO•N-A-L•DO 3,Aku Sudah Tarik Semua Takutnya Kalau Mau Tarik Tiba Tiba Keblokir Apalagi Mau Tarik Buat Biaya Kebutuhan Untuk Bayar Rumah Sakit Tiba Tiba Rekening Keblokir Terimakasih Bank BCA Sudah Menemaniku Menjaga Uang Ku Selama 7 Tahun Tidak Ada Halangan Apapun Sebelum Perintah Diterapkan Tentang Uang Nganggur Selema 3 Bulan Kini Tahun 2025 Tak Lagi Menabung Uang Di BCA Karena Takutnya Ke Blokir Saat Kebutuhan Apapun Saat Kami Sedang Butuh,2025,bca,tarik takut tarik blokir tarik biaya butuh bayar rumah sakit rekening blokir terimakasih bank bca teman jaga uang ku tidak halang apa perintah terap uang nganggur lema tabung uang bca takut blokir butuh apa butuh,0,netral
Why Dnd,"Kenapa sekarang BCA g bisa Top Up Shopee?? Padahal kemarin² bisa lho, hari ini mau Top Up gagal terus, padahal sinyal bagus.. Repottt bener daah...",2025,bca,bca tidak bisa top up shopee kemarin bisa lho top up gagal sinyal bagus repott daah,2,positif
Jonathan Devriyandie,makin gak jelas nih updatenya BCA makin ke sana makin ke sini,2025,bca,tidak updatenya bca,0,netral
Yubee1805,"Kenapa tiba' keluar sendiri mohon beri penjelasan,udah diulang login menggunakan no ATM tidak dapat masuk.",2024,bca,mohon penjelasanudah ulang login no atm tidak masuk,0,netral
P One,knp makin kesini ngx bisa transfer,2025,bca,kesini ngx bisa transfer,0,netral
Hapsari Dwianjani,tolong di perbaiki karena tidak dapat menginput nomor virtual ke bca virtual. susah banget di tekan tekan ga bisa.,2025,bca,tolong baik tidak menginput nomor virtual bca virtual susah banget tekan tekan tidak bisa,0,netral
BundaLedy,Udah 2 hari ga bisa buka BCA mobile.. setelah di update padahal tiap hr butuh transaksi... tolong d perbaiki lah aplikasinya,2024,bca,tidak bisa buka bca mobile update hr butuh transaksi tolong baik aplikasi,1,positif
Andrean Galiani,"makin lemot, ga sat set kyk dulu...ketika butuh transaksi cepat loading lama",2025,bca,lama tidak sat set kyk duluketika butuh transaksi cepat loading lama,-2,negatif
riyan xtrez,"saat mengetik nama tujuan untuk di transfer, tidak deteksi secara otomatis.. harus kita cari manual",2025,bca,etik nama tuju transfer tidak deteksi otomatis cari manual,0,netral
Hambanya Tuan,Sejak di-update aplikasi memaksa aplikasi lain yang memakai aksesibilitas untuk dimatikan. Tolong diperbaiki dong. Kan kita perlu aplikasi lain yang berjalan di aksesibilitas android.,2024,bca,diupdate aplikasi paksa aplikasi pakai aksesibilitas mati tolong baik aplikasi jalan aksesibilitas android,1,positif
SDP MOKO,Setelah diupdate tampilan fontny jelek..😅,2025,bca,diupdate tampil fontny jelek,-1,negatif
adien,Kenapa jadi susah....kalau mau tranfer nyari nama satu satu di urutin dari atas ke bawah bikin lama....,2025,bca,susahkalau tranfer nyari nama urutin lama,-1,negatif
M. Fatih Umar Taqi,"Aplikasinya tertutup sendiri, sekitar 2 detik langsung tertutup. Ini harus bagaimana",2024,bca,aplikasi tutup detik langsung tutup,0,netral
Rigel Casilas,"kenapa selalu gagal untuk kirim sms buat aktivasi? Padahal pulsa ada, dan saya sudah berkali-kali memindahkan sim ke slot sim 1 dan slot sim 2, juga sebaliknya tapi tetap ga bisa",2025,bca,gagal kirim pesan aktivasi pulsa berkalikali pindah sim slot sim slot sim tidak bisa,-1,negatif
Aulya Wenny anggraeni,lemot amat GK bisa kebuka,2024,bca,lama tidak bisa buka,-1,negatif
Noval Azhari,Lumayan,2025,bca,lumayan,0,netral
Nurfon 333,good,2025,bca,good,0,netral
Dicky Rachmat,Tidak bisa di update kenapa?,2025,bca,tidak bisa update,0,netral
Ardy Surya Kacaribu,susah dibuka...,2025,bca,susah buka,-1,negatif
Sidiq Iqbhal Khadafi,"Kenapa saya beli voucher tsel ngak masuk2 pulsanya, tapi saldo sudah berkurang. Saya harus menghubungi kemana?",2024,bca,beli voucher tsel ngak masuk pulsa saldo kurang hubung mana,0,netral
Janwar Mutaqin,"aplikasi lancar tidak ada masalah, tapi waktu saya menghubungi call center bca karena mbanking saya terblokir CS nya tidak sopan, seolah tidak mau melayani",2025,bca,aplikasi lancar tidak hubung call center bca mbanking blokir customer service tidak sopan tidak layan,1,positif
Arumi Nasha,"kenapa gk bisa masuk ke aplikasi ,udh bis pulsa tapi kode ot gk masuk juga",2025,bca,tidak bisa masuk aplikasi bis pulsa kode ot tidak masuk,0,netral
Sartono Putro,"kurang puas. mauu tf antar rekening selalu muter dan ada tulisan sendingg, mohon bantuannya min, itu karna apa. padahal antar bank trus qris bisa, tapi antar rekening gabisa",2025,bca,kurang puas mauu transfer rekening muter tulis sendingg mohon bantu bank qris bisa rekening tidak bisa,1,positif
Jumitri Kirana,Kok di saya gk bisa kebuka,2024,bca,tidak bisa buka,0,netral
meisiye abigail,Kenapa setiap buka bca mobile keluar sendiri terus gimana atuh mau cek nya,2024,bca,buka bca mobile atuh cek,0,netral
Zaka Wibowo,"Ini BCA Mobile kenapa sekarang agak lemot ya Login awal nya, semenjak update. Sebelum update login langsung masuk cepat. Ini juga jenis font nya bikin sakit mata, kembalikan font yang sebelumnya saja. Kembalikan BCA Mobile seperti dulu, sederhana tapi berfungsi dengan baik",2025,bca,bca mobile lama login semenjak update update login langsung masuk cepat jenis font sakit mata kembali font kembali bca mobile sederhana fungsi,0,netral
Wen Lau,"Sebelum nya aman2 aja, tapi setelah update kemarin skrg jadi ga bisa dibuka aplikasi nya.. Force close force close terus.. Ini coba saya install ulang",2024,bca,aman update kemarin tidak bisa buka aplikasi force close force close coba install ulang,-3,negatif
Kang Ndhings,Untuk verifikasi wajah msh jauh untuk baik nya.. msh kalah cepat dengan aplikasi yg lain nya... berkali kali menyusahkan akhirnya gak bisa bisa verifikasi wajah.. sama saja harus datang ke bank kembali..,2025,bca,verifikasi wajah msh msh kalah cepat aplikasi kali susah tidak bisa bisa verifikasi wajah bank,0,netral
Goezz augusta,Force closed pengguna samsung s24 Tolong fix problem setelah update versi terbaru,2024,bca,force closed guna samsung s tolong fix problem update versi baru,-1,negatif
MaeVan,Ini kenapa BCA virtual account tidak bisa transfer?,2025,bca,bca virtual account tidak bisa transfer,0,netral
Rut sintia Liliana22,Udah ikutin cara ny tpi ttep gk bisa di buka.. Tolong dong ini cepat perbaiki kendala ny ssah klau mau TF kn.. Klau udh bisa aku ksih tmbah bintang 5,2024,bca,ikutin ny ttep tidak bisa buka tolong cepat baik kendala ny ssah klau transfer kn klau bisa ksih tmbah bintang,1,positif
Hafiizh Satria Albin,Kebanyakan verifikasi ulang terus,2025,bca,banyak verifikasi ulang,0,netral
Fendi lau1998,tolong di munculkan mutasi rekening bayar perbulan ny biar kita bisa tau ke potong brp soalnya saya pernah kartu saya biru perbulan 15rb knp bisa ke potong 40rb???,2025,bca,tolong muncul mutasi rekening bayar bulan ny bisa potong kartu biru bulan ribu bisa potong ribu,0,netral
Anak Kedua (Pe_King),selalu update. tp masih saja. kendala di transaksi. lampu indikator warna merah saja...,2025,bca,update kendala transaksi lampu indikator warna merah,-1,negatif
Rini Irawan,Ribet kode kode udh akses udh masih ribet juga masuknyaa,2025,bca,ribet kode kode akses ribet masuknyaa,-2,negatif
lukman cahyono,Kotak centangnya kok g bisa di klik yah... Mohon bantuannya,2024,bca,kotak centang tidak bisa klik mohon bantu,0,netral
Imam Subkhan Aldi Setiawan,Pagi admin m bca knpa ya aplikasi bca mobile sy tdk bisa di buka mental mulu padhal sdh di update dan sdj kami hapus dan dlwnlod smpe skrg tdk bisa,2024,bca,pagi m bca knpa aplikasi bca mobile tidak bisa buka mental padhal update sdj hapus dlwnlod smpe tidak bisa,0,netral
Ewa Sugono,lampu y merah terus kenapa,2025,bca,lampu y merah,0,netral
Zhou Chengtao,kenapa setelah di update tidak bisa di buka ya,2024,bca,update tidak bisa buka,0,netral
Dhonie Sulaeman,Punya saya ko gk bisa di buka,2024,bca,tidak bisa buka,0,netral
Adi Fathir01,Eror ga bisa di gunakan.,2024,bca,error tidak bisa,-1,negatif
Idaa Marianti,"kenapa saldo yg dikrim ke saya kok blm masuk"" Padalal notifikasi nya udh ada",2025,bca,saldo krim masuk padalal notifikasi,0,netral
Aeni Farkhatun,tidak ada riwayat transaksi minta tolong di perbaiki lagi..,2025,bca,tidak riwayat transaksi tolong baik,1,positif
Widiani Wiwid,"Tolong di perbaiki 🙏🏻, aplikasi nya ga bisa di buka, sering keluar sendiri aplikasi nya",2024,bca,tolong baik aplikasi tidak bisa buka aplikasi,1,positif
F K,sinya HP bagus tp indikator sinyal di BCA Mobile merah terus gak jelas,2025,bca,sinya handphone bagus indikator sinyal bca mobile merah tidak,1,positif
Dudi Kusnadi,"ini kenapa gak bisa masuk/login ketika diklik, langsung keluar aplikasi, setelah di update terbaru, sudah di uninstal, instal ulang, tetap seperti itu",2024,bca,tidak bisa masuklogin klik langsung aplikasi update baru uninstal instal ulang,0,netral
GRANATT Asap,Ini gimana bca,2024,bca,bca,0,netral
Hariati Sirait,saya tidak seganja hapus aplikasih bca mobile pas saya dawunload mala jdi tidak bisa login lagi kenapa ya😭,2025,bca,tidak ganja hapus aplikasih bca mobile cocok dawunload mala tidak bisa login,0,netral
Davaa,"selalu error, pasti ada saja masalahnya, kemarin tidak bisa dibuka, sekarang tanpa alasan error gabisa transaksi 205",2024,bca,error kemarin tidak bisa buka alas error tidak bisa transaksi,-2,negatif
devianti saraswati,tolong perbaiki setiap pemindahan device selalu susah di bagian foto tidak sesuai terus,2024,bca,tolong baik pindah device susah foto tidak sesuai,0,netral
Harunsyah Muawwan Zulkarnaen,Bagus sih cuma sekarang mah lemot aplikasinya gak kayak dulu,2025,bca,bagus mah lama aplikasi tidak,0,netral
adi prasetyo,"halo ini kenapa saya tf dari seabank ke m bca ko gamasuk ya saldonya? diriwayat seabank udah bener rekening sama nama nya, trs di notifikasi mbca jg ada notifikasi dana masuk. tapi saldonya kok gaada ya?? sorry, gatau klo ada dana ngendap² gitu , agak emosi tadi soalnya lagi buru² dan saldo sisa 30rb dan niatnya mau buat beli kuota, eh malah ga masuk saldonya",2025,bca,halo transfer seabank m bca gamasuk saldo riwayat seabank rekening nama notifikasi mobile bca notifikasi dana masuk saldo tidak sorry gatau dana ngendap gitu emosi buru saldo sisa ribu niat beli kuota eh tidak masuk saldo,0,netral
Ray Adiba,Setelah di update aplikasinya setiap mau masuk malah langsng keluar otomatis,2024,bca,update aplikasi masuk langsng otomatis,0,netral
Eed Soolone21,Habis update kenapa jadi sering merah ini lampu indikatornya. gangguan terus,2025,bca,habis update merah lampu indikator ganggu,-1,negatif
Agus Ayala,knpa susah login ya,2025,bca,knpa susah login,-1,negatif
Mr. B,"Awal nya ga bisa login, terus diriset. Malah ga bisa registrasi, gagal verikasi terus...😭",2024,bca,tidak bisa login riset tidak bisa registrasi gagal verikasi,-1,negatif
Chelsea Musa,"Apl sering keluar² sendiri,tolong lah buat BCA mobile segera perbaiki yg lebih optimal lgi,yg mau pakai juga butuh kenyamanan saat pake apl nya",2024,bca,apl sendiritolong bca mobile baik optimal lgiyg pakai butuh nyaman pakai apl,2,positif
KENZO ALVARO,Bca mobile dh gangguan seminggu lebih.tolong segera d perbaiki dong..,2024,bca,bca mobile dh ganggu minggu lebihtolong baik,0,netral
Dadang Kusmawan,"Jangan mohon maaf terus segera perbaiki kami pelanggan yg sm mengalami hal spt dikemukakan oleh customer yg lain. Bca mobile sy sm skali jadi tdk berfungsi. Klu emang aplikasi update nya blm siap, mhn jng dulu di implementasikan jd tdk menyulitkan kami. Terima kasih",2024,bca,mohon maaf baik langgan alami spt muka customer bca mobile skali tidak fungsi aplikasi update mhn jng implementasi tidak sulit terima kasih,0,netral
Gani Cell,"bukti pengiriman tolong d bikin kaya aplikasi bank lain dong,kaya bri,mandiri,dan bni cantumin nama/rek sumber pengirim.",2025,bca,bukti kirim tolong kaya aplikasi bank dongkaya brimandiridan bni cantumin namarek sumber kirim,0,netral
jesi abdillah,kenapa setelah pembaruan barusan tidak bisa top up saldo flash. aplikasi keluar sendiri,2025,bca,baru barusan tidak bisa top up saldo flash aplikasi,1,positif
Lili Husnul,ini kenapa ya udah 2 hari eror 205 terus padahal butuh uang.. plis knapa ?,2025,bca,error butuh uang tolong knapa,-1,negatif
Gilang Mahesa,"Setelah update, apk tdk bisa diakses, buka dan nutup sendiri",2024,bca,update aplikasi tidak bisa akses buka nutup,0,netral
Akmal Luddin,BCA lagi eror ya soalnya ga bisa pakai aplikasinya,2024,bca,bca error tidak bisa pakai aplikasi,-1,negatif
Dymas Susilo,"ini napa update terbaru nya bikin ribet si min. masukin nominal di hp balik ke qwerty, bukannya ke angka. tolong balikin seperti sebelumnya",2025,bca,napa update baru ribet si masukin nominal handphone qwerty angka tolong balikin,-1,negatif
Reza Adri wardhana,"susah menerima kode otp,diulang ulang tetap tidak bisa",2025,bca,susah terima kode otpdiulang ulang tidak bisa,-1,negatif
khaylila yasmin,"kenapa skrg dikit"" merah,saya buru"" mau bayar lampuny merah trs ga ijo"" padahal jaringan bagus",2025,bca,dikit merahsaya buru bayar lampuny merah tidak ijo jaring bagus,1,positif
Assidiq Aqiqah 3,Mohon bantuannya Min. terkendala tidak bisa login/ menggunakan aplikasi ini,2024,bca,mohon bantu kendala tidak bisa login aplikasi,-1,negatif
Fery Marz,Tolong ubah lagi di menu inbox nya biar bisa dihapus,2024,bca,tolong ubah menu inbox bisa hapus,0,netral
Indah Indah,cepat,2025,bca,cepat,1,positif
Aziz Yatmanto,Eror,2024,bca,error,-1,negatif
Noob Gaming,4.5.6 ga bisa ceklis pernyataan,2025,bca,tidak bisa ceklis nyata,0,netral
Ali Badri,Setelah di update kenapa jadi susah buka mbca nya padahal saya sudah verifikasi tetep saja tidak bisa diproses . tolong diperbaiki sistemnya,2024,bca,update susah buka mobile bca verifikasi tetep tidak bisa proses tolong baik sistem,0,netral
Uwais Kaladze,gmn si ini masa minta OTP 2 hari kaga dikirim kirim yg bner aja dong orang mau pake mbaking kaca banget ini,2025,bca,gmn si one time password kaga kirim kirim bner orang pakai mbaking kaca banget,0,netral
Pentilite,habis di update kok malah lemot,2025,bca,habis update lama,-1,negatif
Yuniar Rohmatullah,Apakah bca sedang maintance,2025,bca,bca maintance,0,netral
Dedi Pay,ini kenapa ga bisa masuk bca mobile. close trus . tolong cepat di perbarui,2024,bca,tidak bisa masuk bca mobile close tolong cepat baru,0,netral
Rini Agustini,"Sebenarnya takut untuk pasang bca Mobile Banking, karna BCA yg dulu udah si hack",2025,bca,takut pasang bca mobile banking bca si hack,0,netral
swedi utomo,"Ini tumben BCA tiba tiba minta nonaktif aksesbilitas, padahal sudah nonaktif ... Ada apa gerangan? Loh dibaca lagi keluhan saya min aksesbilitas sudah off semua dan aplikasi update terbaru .... Saya basic it min bukan user ecek ecek .... Jawaban anda malah terlalu general",2025,bca,tumben bca nonaktif aksesbilitas nonaktif gerangan baca keluh aksesbilitas off aplikasi update baru basic it user ecek ecek general,0,netral
Sutiyo Tiyo,"Saya baru SE x ini buka aplikasi BANK BCA ,,,tapi sepertinya mudah",2025,bca,buka aplikasi bank bca mudah,1,positif
Rudi Rizkiansyah,kenapa ada pengurangan saldo belasan ribu tapi tidak masuk/tidak ada dimutasi?,2025,bca,kurang saldo bas ribu tidak masuktidak mutasi,0,netral
H Part,Sekarang sering eror... langsung keluar dari aplikasi,2024,bca,error langsung aplikasi,-1,negatif
Sumiaty Sumi,Ini kenapa tiba2 gak bisa di buka yaa stiap di klik..kluar lg dngan sendirinya udh coba unintstal smpe instal lg ulang tetep gak bisa... signal bagus padahal... ko jadi gini ya..jdi susah mau transaksi,2024,bca,tidak bisa buka stiap klikkluar dngan coba unintstal smpe instal ulang tetep tidak bisa signal bagus gin yajdi susah transaksi,0,netral
Aryan zakir Ahmad,Ternyata benar di hp android mode aksesbilitas harus d offkan baru bisa d pakai apk mobileBCA nya . Hampir putus asa sih,2024,bca,handphone android mode aksesbilitas offkan bisa pakai aplikasi mobilebca putus asa,-1,negatif
Taufan Maulana,"Aplikasi tidak dspat dibuka, selalu force close saat mau di buka, Tolong perbaikan nya,",2024,bca,aplikasi tidak dspat buka force close buka tolong baik,-1,negatif
Giselle Cap,tolong fitur hapus notifikasi jangan dihilangkan. dengan adanya fitur tersebut membantu orang yg tidak enakan seperti saya menyembunyikan riwayat transaksi dari keluarga / atau orang yg kepo dengan pengeluaran saya. adanya fitur itupun seharusnya tidak merugikan siapapun.,2025,bca,tolong fitur hapus notifikasi hilang fitur bantu orang tidak enak sembunyi riwayat transaksi keluarga orang kepo keluar fitur itu tidak rugi,0,netral
fyan naewab,"Ini kenapa habis update kok gak bisa di buka aplikasinya, mental terus Tolong di perbaiki min",2024,bca,habis update tidak bisa buka aplikasi mental tolong baik,1,positif
Ira Devira,"aku isi saldo 50rb tapi saldo nya hilang 40rb sisa 10rb saya cek mutasi cuma ada saldo masuk gaada saldo keluar, biaya admin bulanan sudah terpotong, saya tidak punya tagihan apapun tapi knapa ya, tolong di bantu langkah apa yg harus saya ambil?",2025,bca,isi saldo ribu saldo hilang ribu sisa ribu cek mutasi saldo masuk tidak saldo biaya bulan potong tidak tagih apa knapa tolong bantu langkah ambil,0,netral
Eva Zara,"aplikasi Mbanking semakin diperbarui malah semakin lola,ngelag terus lampu indikator sering merah terus pdhal Kuota & wifi Aman tolong dong d perbaiki lagi sistem mbankingnya",2025,bca,aplikasi mbanking baru lolangelag lampu indikator merah pdhal kuota wifi aman tolong baik sistem mbankingnya,2,positif
Empik Taofik,ok,2025,bca,ok,0,netral
Adel Uy,tolong di perbaiki apk ini saya udh tf 2 kali tapi si penerima gk masuk tapi saldo berkurang di perbaiki dong,2025,bca,tolong baik aplikasi transfer si terima tidak masuk saldo kurang baik,2,positif
Arya Bima,"Per tanggal ini kenapa mobile banking ga support di HP saya ya? Aplikasinya setelah di buka langsung close program, Sudah di clear cache, paksa henti sampai reinstal tetap sama hasilnya, apa harus ganti HP kah?",2024,bca,tanggal mobile banking tidak support handphone aplikasi buka langsung close program clear cache paksa henti reinstal hasil ganti handphone kah,-1,negatif
muhammad fajri,adminnya mahal bgt coh tolong kurangi adminya beberapa bulan GC ada saldo sekalinya ada yg ngirim uang tetep aja saldonya kosong selebihnya ok,2025,bca,adminnya mahal banget coh tolong kurang adminya gc saldo sekali ngirim uang tetep saldo kosong lebih ok,0,netral
Bocill bocill,Hari ini buka aplikasinya tapi force close terus..,2024,bca,buka aplikasi force close,-2,negatif
Harfiani Rara,kok saya gak bisa transfer ya. suruh update update terus. padahal udh ada 10 kali saya update. tetap gak bisa transfer dari kemarin. kenapa ini bca,2025,bca,tidak bisa transfer suruh update update update tidak bisa transfer kemarin bca,0,netral
T Es,"tiap kali buka apk nya selalu muncul iklan,sangat menggangu",2025,bca,buka aplikasi muncul iklansangat menggangu,0,netral
nanami kento,lama sekali,2025,bca,lama,-1,negatif
Adellia Mrherlis 98,Kenapa sejak di update m bangking nya ga bisa di buka,2024,bca,update m bangking tidak bisa buka,0,netral
SUNAR ADI WIBOWO,gak bisa secepat dulu.. udah gitu aja komennya..,2025,bca,tidak bisa cepat gitu komennya,1,positif
saepul anwar,barusan saya mau bayar qris ditulisan transaksi gagal sudah 2x tapi saldo saya hilaang.? saya harus mengadu kemana,2025,bca,barusan bayar qris tulis transaksi gagal saldo hilaang adu mana,-1,negatif
Eza Putra,"Abis update tiba2 force close, gmn nih solusinya... Apakah ini cara untuk pindah ke my bca dengan bug pada sistem bca Mobile atau gmn karena sekelas bank bca membiarkan bug seperti ini lebih dr satu hari menandakan betapa tidak amannya sistem ini serta kekhawatiran atas ketidaksiapaan bank bca dalam hal teknologi informasi",2024,bca,abis update force close gmn solusi pindah my bca bug sistem bca mobile gmn kelas bank bca biar bug tanda betapa tidak aman sistem khawatir ketidaksiapaan bank bca teknologi informasi,-1,negatif
Budi Lesmono,kenapa tombol notifikasi gak bisa di refresh....,2025,bca,tombol notifikasi tidak bisa refresh,0,netral
Abdul Haris,semakin kemari...mari agak lemot setelah update ....harusnya di update bisa lebih baik....bukannya tambah lemot.....hadehhhh,2025,bca,kemarimari lama update update bisa baikbukannya lemothadehh,-1,negatif
Pardit Boy12,Saya tidak menerima kode otp Apa m banking eror?,2025,bca,tidak terima kode one time password m banking error,-1,negatif
Kholida Ulvi,Tetep aja ga bisa dibuka kenapa ya padahal udah ngikutin saran teman2 di kolom ulasan,2024,bca,tetep tidak bisa buka ngikutin saran teman kolom ulas,0,netral
Irfan N,Setelah update aplikasi baru dibuka izinkan lokasi malah keluar dan gabisa masuk masuk lagi.. gimana ini ya? jadi gabisa pakai aplikasi nya my bca pun sama aja.. udah nyaman pakai bca mobile anti ribet padahal,2024,bca,update aplikasi buka izin lokasi tidak bisa masuk masuk tidak bisa pakai aplikasi my bca nyaman pakai bca mobile anti ribet,0,netral
SPG CANARY,"kenapa setiap malam mau transaksi, selalu aja gagal.. ini gimana si??",2025,bca,malam transaksi gagal si,-1,negatif
Diorama Yuanito,"Latest update v4.4.3 malah force close? Samsung A15. Justru v4.4.1 masih aman ... Akhirnya saya tahu caranya adalah mematikan semua permission Accessibility dari aplikasi lain di menu Aksesibilitas - Aplikasi Terinstall. Semestinya BCA Mobile jangan langsung force close jika menemukan ada aplikasi yg menggunakan permission Accessibility, contohnya Program Antivirus dan lain sebagainya. Tapi tunjukkan ke user bahwa user harus mematikan aplikasi lain yg menggunakan permission Accessibility.",2024,bca,latest update v force close samsung a v aman mati permission accessibility aplikasi menu aksesibilitas aplikasi terinstall mesti bca mobile langsung force close temu aplikasi permission accessibility contoh program antivirus tunjuk user user mati aplikasi permission accessibility,-3,negatif
Susi Susilawati,"abis di perbarui aplikasinya malah jelek, pencarian kontak gak bisa ,biasanya kalau kita masuk no rek yg udh terdaftar di kontak langsung otomatis namanya muncul ,ini gak bisa harus nyari namnya satu persatu..",2025,bca,abis baru aplikasi jelek cari kontak tidak bisa masuk no rekening daftar kontak langsung otomatis nama muncul tidak bisa nyari namnya satu,-1,negatif
Ahmad Taufik,"kenpapa punya saya kalau pakai wifi tidak bisa hijau lampunya,jadi tidak bisa buat transaksi. tapi kalau pakai data seluler bisa.mohon jawabanya",2025,bca,kenpapa pakai wifi tidak bisa hijau lampunyajadi tidak bisa transaksi pakai data seluler bisamohon jawabanya,0,netral
Aang Gunawan,Abis update kenapa mental keluar keluar terus ini ..aduhhh,2024,bca,abis update mental aduhh,0,netral
Aprilia Putri Pangesti,kenapa setelah di-update aplikasinya jadi lemot ya..fontnya jg beda dan lebih besar.. okelah kalau font gak apa2..tp ini jadi lemot pas pemakaiannya.. tolong ya BCA..,2025,bca,diupdate aplikasi lama yafontnya beda oke font tidak lama cocok pakai tolong bca,-2,negatif
Eres Resta,"maaf kenapa BCA mobile tidak bs merespon,awal2 bisa skr ga bisa lagi",2024,bca,maaf bca mobile tidak bs meresponawal bisa tidak bisa,0,netral
Laksono Hendri Kuncoro,"Aplikasi kok tiba"" keluar sendiri",2024,bca,aplikasi,0,netral
Benny Bean,kebanyakan erornya,2025,bca,banyak eror,0,netral
agatha vivi,Udah di uninstall terus install lagi tetep aja gk bisa masuk tolong benerin dong min jadi susah nih mau cek gajian aja jadi ribet,2025,bca,uninstall install tetep tidak bisa masuk tolong benerin susah cek gaji ribet,-2,negatif
Viva Verawati,saya sudah sempat mendaftar bca mobil dan udh bisa beberapa hari lalu karna hp ngeblank aplikasi bca mobile saya hapus dan hari ini saya download ulang saya registrasi ulang untuk dapat kode otp biar bisa masuk tapi tidak kunjung mendapatkan kode otp sampai habis pulsa 25 rb bolak balik mencoba verifikasi tapi tidak ada respon kode otp,2025,bca,daftar bca mobil bisa handphone ngeblank aplikasi bca mobile hapus download ulang registrasi ulang kode one time password bisa masuk tidak kunjung kode one time password habis pulsa ribu bolak coba verifikasi tidak respon kode one time password,0,netral
Sam Hafi,Msh ga bs dibk,2024,bca,msh tidak bs dibk,0,netral
Memey Meymey,Aplikasi bca bgni amat eror truus,2024,bca,aplikasi bca bgni error truus,-1,negatif
Poetra Edan,"gara-gara sering sekali ganguan setiap pukul tengah malam , sangat tidak efektif jika ke adaan darurat seperti Harus transaksi di rumah sakit",2025,bca,garagara ganguan malam sangat tidak efektif ada darurat transaksi rumah sakit,0,netral
Taupik Viber,"estimasi lama banget mau di pake nungguin jm3 di coba masih blm bisa. yg bener beres JM brpa, bisa teransaki y",2025,bca,estimasi lama banget pakai nungguin jm coba bisa beres jm brpa bisa teransaki y,-1,negatif
Angga Yuwana,"Force closed terus, ga bisa dipake. Ga biasanya BCA begini",2024,bca,force closed tidak bisa dipake tidak bca,-1,negatif
Rahmat Hidayat,Tiba tiba gak bisa di akses kalo masuk ke apk nya langsung keluar lagi...,2024,bca,tidak bisa akses masuk aplikasi langsung,0,netral
Sanny Is My Name,Susah cri signal ijo pdhl signal baru,2024,bca,susah cri signal ijo signal,-1,negatif
Christian Doli Manullang,Indikator bca mobile saya merah terus dari hari kemarin,2025,bca,indikator bca mobile merah kemarin,0,netral
Suroso Suroso,terlalu keseringen update kacauu,2025,bca,keseringen update kacauu,0,netral
Mus Takim,kok sekarang cs BCA sulit ya dihubungi masak ditelfon dikasih lagu selama 10 menit blum nonggol juga tuh admin cs nya,2025,bca,customer service bca sulit hubung masak ditelfon kasih lagu menit blum nonggol customer service,-1,negatif
Nurul kania Okthamaesa,gak se praktis sebelomnya!! bikin ribet dan lama harus scroll kebawah untuk cari daftar transfer,2025,bca,tidak praktis bom ribet lama scroll bawah cari daftar transfer,-1,negatif
GoldDays Shop,"apkikasinya lemot, tolong diperbaiki",2025,bca,apkikasinya lama tolong baik,0,netral
Lisanus Sidqi,buat main gacha luuaaammmaaa bgt..,2025,bca,main gacha luuaammaa banget,0,netral
Niken Ayu Cantika,"sebelumnya seneng bgt krn satset pake qris m-bca...tpi akhir² ini sering eror...pembayaran via Qris sll gagal tapi saldo tetap terpotong...dan ketika mengajukan keluhan melalui hallo bca via WhatsApp sll tidak ada tanggapan atau dalam antrean yg panjang...pusing ihhh,eta geh saldo kepotongnya lumayan dan udah beberapa kali bukan 1 atau 2 kali doang. mohon kerjasamanya untuk perbaikan kedepannya min...",2025,bca,neng banget satset pakai qris mbcatpi erorpembayaran qris sll gagal saldo terpotongdan aju keluh hallo bca whatsapp sll tidak tanggap antre panjangpusing ihheta geh saldo potong lumayan mohon kerjasamanya baik depan,0,netral
Poniah Poniah,"Bca sy sdh 3 hari ini ga bsa di buka knp yah udh di update jg tetp ga bsa ,",2024,bca,bca tidak bsa buka update tetp tidak bsa,0,netral
Rian Fathmawati,"Tiba-tiba suruh verifikasi ulang, tapi Verifikasi ulang gagalan terus 😭😭😭 padahal nomor aktif dan terisi pulsa",2025,bca,tibatiba suruh verifikasi ulang verifikasi ulang gagal nomor aktif isi pulsa,-1,negatif
jasmin cute,Setelah update kenapa jadi gak bisa dibuka untuk transaksi?,2025,bca,update tidak bisa buka transaksi,0,netral
Rizki Noviansyah,hari ini mau pake down,2025,bca,pakai down,-1,negatif
Muhammad Agung,Tolong diperbaiki setiap buka aplikasinya selalu keluar sendiri,2024,bca,tolong baik buka aplikasi,1,positif
e-Troy,"Setelah update mbankin bca malah error,saya uninstall dan install lagi tetap sama, mohon segera diperbaiki,,,baru kali ini saya ngalamin hal spt ini,,, Gimana solusi nya?? ✌",2024,bca,update mbankin bca errorsaya uninstall install mohon diperbaikibaru ngalamin spt solusi,0,netral
Izriel Aang,"Untuk Bank pelayanan Terbaik ku akui BCA, Dari Parkir Gratis, Satpam sampai Teller, Jozz semua Pelayanannya...👍🏻 Sayang tidak dengan Apk M-Bankingnya... Beberapa Kali mengalami error yang mengharuskan datang ke bank untuk perihal login... 🥴",2025,bca,bank layan baik ku aku bca parkir gratis satpam teller jozz layan sayang tidak aplikasi mbankingnya alami error harus bank perihal login,0,netral
Juan Saka,"Tolong dong pihak BCA segera menyelesaikan masalah force close aplikasi nya, walaupun saya sudah menonaktifkan aksebilitas di hp saya tetep gak bisa duh, sangat menggangu aktivitas saya sehari2 dalam penggunaan m-banking",2024,bca,tolong bca selesai force close aplikasi nonaktif aksebilitas handphone tetep tidak bisa duh sangat menggangu aktivitas hari guna mbanking,-2,negatif
Sovia Nuke,Hallo min ini gimna ya cara hapus riwaya ato bekas tranferan.setelah di update kok jadi gak bisa di hapus.ini udah 200 lebih menggaggu pengen di hapus,2024,bca,hallo gimna hapus riwaya ato bekas tranferansetelah update tidak bisa hapusini menggaggu ken hapus,0,netral
M. Alfatikh,Semakin jelek ga bisa di buka,2024,bca,jelek tidak bisa buka,-1,negatif
Marwan Munah,"M BCA bobile,setiap ganti hp selalu ga bisa d buka harus aktivasi terus,padahal pulsa sudah habis 80rb untuk aktivasi,tapi masih ga bisa d gunakan, tolong d perbaiki lagi aplikasi ini,jangan selalu merepotkan penggunanya,trimakasih.",2025,bca,m bca bobilesetiap ganti handphone tidak bisa buka aktivasi teruspadahal pulsa habis ribu aktivasitapi tidak bisa tolong baik aplikasi inijangan repot penggunanyatrimakasih,0,netral
Riansyah Saputra (CA1RST),Nikmati update terbaru BCA mobile untuk mendukung transaksi agar lebih mudah dan cepat. Versi terbaru BCA mobile memberikan kenyamanan dalam bertransaksi! FAKTANYA MEMPERSULIT. TOLONG DI PERBAIKI SAAT SI BUKA TERTUTUP KEMBALI . SARAN DI TERIMA NAMUN GAGAL,2024,bca,nikmat update baru bca mobile dukung transaksi mudah cepat versi baru bca mobile nyaman transaksi fakta sulit tolong baik si buka tutup saran terima gagal,2,positif
bidan neneng,2 hari ini tidak bisa akses. Rasanya kepala mau pecah,2024,bca,tidak bisa akses kepala pecah,0,netral
Deden Kustiawan,Semenjak di upgrade per tgl 18 okt..versi 4.3.3 sampe di versi 4.5.1 apk sama sekali tdk bisa di buka sama sekali.. malah layar seakan ngeblank semua tdk bisa buka apk yang lainya.. tolong untuk penyelesaianya.. dan solusiny.. (oya hp saya mnggunakan samsu*g)..karena denger² kbanyakan yg trouble itu di hp samsu*g.. tolong sangat untuk solusinya.. trmksh.. 🙏,2024,bca,semenjak upgrade tgl oktversi versi aplikasi tidak bisa buka layar akan ngeblank tidak bisa buka aplikasi lai tolong penyelesaianya solusiny oya handphone mnggunakan samsugkarena denger kbanyakan trouble handphone samsug tolong sangat solusi trmksh,0,netral
Juan Enrico Lorenzo,"Tolong dong ini BCA mobile force close terus, segera diperbaiki.",2024,bca,tolong bca mobile force close baik,-1,negatif
Mohammad Lutfianto,"Ada bug setelah pembaruhan, di mana menu search di daftar rekening tidak berfungsi. Alhasil harus mensecroll manual untuk mencari rekening yang dituju",2025,bca,bug baruh menu search daftar rekening tidak fungsi alhasil mensecroll manual cari rekening tuju,0,netral
KBC_gamings 29,"kekurangan, di bagian mutasi tidak ada waktu pengiriman",2025,bca,kurang mutasi tidak kirim,0,netral
Nunu 24,Ini gmna sih ko gk bisa kebuka ya mobile nya,2024,bca,gmna tidak bisa buka mobile,0,netral
irman celesta,Kenapa sekarang BCA mobile dalam seminggu sering sekali mesti di update? Kurangin update dalam seminggu nyaaa. Krna terlalu sering,2024,bca,bca mobile minggu mesti update rangin update minggu nyaa krna,0,netral
Elvira Dupont,di update malah jadi lelet,2025,bca,update lelet,0,netral
Viking Juve,Apk nya lagi gngguan ? lampu indikatornya merah terus. tolong d perbaiki,2025,bca,aplikasi gngguan lampu indikator merah tolong baik,1,positif
Syafira Ma'arif,"Gw kira hp gw yg bermasalah, ternyata emg app nya error setelah update, nyusahin aja",2024,bca,handphone masalah aplikasi error update nyusahin,-2,negatif
Carneo Fx,"Saya pernah, pembayaran Qris, transaksi gagal, tapi saldo tetap terpotong. Sudah hub Halo BCA, proses pengembalian 20 hari, padahal sudah perlu banget",2025,bca,bayar qris transaksi gagal saldo potong hub halo bca proses kembali banget,-1,negatif
Zacky,Nga bisa dipakai semenjak diperbarui...,2024,bca,nga bisa pakai semenjak baru,0,netral
Ditha LW,"Aplikasinya kenapa ga bisa dibuka ya setelah diupdate, transaksi jadi terhambat. Kapan diperbaiki?",2024,bca,aplikasi tidak bisa buka diupdate transaksi hambat baik,1,positif
Panda Cinema,Semakin diupdate hr ni aplikasi tidak bs dipergunakan dan auto fix/ closed. Bknny dipermudah malah tambah tdk bs dipergunakan,2024,bca,diupdate hr aplikasi tidak bs auto fix closed bknny mudah tidak bs,1,positif
Sony Nurwiyaya,"ini tolong nggak bisa masuk,disuruh masukkan nomor kartu atm 16 digit,sedangkan saya belum cetak kartu atm",2025,bca,tolong tidak bisa masukdisuruh masuk nomor kartu atm digitsedangkan cetak kartu atm,0,netral
Fitria Nurarifin,"tidak nisa login ,tolong yahh aplikasinya di benerin lagi",2025,bca,tidak nisa login tolong yahh aplikasi benerin,0,netral
star galaxi,ganti hp malah masukin kode akses salah mulu padahal udah bener. ini udah ganti 4 kali masih ajah error,2025,bca,ganti handphone masukin kode akses salah ganti ajah error,-1,negatif
Vincent Valintino,baik,2025,bca,,0,netral
Hanif Hamid,"loading masuk kelamaan, tolong lah",2024,bca,loading masuk tolong,-1,negatif
ryn ramadhan,"Aplikasi force close,sudah di install ulang 3 kali tetap force close",2024,bca,aplikasi force closesudah install ulang force close,-3,negatif
Adam Saptaji,"Kalau maintenance itu jangan pagi2, tengah malam aja sekalian. mengganggu aktifitas orang jika sedang mau transaksi.",2025,bca,maintenance pagi malam ganggu aktifitas orang transaksi,-1,negatif
bumb lebee,"kenapa y beberpa waktu ini sering ""Please insert your Sim card"" mulu y Min , 🥺",2025,bca,y beberpa please insert your sim card y,0,netral
birrbix tex,ga bsa,2025,bca,tidak bsa,0,netral
Naila Amanda Syakira,"lemot benerrrr. udah loginnya error mulu, indikatornya dari merah ke hijau suka lama. cape nungguinnya. jangan salahin internet pls aku pake apk sebelah lancar lancar aja",2025,bca,lama benerr loginnya error indikator merah hijau suka lama cape nungguinnya salahin internet tolong pakai aplikasi belah lancar lancar,0,netral
Anggara Ikhsan,"sayaa baru transfer pertama ke bca mobile, tpi kenapaa saldonyaa ga masukk ya ? jadi gabisa diambil saldonya ?",2025,bca,sayaa transfer bca mobile kenapaa saldonyaa tidak masukk tidak bisa ambil saldo,0,netral
husman jebres,nyaman dn aman,2025,bca,nyaman dn aman,2,positif
Akhmad Ajimmi,sis kok lama banget sedang perbaikan gateway gatewaynya mbanking BCA padahal saya urgent mau lunasi udah jatuh tempo tanggal 25/10/2025 ini .tolong diperbaiki lagi ya makasih,2025,bca,sis lama banget baik gateway gatewaynya mbanking bca urgent lunas jatuh tempo tanggal tolong baik makasih,1,positif
Tiwi Tiwi,kenapa ga bisa buka mbanking,2025,bca,tidak bisa buka mbanking,0,netral
Mito Syn,"knp ini kok jd berat aplikasi nya pdhal sinyal aman ,jaringan full knp berat",2025,bca,berat aplikasi pdhal sinyal aman jaring full berat,1,positif
Ricky E,aplikasinya tidak bisa lakukan transaksi...terdapat kendala di aplikasinya. mohon bantuannya,2025,bca,aplikasi tidak bisa laku transaksiterdapat kendala aplikasi mohon bantu,-1,negatif
franzisca hanamarinda,"Kenapa ya saya tidak pernah terima notifikasi dr bca mobile, saat terima transfer atau iklan2 yang lain. apa memang tidak ada ? jd saya tidak tau jika ada yg transfer, kecuali yg bersangkutan mengirim bukti transfer, why? tolong jawab yaa.",2025,bca,tidak terima notifikasi bca mobile terima transfer iklan tidak tidak transfer kecuali sangkut kirim bukti transfer why tolong,0,netral
Rohmat Budiana,aplikasi bagus keren tapi selalu ada masalah dikit dikit,2025,bca,aplikasi bagus keren dikit dikit,1,positif
firda yunita,kenapa gak bisa dibuka aplikasi nya koneksi terputus sedang kan paketan masih ada tolong ya binggung harus gimana lagi di saat genting kaya gini,2025,bca,tidak bisa buka aplikasi koneksi putus paket tolong binggung genting kaya gin,-1,negatif
tony kurniawan,kenapa update malah jadi lemot,2025,bca,update lama,-1,negatif
Fendi Muk,|`@ EE xxx TT e No Uyy,2025,bca,ee xx tt e no uyy,0,netral
Khai rul,saya belanja pembayaran lewat qiris biasanya kalau gagal saldo akan balik lagi ini gagal saldo terpotong gimana sih aplikasi BCA ini sebenarnya saya puas kagak puas ini belanja bayar pakai qiris kalau gagal biasanya saldo akan balik lagi ini gagal saldo terpotong riwayatnya nggak ada saldo terpotong 😇😇😇😇,2025,bca,belanja bayar qiris gagal saldo gagal saldo potong aplikasi bca puas kagak puas belanja bayar pakai qiris gagal saldo gagal saldo potong riwayat tidak saldo potong,-2,negatif
Asep Setiawan,apakah qiris tidak bisa di gunakan lagi??,2025,bca,qiris tidak bisa,0,netral
G Sanjaya,Hahah... di update malah tambah jelek sinyal nya...mending balik ke versi sebelum nya..sinyal merah terus...parah..,2025,bca,hahah update jelek sinyal nyamending versi nyasinyal merah terusparah,-1,negatif
RomoKii Jale,berikan notifikasi jika ada saldo masuk ke rekening sya yaa.. thanks,2025,bca,notifikasi saldo masuk rekening sya thanks,0,netral
DRA,mohon untuk kesetabilan jaringan nya di tingkatkan performa nya masih lambat,2025,bca,mohon kesetabilan jaring tingkat performa lambat,-1,negatif
Pengguna Google,"mau tanya kak,, kenapa stiap Saya buka M banking gak bisa terbuka ya,, selalu menolak aplikasi nya,, mohon di bantu ya kak,,",2025,bca,stiap buka m banking tidak bisa buka tolak aplikasi mohon bantu,0,netral
Farizhan Firdaus,sangat membantu,2025,bca,sangat bantu,0,netral
Hendra Hendra,pelayana sudah baguss... tapi kenapa masih ada nasabah yg menyalah gunakan no. rekening untuk aliran dana deposit judi online di biarkan padahal dah sering di laporkan.. tolong dong blokir nasabah bank BCA yg merusak dengan melakukan pencucian uang di situs2 judi online..,2025,bca,pelayana baguss nasabah salah no rekening alir dana deposit judi online biar lapor tolong blokir nasabah bank bca rusak cuci uang situs judi online,0,netral
Septa AL,bagus sangat membantu zekali,2025,bca,bagus sangat bantu zekali,1,positif
Jovanca Afsheen AlMadina,"kenapa c bca mobile tidak ad notifikasi transaksi msuk/keluar, jdi kita ga tau kalau ad yg msuk/kluar,, semoga bisa dibenahi lgi agar pengguna jg nyaman mnggunakanny🙏",2025,bca,c bca mobile tidak ad notifikasi transaksi msukkeluar tidak ad msukkluar moga bisa benah lgi guna nyaman mnggunakanny,1,positif
Delta Yudha Dikalaksana,"hari minggu tgl 05 10 2025, bca virtual account ( 02 ) error.",2025,bca,minggu tgl bca virtual account error,-1,negatif
Agung Gahara,ada saat dmanana cek rek koran harus menunggu lama.,2025,bca,dmanana cek rekening koran tunggu lama,-1,negatif
someone story,ini kenapa tiap mau ikut gebyar bca pas di klik mental terus..aneh banget padahal transfer dll bisa..giliran ikut undian mental koneksi terputus..selalu seperti itu,2025,bca,gebyar bca cocok klik mental terusaneh banget transfer dll bisagiliran undi mental koneksi terputusselalu,0,netral
Synchronius,Balikin lagi dong fontnya kaya dulu,2025,bca,balikin fontnya kaya,0,netral
Rin Anto,susah susah gampang.. ..pas ganti kode akses masuk susah bnget,2025,bca,susah susah gampang cocok ganti kode akses masuk susah bnget,-3,negatif
Zanuar Isnawan,kenapa sih transaksi diatas jam 00 selalu eror padahal laper mau gofood tolong diperbaiki hampir tiap hari,2025,bca,transaksi atas jam error laper gofood tolong baik,0,netral
Hilmi Fauzan R,Oke sudah bisa,2025,bca,oke bisa,0,netral
Dennis Mochareza,"saya mau tanya, ""sementara transaksi tidak dapat diproses, silahkan ulangi beberapa saat lagi"" itu kenapa yaa?",2025,bca,transaksi tidak proses silah ulang,0,netral
Monica Enjelina,susah bgtt dri tdi tdpt kode otp pdhl sinyal bgus,2025,bca,susah banget dri tdi tdpt kode one time password sinyal bgus,-1,negatif
biji kurma,verifikasi gagal teruss,2025,bca,verifikasi gagal teruss,-1,negatif
chandra zaldianto,"kok tambah lemot ya.., gimana cara mengatasinya ?",2025,bca,lama atas,-1,negatif
raja wahib,font nya jelek payah,2025,bca,font jelek payah,-1,negatif
Iis Bboss,nyobba,2025,bca,nyobba,0,netral
Muhammad Arman,mudah jadi bertransaksi sesamanya jadi tidak perlu lagi ke bank buat transfer.,2025,bca,mudah transaksi sama tidak bank transfer,1,positif
Siti Aminah,knapa susah sekali stelah ganti hp...gagal terus vertifikasi nya,2025,bca,knapa susah stelah ganti hpgagal vertifikasi,-1,negatif
Dedy Rusmana,"Tidak ada yg sempurna, yg ada adalah Menuju Sempurna. Perbaharui lah dgn efektif (win~win benefit)",2025,bca,tidak sempurna sempurna baharu efektif winwin benefit,0,netral
muhamad azim,"saya kasih bintang 4 karna indikator lampu nya merah terus, sebelum nya enak ngebantu juga tapi semakin kesini ko kaya gini",2025,bca,kasih bintang indikator lampu merah enak ngebantu kesini kaya gin,0,netral
septi andriani,Aplikasi sih lancar² aja. cuma mau nanya nii. saya buka rekening baru buat org lain 2 kali. yg pertama ada e voucher utk pembukaan rekening ternyata tdk pernah di terima oleh si pemilik rek baru. sdh ada 1 thn lalu. naah bbrp hari ini suami buka rek baru lagi dan sama saja. kalau ngak mau ksh e voucher gpp juga. cm kan itu hadiah yaa. saya tanyakan via chat BCA ngak pernah dpt jawabn yg pasti.,2025,bca,aplikasi lancar nanya nii buka rekening orang e voucher buka rekening tidak terima si milik rekening thn naah bbrp suami buka rekening ngak ksh e voucher tidak apa cm hadiah chat bca ngak dpt jawabn,1,positif
Sabrina Citra,"dari tadi malam sampe skrg aplikasi ga bisa dipake, lampu indikator warna merah, nunggunya lama biar jadi hijau tapi saat lampu hijau trus klik info saldo ehh balik merah lagii",2025,bca,malam aplikasi tidak bisa dipake lampu indikator warna merah nunggunya lama hijau lampu hijau klik info saldo ehh merah lagi,-1,negatif
abhie 80,"bintang 4 dulu 🙂‍↕️ full bintang kalo gak ada kendala di fleksibilitas 🙏 karena ada beberapa apliuyang butuh aksses tersebut. tapi berbenturan dendam apk ini, lumayan bikin repot😊🙏",2025,bca,bintang full bintang tidak kendala fleksibilitas apliuyang butuh aksses bentur dendam aplikasi lumayan repot,-2,negatif
muhammad dinnur araaf,"tolong ini saya masuk BCA mobile keterangan indikator jaringan merah, padahal kuota saya banyak saya didaerah Kebayoran lama , tolong ini kenapa Admin di perbaiki masalah jaringan nya ini ,",2025,bca,tolong masuk bca mobile terang indikator jaring merah kuota daerah kebayoran lama tolong baik jaring,0,netral
Pudi Hasto,baik,2025,bca,,0,netral
Bayu Brammansyah,"Sejak update terbaru, tiap masuk ke mbanking lampu merah terus, seperti susah sinyal. Jadi bikin susah melakukan transaksi. Lampu nya ga hijau2. Bagaimana ini pembaharuan malah bikin ga nyaman.",2025,bca,update baru masuk mbanking lampu merah susah sinyal susah transaksi lampu tidak hijau baharu tidak nyaman,-1,negatif
Mardi yana03,"untuk aplikasinya bagus2 aja,cuma kadang KLO mau TF harus nunggu lampu ijo terlebih dahulu,dan ga semua uang masuk ada notifikasinya,cuma bberapa bank aja yg bisa,",2025,bca,aplikasi bagus ajacuma kadang transfer nunggu lampu ijo dahuludan tidak uang masuk notifikasinyacuma bberapa bank bisa,1,positif
Wandi Muhamad,indikator nya susah hijau,2025,bca,indikator susah hijau,-1,negatif
Isneni,bca lagi kenapa ya kok QR gagal transaksi tapi saldo berkurang mohon penjelasannya terimakasih 🙏 padahal sejauh ini bagus loh tapi ini lagi kenapa,2025,bca,bca qr gagal transaksi saldo kurang mohon jelas terimakasih bagus,0,netral
Defi Nurul Amalia,semenjak di upgrade ko buka Qiuris malah lag gtu ya? smpe lama mau bayar nya ni,2025,bca,semenjak upgrade buka qiuris lag gtu smpe lama bayar,-1,negatif
Ebot Popeye,mohon bantuan nya kak lampu indikator saya ga ijo ijo mau transfer sama cek saldo jadi susah🙏,2025,bca,mohon bantu lampu indikator tidak ijo ijo transfer cek saldo susah,-1,negatif
agus satriyadi,semoga UI nya bisa lebih baik lagi 🙏 . rate bintang 4 dulu.,2025,bca,moga ui bisa rate bintang,0,netral
Toni,kenapa yaa kalo mau ngebukak kotak inbox kembali ke menu awal mohon di bantu dan cara menghapus inbox secara permanen itu tidak ada harus satu persatu,2025,bca,ngebukak kotak inbox menu mohon bantu hapus inbox permanen tidak satu,0,netral
Papa Shadleen,makan memorinya besar banget 😭,2025,bca,makan memori banget,0,netral
Yunda Rahmatullah,sinyal udah bagus pakek wifi juga udah .. tp masih aja sering putus koneksi. tlong diperbaiki lagi ..,2025,bca,sinyal bagus pakek wifi putus koneksi tlong baik,1,positif
Aries Darmansyah,"Kenapa m-bca banking sering sekali gangguan kak,transfer melalui Qris,saldo terpotong akan tetapi tidak masuk",2025,bca,mobile bca banking ganggu kaktransfer qrissaldo potong tidak masuk,-1,negatif
Buddy Senttaussa,"tolong tambahin fitur QRIS TAP, untuk pembayaran transum tanpa kartu, agar mempermudah mobilitas.",2025,bca,tolong tambahin fitur qris tap bayar transum kartu mudah mobilitas,1,positif
Dian purnamasari,"Mau masuk aplikasi harus verifikasi lewat SMS, tetapi gagal terus dengan keterangan pulsa tidak mencukupi, padahal pulsanya ada dan nomor HP nya masih aktif.",2025,bca,masuk aplikasi verifikasi pesan gagal terang pulsa tidak cukup pulsa nomor handphone aktif,-1,negatif
Erick Arta S,ini bca kadang merah terus kenapa yah?,2025,bca,bca kadang merah,0,netral
Ravi Production,ini kenapa transaksi tambah lemot sekali gak gerak sama sekali meskipun sinyal sudah bagus tetep saja di warna merah gak gerak di warna hijau untuk transaksinya. diperbaiki lagi biar bisa enak customernya ini,2025,bca,transaksi lama tidak gerak sinyal bagus tetep warna merah tidak gerak warna hijau transaksi baik bisa enak customernya,1,positif
Sandi Kurniawan,sudah isi data di mesin mungkin ada yg ngaku2xsy.,2025,bca,isi data mesin ngaku xsy,0,netral
Rovan Tarsona,"tolong dong mbangking kenapa ko ga bisa buat cek saldo/mutasi , padahal sinyal bagus , tolong segera perbaikan.",2025,bca,tolong mbangking tidak bisa cek saldomutasi sinyal bagus tolong baik,2,positif
Dapid Aslan,SEJAK ADANYA PERATURAN REKENING NGANGGUR 2BULAN SAYA SUDAH HERAN SAMA NEGARA INDONESIA.,2025,bca,atur rekening nganggur heran negara indonesia,0,netral
tri wahyu agus setiorini,"mohon untuk verifikasi wajah diawal diberikan instruksi melalui suara juga, karena disuruh lepas kacamata, instruksi tulisannya kecil sekali dan ditambah mata minus jadi ngeblur. ini menyulitkan kalo verifikasi wajah diawal ketika lagi sendiri.",2025,bca,mohon verifikasi wajah awal instruksi suara suruh lepas kacamata instruksi tulis tambah mata minus ngeblur sulit verifikasi wajah awal,-1,negatif
Dziezy Butiq (Dziezy butiq),kenapa ya mbanking BCA sy tiba2 out & sy sudah cb masuk tetap ngga bs pdhl pulsa ada & no hp terdaftar cb ke XL jg udh 🙄,2025,bca,mbanking bca out cb masuk tidak bs pulsa no handphone daftar cb xl,0,netral
Viewnanda Kenia,ok,2025,bca,ok,0,netral
Margono,kapan pinjaman personal loan bisa di akses lewat aplikasi,2025,bca,pinjam personal loan bisa akses aplikasi,0,netral
Wiwit Switno,"saya baru memperbaharui aplikasi, tapi knpa malah gak bisa digunakan ya, cek saldo, tf, cardless smua gak bs digunakan??",2025,bca,baharu aplikasi knpa tidak bisa cek saldo transfer cardless tidak bs,0,netral
Aji Imron,update terbaru aplikasi jadi susah untuk bertransaksi karena indikator tidak stabil sering berwarna merah pdahal sudah memakai wifi,2025,bca,update baru aplikasi susah transaksi indikator tidak stabil warna merah pdahal pakai wifi,0,netral
Winarih,"mohon maaf, saya ko mau log in aplikasi nya ngga bisa"", padahal internet lancar. udah kirim SMS banyak banget, tapi ngga bisa"" di 2 hp berbeda pun tetep gabisa. tolong diperbaiki, saya butuh banget soalnya",2025,bca,mohon maaf log in aplikasi tidak bisa internet lancar kirim pesan banget tidak bisa handphone beda tetep tidak bisa tolong baik butuh banget,2,positif
Hamdi Rangkuti,sejauh ini good ada bug2 sedikit msi bisa di maklumi.,2025,bca,good bug msi bisa maklum,0,netral
Andri Mohamad Saleh,"lampu indikator merah terus,padahal sinyal bagus",2025,bca,lampu indikator merah teruspadahal sinyal bagus,1,positif
Hello Poh,"setiap ada problem, lag, dll sudah diperbaiki, terimakasih",2025,bca,problem lag dll baik terimakasih,1,positif
harwin adi,kenapa 2 hari ini eror ya. mau tranfer lewat M bangking atau ATM pun juga tidak bisa.,2025,bca,error tranfer m bangking atm tidak bisa,-1,negatif
Amaliah Batubara,"loh kok Skrang bisa login TPI indikator nya merah trus udah brpa kali ku cbak,pdahal pengen TF,ini smpe kpan ya GK bisa,jgn smpe duit terkuras sndiri ya, soalnya masa stiap di dlm kosong GK ad saldo,trus org lain TF kenak potong trus,bukannya 1 kli aj ya 1 bln, tolong dong BCA",2025,bca,skrang bisa login indikator merah brpa ku cbakpdahal ken tfini smpe kpan tidak bisajgn smpe uang kuras sndiri stiap dlm kosong tidak ad saldotrus orang transfer nak potong trusbukannya kli aj bln tolong bca,0,netral
HADI KURNIAWAN,di update malah jadi lemot,2025,bca,update lama,-1,negatif
Tina wahyuni,kenapa BCa saya hari ini Eror ya mau cek saldo ga bisa .malah kembali truss,2025,bca,bca error cek saldo tidak bisa truss,-1,negatif
Nurlaila Ramadani,"masih bingung, kenapa setiap buka menu inbox selalu gak bisa, aplikasi logout otomatis, mohon bantuannya",2025,bca,bingung buka menu inbox tidak bisa aplikasi logout otomatis mohon bantu,-2,negatif
Yusep Tajmudin,"saya mengajukan pembukaan rekening malah pulsa habis, kena sms, teruss ribet, di jaman sekarang bank yang lain sudah pada canggih ini mau daftar juga ribet,, malah pulsa habiss terpotong teruss sama sms",2025,bca,aju buka rekening pulsa habis kena pesan teruss ribet jaman bank canggih daftar ribet pulsa habiss potong teruss pesan,-2,negatif
SM,"Di update bulannya makin bagus lancar ,ini malah lemot padahal jaringan bagus. hadeuhh",2025,bca,update bulan bagus lancar lama jaring bagus hadeuhh,2,positif
Heriyana,setelah update tidak bisa masuk dengan notif koneksi tidak stabil padahal sinyal jaringan bagus dan kuota penuh...tolong di perbaiki segera ya Min,2025,bca,update tidak bisa masuk notif koneksi tidak stabil sinyal jaring bagus kuota penuhtolong baik,3,positif
Denii Rahmansyah,lama kalo lagi maintenance🥴🥴,2025,bca,lama maintenance,-1,negatif
Rizal Wardiansyah,tolong kedepannya di tambahkan pemberitahuan kalo ada uang masuk,2025,bca,tolong depan tambah pemberitahuan uang masuk,0,netral
Abdul Haris,"hallo, admin apakah bisa membayar PGN? saya tidak menemukan menu payment nya🙏🏼",2025,bca,hallo bisa bayar pgn tidak temu menu payment,0,netral
Purnama Jeto,ok,2025,bca,ok,0,netral
Ahmadfairin Great,"transaksinya cepat cuman sayang belum ada layanan depositonya. andaikan BCA mobile kalo login bisa pakek sidik jari pasti lecih moderen. karena bank"" yg lain uda pada pakek fitur sidik jari .",2025,bca,transaksi cepat cuman sayang layan deposito andai bca mobile login bisa pakek sidik jari lecih moderen bank uda pakek fitur sidik jari,1,positif
Salma Widiyanti,good,2025,bca,good,0,netral
Adhyta Alizar,terimakasih respon nya bca penanganan yg cepat dan respon yg tanggal,2025,bca,terimakasih respon bca tangan cepat respon tanggal,1,positif
Fery Eyix,"sekarang sinyal nya lambat , sering merah",2025,bca,sinyal lambat merah,-1,negatif
A Amal,kenapa saya selalu gagal verifikasi SMS tolong bantu saya mau bikin no rek BCA tolonh,2025,bca,gagal verifikasi pesan tolong bantu no rekening bca tolonh,-1,negatif
Ray Fadly,good,2025,bca,good,0,netral
tati tama,saya lakukan taransaksi qris gagal tapi saldo sudah kepotong itu gimna ya cara balikin nya,2025,bca,laku taransaksi qris gagal saldo potong gimna balikin,-1,negatif
Rikrik Riansyah,font nya ga nyaman,2025,bca,font tidak nyaman,1,positif
Putri Giantri,terkadang signal nya selalu merah dan harus nunggu lama sampai berubah hijau,2025,bca,terkadang signal merah nunggu lama ubah hijau,-1,negatif
Melvin Zendrato,"tolong aplikasinya lebih di tingkatkan lagi, sering Lola walaupun jaringan udah bagus tapi, apk nya sering banget lemot, beda dgn aplikasi m banking lainnya🙏 tolong ya dan minta tolong bangettttt, sama pihak BCA",2025,bca,tolong aplikasi tingkat lola jaring bagus aplikasi banget lama beda aplikasi m banking tolong tolong bangett bca,0,netral
Wahyu Suandy,setelah update sekarang merah terus susah hijau padahal sinyal ke apk yang lain lancar,2025,bca,update merah susah hijau sinyal aplikasi lancar,0,netral
George Matthews,"entah setelah update kok berasa indikator hijaunya lama sekali , sebelum update ga begitu deh min",2025,bca,update asa indikator hijau lama update tidak,-1,negatif
H Win,tidak ada notifikasi jika ada tfan sesama BCA,2025,bca,tidak notifikasi tfan bca,0,netral
Xv_バーリクン,layanan bebas pulsa tapi nyedot pulsa maksudnya gimana? 😂,2025,bca,layan bebas pulsa nyedot pulsa maksud,0,netral
Ana Rohana,mantap sangat serba mudah,2025,bca,mantap sangat serba mudah,2,positif
Fitri Handayani,setelah di upgrade kenapa jadi setelan awal pas baru di download? udah gitu susah buat masuk ke akun ditambah ada notif coba masuk beberapa saat lagi kan bikin badmood apa apa jadi terhambat,2025,bca,upgrade setel cocok download gitu susah masuk akun tambah notif coba masuk badmood hambat,-1,negatif
Imam Triananda,kapan bisa pake qris tap di bca Mobile nih?,2025,bca,bisa pakai qris tap bca mobile,0,netral
Sie Bonita,ini kenapa sudah 2 hr sinyalnya merah terus. gak bisa transaksi g bisa lihat saldo. benerin dong.,2025,bca,hr sinyal merah tidak bisa transaksi tidak bisa lihat saldo benerin,0,netral
Rizky Nugroho,mantab,2025,bca,mantab,0,netral
rini Peni,sangat berguna,2025,bca,sangat guna,0,netral
noegaet crispi,"Ketika Mau dibuka aplikasinya ada delay, padahal jaringan aman, sudah coba di beberapa lokasi juga, serta jaringan wifi atau data seluler sama saja, ada delay dan blank.",2025,bca,buka aplikasi delay jaring aman coba lokasi jaring wifi data seluler delay blank,-1,negatif
Nila Mega,"kok makin kesini aplikasi ini makin lemot ya.. buka lama.. mau tf lama.. mau cek saldo lama,, mau cek mutasi juga lama apalagi mau bayar qr beeeh lama bingits.. tolong segera diperbaiki ya.. kasihan para pengguna",2025,bca,kesini aplikasi lama buka lama transfer lama cek saldo lama cek mutasi lama bayar qr beeh lama bingits tolong baik kasihan guna,-5,negatif
Onny Las,terlalu banyak kirim sms,2025,bca,kirim pesan,0,netral
Ferry Budy Yanto,"setelah update aplikasi nya, tiap mau isi flazz malah keluar terus aplikasi nya. tolong di perbaiki lagi",2025,bca,update aplikasi isi flazz aplikasi tolong baik,1,positif
Bopo20,"bagus, sangat membantu tapi kalo belum ada lampu ijo gak bisa kelamaan",2025,bca,bagus sangat bantu lampu ijo tidak bisa,1,positif
shandy mg,Pas di Update Malah Sering Banget Merah Lampu Indikatornya. Lemot!,2025,bca,cocok update banget merah lampu indikator lama,-1,negatif
Mei Wulandari,sekarang bukak aplikasinya lama banget..minta tolong untuk di-update lagi biar gak lama kalo mau transfer,2025,bca,bukak aplikasi lama bangetminta tolong diupdate tidak lama transfer,-2,negatif
Ima Banivan,baguss,2025,bca,baguss,0,netral
yohanes kres,"habis update versi terbaru kemarin tapi kenapa malah jadi lemot,lebih lambat dari versi sebelumnya. harus tunggu beberapa detik untuk buka setiap menu,signal merah ke hijau pun terasa lama. kirain signal dan blm di restart setelah restart dan pakai beberapa wifi juga sama hasilnya",2025,bca,habis update versi baru kemarin lemotlebih lambat versi tunggu detik buka menusignal merah hijau lama kirain signal restart restart pakai wifi hasil,-2,negatif
Hendrawan Hendrawan,pelayan memuaskan.. tapi tolong klo ada yg melaporkan melalui email tentang nasabah yg menggunakan sebagai penerima deposit judi onkine harap di blokirrr.. 🙏🙏🙏,2025,bca,layan muas tolong lapor email nasabah terima deposit judi onkine harap blokirr,0,netral
Tio Cun Meng,Performanya turun diupdatetan terakhir sering merah,2025,bca,performa turun diupdatetan merah,0,netral
Wahyu Yudi,"aplikasi Tdk BS kebuka,",2025,bca,aplikasi tidak bs buka,0,netral
Yusuf Wildan Setiawan,gangguan server kah hari ini?,2025,bca,ganggu server kah,-1,negatif
dephia eksa,"ini m-bankingnya knp ya kok lama bgt lampu gbs ijo, merah terus pdhl sinyal wifiku lancar"" ajaa",2025,bca,mbankingnya lama banget lampu gbs ijo merah sinyal wifiku lancar ajaa,0,netral
Teteng,"Semua kendala sama yaitu susah utk dattar dan login di versi mbca yg baru ini dgn alibi koneksi terputus, pdhl sblm sy update ke versi 2 terakhir ini lancar2 aja. Sy nyesel bgt update versi yg bru jdi susah bgt utk login nya. Sy sgt kecewa utk fasiltas mbca. Biaya admin di naikin tapi fasilitas nya buruk.",2025,bca,kendala susah dattar login versi mobile bca alibi koneksi putus sblm update versi lancar nyesel banget update versi bru susah banget login sgt kecewa fasiltas mobile bca biaya naikin fasilitas buruk,-5,negatif
Sannn Tempest,"setelah di update kenapa ya jadi sering force close terus, sebelum di update nyaman nyaman aja pake ni apk, setelah update jadi gini",2025,bca,update force close update nyaman nyaman pakai aplikasi update gin,0,netral
Akhmad Rofi,info update baru kayak agak lemot di pake yah,2025,bca,info update lama pakai,-1,negatif
Kris Nawan,sering banget ganguan aplikasi nya mohon perbaiki,2025,bca,banget ganguan aplikasi mohon baik,1,positif
Mugi Wiratno,"sebetulnya mudah untuk mengaktifkan m-banking terblokir, cukup bawa KTP dan kartu ATM d mesin cs, tapi sesampainya di cabang baik sekuriti, petugas lainya arahin ke ambil antrian,(semacam edukasi) padahal mesin cs bs mempersinkat waktu, lanjut pergi nunggu sore sepulang kerja baru ke mesin cs sendiri dan registrasi sendiri bs",2025,bca,mudah aktif mbanking blokir bawa ktp kartu atm mesin customer service sampa cabang sekuriti tugas lai arahin ambil antriansemacam edukasi mesin customer service bs mempersinkat pergi nunggu sore pulang kerja mesin customer service registrasi bs,1,positif
Fery Fernando,setelah diupdate malah tambah lemot...lebih bagus yg versi sebelumnya,2025,bca,diupdate lemotlebih bagus versi,1,positif
apabae106 channel,mau nanya min gebyar hadiah BCA udh gk bisa di buka/ikutin lg ya.. yang dapet hadiah Gacha.,2025,bca,nanya gebyar hadiah bca tidak bisa bukaikutin dapet hadiah gacha,0,netral
Marcello Jambi,"tolong tambahkan fitur sidik jari, memasukkan kode akses itu bikin ribet",2025,bca,tolong tambah fitur sidik jari masuk kode akses ribet,-1,negatif
age pribadi,"aplikasinya baik dan mudah sampai hari ini baru ada kendala, terjadi saat masuk pilihan menu, tanda merah pojok kanan atas tidak berubah dan diulangpun tetap tidak berubah sampai muncul tulisan tidak ada koneksi internet, apakah ini terjadi juga di tmn2 pengguna lainnya?",2025,bca,aplikasi mudah kendala masuk pilih menu tanda merah pojok kanan tidak ubah ulang tidak ubah muncul tulis tidak koneksi internet tmn guna,0,netral
Jangkung Tampan,Buka saldo or transaksi BCA Mobile lg tidak bisa ya..???,2025,bca,buka saldo or transaksi bca mobile tidak bisa,0,netral
Werli Indah,good,2025,bca,good,0,netral
uchan kono,"instal di hp baru, verifikasi nomor kartu 16 digit ok verifikasi nomor KTP ok verifikasi OTP lewat SMS, mana SMS-nya ? kirim ulang kode berulang ulang gak ada juga SMS kodenya... masa' harus datang ke kantor ?",2025,bca,instal handphone verifikasi nomor kartu digit ok verifikasi nomor ktp ok verifikasi one time password pesan smsnya kirim ulang kode ulang ulang tidak pesan kode kantor,0,netral
Fanli Aperi,"setelah diperbaharui indikator lampu merah terus, sebelumnya cepat berubah menjadi hijau jadi cepat bertransaksi.. sekarang tunggu lamaaaaaaaaaaaaaa masih merah..",2025,bca,baharu indikator lampu merah cepat ubah hijau cepat transaksi tunggu lamaa merah,2,positif
Qomar Osen,Aplikasi Bagus..Tapi ada masalah..Setelah Update Menu QR tidak bisa di pakai..TOLONG SEGERA DIPERBAIKI,2025,bca,aplikasi bagustapi masalahsetelah update menu qr tidak bisa pakaitolong baik,1,positif
Zainur Rozin,"kenapa akhir""ini BCA mobile saya gak bisa buat Transaksi QR selalu muter""",2025,bca,akhirini bca mobile tidak bisa transaksi qr muter,0,netral
Deri Riansyah,selalu&Faforit,2025,bca,selalufaforit,0,netral
BLANKID CHANNEL,indikator warna ijo nya ga stabil.. sering dapat indikator warna biru..harus gonta ganti koneksi dulu baru bisa ijo,2025,bca,indikator warna ijo tidak stabil indikator warna biruharus gonta ganti koneksi bisa ijo,1,positif
Pengguna Google,Plis tolong tambahin update di aplikasi buat pake fingerprint biar gak selalu pake pin biar tambah sat set.,2025,bca,tolong tolong tambahin update aplikasi pakai fingerprint tidak pakai pin sat set,0,netral
Xhenaliu 1999,eror kah min gabisa tranksanksi?,2025,bca,error kah tidak bisa tranksanksi,-1,negatif
hadi suhendi,"kenapa sekarang indikator nya sering merah??? Padahal jaringan internet stabil tidak ada masalah, sangat menghambat saat bertransaksi harus nunggu beberapa menit. Semoga segera diperbaiki",2025,bca,indikator merah jaring internet stabil tidak sangat hambat transaksi nunggu menit moga baik,2,positif
Andre Nopand,tolong perbaiki,2025,bca,tolong baik,1,positif
Catur A,"terima kasih akan feedback nya perihal qris , untuk yang kedua : tolong di vertion hp saya (TECNO POVA 5 ada fitur NFC nya) disertai upgread topup saldo kartu flash di app BCA Mobile, kebetulan untuk di app vertion hp saya todak ada option topup nya hanya ada rincian saja,",2025,bca,terima kasih feedback perihal qris tolong vertion handphone tecno pova fitur nfc serta upgread topup saldo kartu flash aplikasi bca mobile aplikasi vertion handphone todak option topup rincian,0,netral
Sam Juna,mantap sangat membantu Skali👍,2025,bca,mantap sangat bantu skali,1,positif
puji santoso,tolong di perbaiki. tiap mw transaksi slalu lampu hijau nya lama Skali.,2025,bca,tolong baik mw transaksi slalu lampu hijau lama skali,0,netral
gunari,"aplikasi bagus, sayang fitur Qris sering terganggu, sering saldo terpotong dan sudah lapor CS ada yg di balikin tp banyak yg gak baliknya dan saldo hilang sia², tolong Qris di perbaiki bila transaksi gagal saldo bisa otomatis balik seperti bank lain",2025,bca,aplikasi bagus sayang fitur qris ganggu saldo potong lapor customer service balikin tidak balik saldo hilang sia tolong qris baik transaksi gagal saldo bisa otomatis bank,0,netral
Baldaeni Gabel,"Ada Apa Dgn BCA ko punya saya gk bisa masuk, Lampu merah terus, Susah Mw Cex Saldo + Ambil uang.. haduh Mana inimah tanpa kartu pula, jadi Ribett bngt",2025,bca,bca tidak bisa masuk lampu merah susah mw cex saldo ambil uang haduh inimah kartu ribett banget,-1,negatif
Siti Hodijah,"eror 205 terus ga bisa di buka, solusinya gimana?masih tetap sama, gabisa di buka,sudah mencoba berkali-kali tetap saja eror 205",2025,bca,error tidak bisa buka solusi gimanamasih tidak bisa bukasudah coba berkalikali error,-2,negatif
danu yuni,sekarang jadi lemot banget,2025,bca,lama banget,-1,negatif
Idris Sungguh,kurang akurat,2025,bca,kurang akurat,0,netral
Prameswara Tungga buwana,bintang 4 dulu aja deh soalnya m banking sy gak bisa buat topup flazz,2025,bca,bintang m banking tidak bisa topup flazz,0,netral
Tedi permana,indikator merah terus kenapa ya.? kalo emang harus di update kok ga ada tulisan update nya .!,2025,bca,indikator merah update tidak tulis update,0,netral
RobbyMarciano Meringgi,ok,2025,bca,ok,0,netral
rahmad yusuf,"setelah di update kenapa malah jadi lemot ga kaya sebelumnya perlu pembenahan,buat transaksi susah",2025,bca,update lama tidak kaya pembenahanbuat transaksi susah,-2,negatif
Aufa Fadlyhant,saya kasih bintang 4 dulu dikarenakan setiap minggunya saldo saya kepotong 15rb mohon kedepannya segera diperbaiki BCA,2025,bca,kasih bintang minggu saldo potong ribu mohon depan baik bca,1,positif
Rudi Sofyan,sekarang jadi lemot habis update,2025,bca,lama habis update,-1,negatif
Peri Bumi,"update an yg terbaru malah susah bngt buat indikator ijo, merah trs",2025,bca,update an baru susah banget indikator ijo merah,-1,negatif
Zulkarnain zul,"aduh BCA kenapa kamu sakit gini hari ada apa saya sangat membutuhkan kamu BCA tolong kaki saya sakit tolong org²BCA Jagan sampai ada berita yg aneh²nanti ya....pertanda apa ini BCA eror gini,tapi ga tau kartunya eror jg atu ga,ini cuma bengking yg eror ga bisa ngapa ngapain kenapa ini,hidup macam apa ini roko ga ada uang ga ada bengking eror",2025,bca,aduh bca sakit gin sangat butuh bca tolong kaki sakit tolong orgbca jagan berita anehnanti yapertanda bca error ginitapi tidak kartu error atu gain bengking error tidak bisa ngapa inihidup roko tidak uang tidak bengking error,-4,negatif
Eko Nugraha,"sebelum di ufdete lancar, kok setelah di ufdete lelet sih",2025,bca,ufdete lancar ufdete lelet,1,positif
chandra tando,"Saya dari dulu senang memakai BCA karena mudah, praktis, ga sering kendala kaya Bank lain, tapi saya mau mengeluhkan untuk aplikasi ini setelah ada pembaruan terakhir jadi rada berat aplikasinya terus kadang juga lemot pas buka padahal perangkat/device yang saya gunakan baik baik saja dan tidak penuh memori. Tolong dibetulkan supaya tidak terjadi lemot pada waktu awal buka sebelum memassukan pin aplikasi dan setelah memasukkan pin aplikasinya. Terima kasih",2025,bca,senang pakai bca mudah praktis tidak kendala kaya bank keluh aplikasi baru rada berat aplikasi kadang lama cocok buka perangkatdevice tidak penuh memori tolong betul tidak lama buka memassukan pin aplikasi masuk pin aplikasi terima kasih,-1,negatif
Tita Juwita,ya ya 8jkkk.,2025,bca,jkk,0,netral
Irsan,maju terus,2025,bca,maju,0,netral
Nur Ajja,"Sebelumnya msh aman2 aja, tapi makin kesini udh 2x perbarui, ini yg kesekian kalinya minta perbarui trs aplikasinya.",2025,bca,msh aman kesini baru sekian kali baru aplikasi,1,positif
Deni Sopian,"hampir tiap bulan harus verifikasi ulang dengan alasan nomor tida sesuai,padahal nomor sesuai dan masih aktif",2025,bca,verifikasi ulang alas nomor tida sesuaipadahal nomor sesuai aktif,0,netral
Sofyan Hadi,Model hurufnya kok jadi jelek diganti ya? bagus yang lama,2025,bca,model huruf jelek ganti bagus lama,-1,negatif
Firdaus Milan,sangat Bagus,2025,bca,sangat bagus,1,positif
Hanung Arif Pramudita,hilangkan indikator hijau birunya,2025,bca,hilang indikator hijau biru,0,netral
Nana Supriatna,"barusan bka, tmpiln saat pnginputan Kode Akses ko aga berubah ya? ini ada pembaharuan kh?",2025,bca,barusan bka tmpiln pnginputan kode akses aga ubah baharu kh,0,netral
yovie skj,Tidak bisa melakukan transaksi transfer,2025,bca,tidak bisa transaksi transfer,0,netral
Reza Setiawan,"bintang 4 dulu, nanti kalo udah ada update Qris Tap kaya di mybca aku kasih bintang 5",2025,bca,bintang update qris tap kaya mybca kasih bintang,0,netral
agus mulyana,kenapa tidak bisa transaksi pake keyboard lagi skarang ya ?? apa eror kah hape saya,2025,bca,tidak bisa transaksi pakai keyboard skarang error kah hape,-1,negatif
Wiwit Widyawati,"biasa menggunakan keyboard BCA, lebih praktis utk transaksi, tapi belakangan nggak bisa pake lagi dan nggak tau mau tanya ke siapa buat benerin lagi",2025,bca,keyboard bca praktis transaksi tidak bisa pakai tidak benerin,1,positif
Azkay Muhammad,cara mengaktifkan m banking tolong di bantu sudah di coba berbagai cara sampai datang ke kantor BCA masih tidak bisa,2025,bca,aktif m banking tolong bantu coba kantor bca tidak bisa,0,netral
Angga Rexsa,keren,2025,bca,keren,0,netral
siti siti,"aplikasi nya kenapa dari jam 6 sampe skrng gk bisa d buka,pdahal mau transaksi,dari kmren msih lancar2 aja knpa gliran mau d pake gk bisa,udh mh ada saldo nya yg lumayan lagi,tolong d perbaiki lagi",2025,bca,aplikasi jam skrng tidak bisa bukapdahal transaksidari kemarin msih lancar knpa gliran pakai tidak bisaudh mh saldo lumayan lagitolong baik,2,positif
om ayim,halo nomor saya mati bisa di ganti ya,2025,bca,halo nomor mati bisa ganti,0,netral
Jerry Kanca Sakti Gas,sdh 3 hari ini kok agak susah loading nya,2025,bca,susah loading,-2,negatif
Alif Acoustic,banyak nglag nya. gabisa sat sett,2025,bca,nglag tidak bisa sat sett,0,netral
Kaptentempoer71 X,badebes,2025,bca,badebes,0,netral
Ditta Ayu s,mengapa hari ini saya tidak bisa menggunakan Bifast untuk Tf ke bank Jateng? adakah kendala karena tanggal merah/waktu masih pagi? mohon solusinya ASAP! Terima kasih,2025,bca,tidak bisa bifast transfer bank jateng ada kendala tanggal merahwaktu pagi mohon solusi asap terima kasih,-1,negatif
One Gaming,baik,2025,bca,,0,netral
Fretty Cinta,"kenapa ya gbisa di daftar, selalu berhenti di bagian SMS tolong dongg",2025,bca,gbisa daftar henti pesan tolong dongg,0,netral
ihsan taufik,"kenapa akhir akhir ini bca jadi lemot ya mbangkingnya, jaringan ga stabil terus susah buat transfer",2025,bca,bca lama mbangkingnya jaring tidak stabil susah transfer,-1,negatif
Rizky Baraka,"bagus sebelum d update pakai buka pin aja tambah ruwet,,,,",2025,bca,bagus update pakai buka pin ruwet,1,positif
Emul,sangat membantu,2025,bca,sangat bantu,0,netral
chamvredx “To” Suto,susah dapet sinyal hijau,2025,bca,susah dapet sinyal hijau,-1,negatif
Syukur Berkat Gulo,"mantap , sangat membantu",2025,bca,mantap sangat bantu,1,positif
Yadi Mul,bagus sangat,2025,bca,bagus sangat,1,positif
Yan Farid Bayu sandra,hari ini tanggal 29 September apakah aplikasi sedang ada kendala? tidak bisa di gunakan aplikasi,2025,bca,tanggal september aplikasi kendala tidak bisa aplikasi,-1,negatif
Mukti Ali,"mohon di perbaiki mbangking nya, transaksi qris gagal tapi saldo berkurang di mutasi rekening tercetak,, tapi saldo tidak pernah kembali.. 1x mungkin gangguan dan menghubungi hallo bca ,clear dan pengembaliannya entah kapan karena tidak tercetak di mutasi rek uang masuk tapi transaksi kecil qris 2x berturut2 gagal saldo tetap tidak kembali menghubungi hallo bca mahal pulsanya.. mohon perhatianya mungkin orang lain juga seperti itu",2025,bca,mohon baik mbangking transaksi qris gagal saldo kurang mutasi rekening cetak saldo tidak ganggu hubung hallo bca clear kembali tidak cetak mutasi rekening uang masuk transaksi qris gagal saldo tidak hubung hallo bca mahal pulsa mohon perhatianya orang,-2,negatif
Agus rahman Jaya,sanhat baik dan berguna,2025,bca,sanhat guna,0,netral
Dimas Abimanyu,sangat membantu,2025,bca,sangat bantu,0,netral
Salshabilla ASMORO,kenapa abis di update.. kok stiap masuk lama & kluar lgi..,2025,bca,abis update stiap masuk lama kluar lgi,-1,negatif
asep channel,bberapa hari ni lambat,2025,bca,bberapa lambat,-1,negatif
Denis Andear,kenapa qris saya tidak bisa di gunakan ya?,2025,bca,qris tidak bisa,0,netral
Shella Syah,"sekarang agak sedikit lelet klo mau transfer, indikator jg lama merah ny. kdng kalo mau qris hrus refresh berulang"" trus baru bisa pdhal sinyal bagus 🥲",2025,bca,lelet transfer indikator lama merah ny kdng qris hrus refresh ulang bisa pdhal sinyal bagus,0,netral
pendi bm,"pelayanan bagus,tp harus diapdet terus",2025,bca,layan bagustp diapdet,0,netral
jepara nyezz mania,sering eror,2025,bca,error,-1,negatif
haris dewantoro,diupdate malah indikator sinyal di kanan atas gamau berubah hijau selalu merah gimana ini? susah banget buat transaksi tolong dibenerin lah saya kasih bintang 5 nanti,2025,bca,diupdate indikator sinyal kanan gamau ubah hijau merah susah banget transaksi tolong dibenerin kasih bintang,-1,negatif
Riska 03,kenapa saya ingin mengganti kartu di aplikasi BCA mobile tidak bisa diproses?,2025,bca,ganti kartu aplikasi bca mobile tidak bisa proses,0,netral
Aisah Hariyansah,maaf mau tanya ini kenapa y apk bca mobile nya g bisa dibuka. baru diklik icon nya lg mental g bisa trus.,2025,bca,maaf y aplikasi bca mobile tidak bisa buka klik icon mental tidak bisa,0,netral
Roni R,Sederhana. kesederhanaan sering kali menjadi pilihan utama karena keamanan. Sejak update terakhir yg font berubah aplikasi QRIS susah munculnya. Dan sering ada notifikasi : tutup aplikasi atau tunggu. mhn penjelasan. Terkait penggunaan kartu pada slot 1 dg nomer terpakai.. lha ya seperti itu yg saya terapkan tp hasilnya masih kalah dg sebelum update.,2025,bca,sederhana sederhana pilih utama aman update font ubah aplikasi qris susah muncul notifikasi tutup aplikasi tunggu mhn jelas kait guna kartu slot dg nomer pakai lha terap hasil kalah dg update,0,netral
Ria Amalia Rostianti,kenapa BCA mobile saya gak bisa dipakai yah hari ini..apakah sedang gangguan..?,2025,bca,bca mobile tidak bisa pakai iniapakah ganggu,-1,negatif
Dian Pramujianto,barusan d update kok malah gak bisa cek saldo min(tanda merah),2025,bca,barusan update tidak bisa cek saldo mintanda merah,0,netral
Putri Nurfatimah,"kenapa ya bca mobile sekarang sering dan suka logout terus menerus??dan buat masuk lagi harus masukin no kartu atm pakai pulsa?kalau gini terus wahh bisa boncos dong, ada solusi???? trimakasih",2025,bca,bca mobile suka logout menerusdan masuk masukin no kartu atm pakai pulsakalau gin wahh bisa boncos solusi trimakasih,0,netral
Ikmal Setiawan,ntah kenapa seharian lampu nya tidak berubah hijau malah warna merah terus jadi susah bertransaksi,2025,bca,ntah hari lampu tidak ubah hijau warna merah susah transaksi,-1,negatif
Iva Fauzy,skr akses qris susah..muter2 trs..pdhl kuota dan jaringan aman,2025,bca,akses qris susahmuter trspdhl kuota jaring aman,1,positif
Yanto Nur,bca lgi eror apa ya,2025,bca,bca lgi error,-1,negatif
Ayu Cristina,skrang kalau orang transfer uang uang nya gak langsung msuk ke saldo selalu (PEND) padahal sebelum nya kalo org transfer dana langsung masuk cepat mohon diperbaiki sistemnya,2025,bca,skrang orang transfer uang uang tidak langsung msuk saldo pend orang transfer dana langsung masuk cepat mohon baik sistem,2,positif
Rio Arnanda,baik,2025,bca,,0,netral
choirul anam,"kak BCA mobile saya kok saat di klik keluar sendiri,,,??",2025,bca,bca mobile klik,0,netral
Catur Yoga,setelah update malah jd ngelag min🙏,2025,bca,update ngelag,0,netral
Black Jeffry,belum bisa di gunakan,2025,bca,bisa,0,netral
Septi ana,sedang perbaikan kah?,2025,bca,baik kah,1,positif
Nur Apriyanto,bca kenapa dah gua pakai qris tidak bisa membayar tapi saldo terpotong,2025,bca,bca pakai qris tidak bisa bayar saldo potong,0,netral
Suci Lestari,semoga apliksi ny selalu mudah di gunakan,2025,bca,moga apliksi ny mudah,1,positif
Siti Khadijah,setelah update malah jadi lemot begini,2025,bca,update lama,-1,negatif
Hendarto,setiap buka rekening pas prifikasi data selalu gagal padah sudah jelas fotonya dan benar,2025,bca,buka rekening cocok prifikasi data gagal padah foto,-1,negatif
indra sastrawan,"Fasilitas QR Code akhir2 ini sulit digunakan, harus berkali2 diulang, bahkan yg terakhir ini tidak bisa saya pakai sama sekali. Mohon segera ditangani. Trims.",2025,bca,fasilitas qr code sulit kali ulang tidak bisa pakai mohon tangan trims,-1,negatif
Ginanzar Subiradisastra,BCA mobile tidak bisa di buka 29_09_25,2025,bca,bca mobile tidak bisa buka,0,netral
Hadinata Hadinata,"Kenapa di Versi terbaru setelah upgrade saya tidak bisa beli paket roaming ya, mohon infonya",2025,bca,versi baru upgrade tidak bisa beli paket roaming mohon info,0,netral
Aang Fauzy,"kemarin saya sempet kecewa karena melakukan pembayaran dg Qris,tapi gagal dan saldo saya tetep berkurang. tapi GK sampai 12 jam,saldoku d kembalikan otomatis. ALHAMDULILLAH. terimakasih BCA",2025,bca,kemarin sempet kecewa bayar dg qristapi gagal saldo tetep kurang tidak jamsaldoku kembali otomatis alhamdulillah terimakasih bca,-2,negatif
IKHSAN PRASSETYO,"dear BCA aplikasi bagus cuma boleh lah di tambah tombol back di setiap masuk menu, karena setiap mau home saya harus keluar dari aplikasi dulu kalau mau ke menu awal nya, terimakasih 🙏",2025,bca,dear bca aplikasi bagus tombol back masuk menu home aplikasi menu terimakasih,1,positif
Alfin Yanuar Ramadhan,minta tolong kenapa saya gak dapet kode OTP terus untuk login,2025,bca,tolong tidak dapet kode one time password login,0,netral
Muhammad Nurdin,"selamat malam, saya mau update aplikasi kok ngak bisa ya ...",2025,bca,selamat malam update aplikasi ngak bisa,0,netral
Theresia atanau,kenapa sekarang susah untuk buka aplikasinya merah terus jadi tdk bisa transaksi.,2025,bca,susah buka aplikasi merah tidak bisa transaksi,-1,negatif
ramadurga arkadewa,hari ini 19/09/2025 kok pas isi Flazz pake NFC selalu keluar dr aplikasi??? pas pake e-commerce bisa tp kena biaya layanan + admin?,2025,bca,cocok isi flazz pakai nfc aplikasi cocok pakai ecommerce bisa kena biaya layan,0,netral
Serabi solo cikini (Serabi solo),"sering bayar qris gagal saldo kepotong , aplikasinya juga lemot sekali",2025,bca,bayar qris gagal saldo potong aplikasi lama,-2,negatif
Denny Riadi,"Ini gimana topup Flazz, saldo kepotong tapi gamasuk saldonya",2025,bca,topup flazz saldo potong gamasuk saldo,0,netral
Rachellina _014,"tolong dikasih notif supaya tau ketika ada uang masuk, ngga perlu di cek saldo Terima kasihh 🙏",2025,bca,tolong kasih notif uang masuk tidak cek saldo terima kasihh,0,netral
Dede sumarna,saya habis daftar trs TF 2x kenapa masuk saldonya lama bgt y,2025,bca,habis daftar transfer masuk saldo lama banget y,-1,negatif
Marman Vidi,notifikasi tidak bunyi,2025,bca,notifikasi tidak bunyi,0,netral
Suharti,"gampang error, lampu indikator merah terus",2025,bca,gampang error lampu indikator merah,-1,negatif
LUCKY PRIYANTI,QRIS nya apakah bermasalah? saat mau bayar sudah klik pinnya malah transaksi gagal seharian ini sudah di coba berkali kali..,2025,bca,qris masalah bayar klik pin transaksi gagal hari coba kali,-2,negatif
Dina Kesuma Purbaya,kenapa ya buka QR loading nya lama bgt..pdhal sinyal ada..udh brpa hri ngga bisa buka QR,2025,bca,buka qr loading lama bgtpdhal sinyal adaudh brpa hri tidak bisa buka qr,-2,negatif
den Den,sangat membantu saya bertrasaksi,2025,bca,sangat bantu bertrasaksi,0,netral
Nanuk Setiana (Ulup),"tolong diperbaiki,setelah upgrade ke versi terbaru jadi lemot!! begitu log in idikator koneksi tidak hijau². mending versi sebelumnya,begitu log in indikator langsung hijau. ga nyaman klo begini",2025,bca,tolong diperbaikisetelah upgrade versi baru lama log in idikator koneksi tidak hijau mending versi sebelumnyabegitu log in indikator langsung hijau tidak nyaman,0,netral
eko warsito,perkara lampu ijo aja bikin lama transaksi pas buru² gak bisa diajak cepet 😭,2025,bca,perkara lampu ijo lama transaksi cocok buru tidak bisa ajak cepet,-1,negatif
Desman Zai Desman,mohon hapus pemeliharaan sistem bca itu admin itu sangat tidak nyaman bagi konsumen karna tdk selalu darurat itu hNya sampe jam 12 malam tpi setiap saat pasti dibutubkan,2025,bca,mohon hapus pelihara sistem bca sangat tidak nyaman konsumen tidak darurat hnya jam malam dibutubkan,1,positif
Aan Fernandez,knapa lampu indikator nya merah terus padahal saya menggunakan wifi,2025,bca,knapa lampu indikator merah wifi,0,netral
Vivi Beko,"layanan semua bagus .. tetapi saya bbrapa kali .. & trakhir pagi ini .. ada uang masuk contoh kisaran 50rb tetapi hanya di rekening tiba"" sisa jdi 10 rb ,,saya tidak ada belanja atau tf sudah kepotong aja 40rb .. di mutasi laporan uang masuk aja 50rb,,yang 40rb nya hilang kayak hantu ..entah kmana .. padhal uang baru masuk di tf loh. . kalau di bilang bayar admin . . ini baru tgl 2 .. admin yang bulan lalu sudah kepotong ... aneh bin ajaib .. bisa di bantu jelaskan ?",2025,bca,layan bagus bbrapa trakhir pagi uang masuk contoh kisar ribu rekening sisa ribu tidak belanja transfer potong ribu mutasi lapor uang masuk rbyang ribu hilang hantu kmana padhal uang masuk transfer bilang bayar tgl potong aneh bin aneh bisa bantu,1,positif
Chello Armedi,di coba dilu,2025,bca,coba dilu,0,netral
Abdul Rofik Hermawan,tambah kesini apk nya tmbh lemot..jaringan bagus tpi ikon ijo susah,2025,bca,kesini aplikasi tmbh lemotjaringan bagus ikon ijo susah,0,netral
Sbnt B,kenapa ya kak setiap transaksi harus verifikasi ulang?,2025,bca,transaksi verifikasi ulang,0,netral
prabu ngakak,sangat membantu,2025,bca,sangat bantu,0,netral
Rian Rusyadi,"maaf ni abis updet koq aneh hp gw apa aplikasi nya yh delay nya lamaa banget indikator ny dari merah ke ijo sebelum updet tu paling 5 detik nah ini bisa semenit.,jgn tnya sinyal ane pake telkomsel yh",2025,bca,maaf abis update koq aneh handphone aplikasi yh delay lamaa banget indikator ny merah ijo update tu detik bisa semenitjgn tnya sinyal ane pakai telkomsel yh,-1,negatif
Muhammad Sholehuddin,respon cukup cepat dalam menangani masalah gangguan layanan,2025,bca,respon cepat tangan ganggu layan,0,netral
WIDIYANTO,Mengapa sekarang agak sulit untuk buka menu Qris ya ?,2025,bca,sulit buka menu qris,-1,negatif
Edward Teras,mantap,2025,bca,mantap,1,positif
Firman Algebra,"gak jadi....! saya sudah menghubungi cs WA, kendala sudah teratasi... lain kali kalu di persulit lagi saya turunin lagi bintang nya...!! 😎✌",2025,bca,tidak hubung customer service wa kendala atas kalu sulit turunin bintang,-2,negatif
Asnah Khariroh,"sangat membantu dalam segala bentuk transaksi, efektif dan efisien",2025,bca,sangat bantu bentuk transaksi efektif efisien,0,netral
Alam Priangan,nice,2025,bca,nice,0,netral
Toyib 42,seharusnya pada saat transaksi bacaan *transfer* nya lebih besar dan berwarna,2025,bca,transaksi baca transfer warna,0,netral
Foreman Simanjuntak,ok,2025,bca,ok,0,netral
Young lex,makin ksni makin parah saja,2025,bca,ksni parah,-1,negatif
fendy reskiawan,apakah pemaksaan ikut asuransi itu resmi dari pihak bca ?,2025,bca,paksa asuransi resmi bca,0,netral
Estiningrum Prahayusiwi,"kenapa dari pagi tadi mbanking tidak bisa di akses sama sekali ? check saldo saja tidak bisa ? padahal lampu dari aplikasi berwarna hijau , internet juga lancar ?",2025,bca,pagi mbanking tidak bisa akses check saldo tidak bisa lampu aplikasi warna hijau internet lancar,1,positif
Yusuf Rinaldi_JR19,Mbanking saya tidak bisa di buka kenapa ya?? apa ada gangguan?,2025,bca,mbanking tidak bisa buka ganggu,-1,negatif
iso latip,nice,2025,bca,nice,0,netral
andri riyanto riyanto,bagus sekali,2025,bca,bagus,1,positif
Imam Olshop01,Sangat membantu,2025,bca,sangat bantu,0,netral
Arma Jaya,bagus,2025,bca,bagus,1,positif
Murtono Grab,sangat bagus aplikasinya,2025,bca,sangat bagus aplikasi,1,positif
Tampubolon Barimbing,trimksih,2025,bca,trimksih,0,netral
Rahmat Pky723,kenapa kirim duit kadang suka pending,2025,bca,kirim uang kadang suka pending,1,positif
kulit fullap (kulit),bagus bgtttt semuanya,2025,bca,bagus banget,1,positif
Rizal Sp,sangat sangat bagus sekalib,2025,bca,sangat sangat bagus sekalib,1,positif
Febri Amelia,bagus...,2025,bca,bagus,1,positif
Six Adi,mantap,2025,bca,mantap,1,positif
dahlia purwati,sangt mmbntu untuk transaksi,2025,bca,sangt mmbntu transaksi,0,netral
AlysahAlfatihAlfatan,kenapa si notip ny merah terus,2025,bca,si notip ny merah,0,netral
Sigit Ardananto,okee,2025,bca,okee,0,netral
Yayat Ruchiyat,lebih mudah dan aman,2025,bca,mudah aman,2,positif
Rudi Pasya,mantap,2025,bca,mantap,1,positif
achmad rizki,baik,2025,bca,,0,netral
Toko Markas,sangat membantu,2025,bca,sangat bantu,0,netral
Vizha irena,good,2025,bca,good,0,netral
Atok Salahudin,"Memang mantap kali pake myBCA , transaksi lebih mudah dan praktis , gratis biaya transfer pula , sistem dan sebagai nya sudah bagus dan mantap",2025,bca,mantap pakai mybca transaksi mudah praktis gratis biaya transfer sistem bagus mantap,5,positif
Dewi Queen,mantap,2025,bca,mantap,1,positif
Roni Atmaji,"mau pake aplikasi mobile BCA aja smpe harus habisin pulsa dulu, itupun jg masih blm bisa masuk verifikasi cm gara² notif nunggu indikator berwarna hijau. tolong dong diperbaiki lagi aplikasinya....",2025,bca,pakai aplikasi mobile bca smpe habisin pulsa itu bisa masuk verifikasi cm gara notif nunggu indikator warna hijau tolong baik aplikasi,1,positif
WiDya Firmansyah,"dari jaman kuliah 2003 gk pernah ganti bank ... klopun buka rek lain ya krn gaji ataupun sekolah anak yg wajib in pk rek lain... tp ttp semua transaksi dibnk lain pindahin lgs ke bca 😂.. bca itu dr bankingny sampai cs , security dibankny pun selalu ramah2 gk mgecewain.. eh ada deh 1 dr dulu gk prnh di acc kl bikin cc 🤣 .. tp gpp lh menghindari hutang 😆😘 BCA selalu best .. 😘",2025,bca,jaman kuliah tidak ganti bank klopun buka rekening gaji sekolah anak wajib in pk rekening transaksi dibnk pindahin lgs bca bca bankingny customer service security dibankny ramah tidak mgecewain eh tidak prnh acc cc tidak apa lh hindar hutang bca best,0,netral
Kamil Habibi,lemot,2025,bca,lama,-1,negatif
Elona Jaskinta colektion,lebih fleksibel,2025,bca,fleksibel,0,netral
Domy Stephens,"Aplikasi berjalan dgn baik, hanya saja masih diminta datang ke kantor. Seharusnya di zaman digital sekarang sdh bisa diselesaikan di aplikasi seperti banking yg lain. Semoga terus diperbaharui dan dipermudah dalam penggunaannya dan semakin aman dan terpercaya.",2025,bca,aplikasi jalan kantor zaman digital bisa selesai aplikasi banking moga baharu mudah guna aman percaya,2,positif
PR Rangga,TWO THUMBS UP! YOU GUYS DOING GREAT! MEANS THIS APPS ABSOLUTELY OUTSTANDING! 👍👍,2025,bca,two thumbs up you guys doing great means this apps absolutely outstanding,0,netral
Yohanes Aldino,aplikasi keren bgt,2025,bca,aplikasi keren banget,0,netral
Mince 09,tf mudah diantara Bank yang terbaik hanya BCA transaksi mudah mau buat perdana serba mudah hayoo ke BCA aja,2025,bca,transfer mudah bank baik bca transaksi mudah perdana serba mudah hayoo bca,4,positif
Meiningsih,"sangat membantu ,,",2025,bca,sangat bantu,0,netral
Novan Sagita,ok,2025,bca,ok,0,netral
liamzsv,🥶,2025,bca,,0,netral
Lia Marliah,pokoknya membantu banget dalam transaksi,2025,bca,pokok bantu banget transaksi,0,netral
riske melly,bermanfaatnya banget...,2025,bca,manfaat banget,0,netral
tanto blue,top,2025,bca,top,1,positif
Ridwan Widiyanto,loveyou,2025,bca,loveyou,0,netral
Riri Qomariyah,sangat baik dan mudah terimakasi bca,2025,bca,sangat mudah terimakasi bca,1,positif
Bg Boy,kenapa hari ini subuh jam 05.20wib tanggal 04 September 2025 mbaking bca tidak bisa di buka kata nya tida da internet padahal pakek wifi dan Sampek beli paket data tapi tak bisa juga di buka jaringan internet tidak da .???,2025,bca,subuh jam wib tanggal september mbaking bca tidak bisa buka tida da internet pakek wifi sampek beli paket data bisa buka jaring internet tidak da,0,netral
Arial Maldini,ok,2025,bca,ok,0,netral
Bang Danoe Ardiansyah,malah tambah lemes sinyalnya..🥲,2025,bca,lemes sinyal,0,netral
Ridwan Kamil,mmbantu sekalu,2025,bca,mmbantu sekalu,0,netral
Siti Nuryanah,oke yes,2025,bca,oke yes,0,netral
Rudi Hermawan,baik,2025,bca,,0,netral
JUNAEDI JUNAEDI,saya ingin donwload mobile bca,2025,bca,donwload mobile bca,0,netral
Serlytakiana putri,saldo hilang gagal transaksi qris bca. sampe sekarng belum kembali,2025,bca,saldo hilang gagal transaksi qris bca sekarng,-1,negatif
Christemanuel Harvin Budiman,sangat baik dan profesional dalam fungsi dan kinerja aplikasi,2025,bca,sangat profesional fungsi kerja aplikasi,0,netral
Moan Bertus,bagus,2025,bca,bagus,1,positif
Agus Supriono,luar biasa,2025,bca,,0,netral
Yully Queen,kenapa TDK bs buat transaksi pdahal lampu udah hijau,2025,bca,tidak bs transaksi pdahal lampu hijau,0,netral
FATISOKHI0206 DAELY1995,good,2025,bca,good,0,netral
Mr. D,nice,2025,bca,nice,0,netral
Dede Mulyati,sangat membantu dlm transaksi yg tidak mengenal waktu terimakasih bca..semoga sukses trs,2025,bca,sangat bantu dlm transaksi tidak kenal terimakasih bcasemoga sukses,0,netral
Rizal Efansyah,sangat baik,2025,bca,sangat,0,netral
Noelonmen,good,2025,bca,good,0,netral
Muhamad Abdul Latief,joss gandos.,2025,bca,joss gandos,0,netral
Asmui Zain,membantu,2025,bca,bantu,0,netral
Andes Bong,manfaat,2025,bca,manfaat,0,netral
Ms glow Fuji Dan home dress,the best pokoknya,2025,bca,the best pokok,0,netral
Aryatiaya5672,Ga bisa pindah ke Bank lain. BCA I love u,2025,bca,tidak bisa pindah bank bca i love u,0,netral
Nikmat Apayangkaudustakan,mantap,2025,bca,mantap,1,positif
Mega Lee,bagus,2025,bca,bagus,1,positif
Tri Mulyo,bagus aplikasi nya,2025,bca,bagus aplikasi,1,positif
Muhammad Nurdin,oke banget,2025,bca,oke banget,0,netral
Mianto,simpel tidak ribet,2025,bca,simpel tidak ribet,-1,negatif
Lius Kotong,good,2025,bca,good,0,netral
Tino Yanuar,mantap,2025,bca,mantap,1,positif
MJ HERU MARWANTO IR,Ok,2025,bca,ok,0,netral
Untung Nyomban,mantab,2025,bca,mantab,0,netral
Javera Shop Laris27,Terbaik,2025,bca,baik,1,positif
Jonattan,Mengecewakan kirain saya setelah saya kasi bintang 5 udah bisa video call 5 menit padahal sinyal bagus banget dah coba video call sama temen pake pulsa juga bisa saya ini pembuka rekening baru kenapa di persulit ya,2025,bca,kecewa kirain kasi bintang bisa video call menit sinyal bagus banget coba video call temen pakai pulsa bisa buka rekening sulit,-1,negatif
henrique Kurniawan,"sangat membantu,jadi nggak perlu jauh jauh ke ATM yg memang jauh jaraknya kalau mau transfer",2025,bca,sangat membantujadi tidak atm jarak transfer,0,netral
Yulia Syafara,kenapa tidak bisa di downlode lagi,2025,bca,tidak bisa downlode,0,netral
Muhammad Nur,ok,2025,bca,ok,0,netral
Wahyu Eko haryanto,good,2025,bca,good,0,netral
Dewi Lestari,mohon dilengkapin TF antar bank lain biar tambah mudah bertransaksi TF antar bank nya,2025,bca,mohon dilengkapin transfer bank mudah transaksi transfer bank,1,positif
Roseilla Sela,sangat puas,2025,bca,sangat puas,1,positif
autojaya motor,joszzz,2025,bca,joszz,0,netral
Yossi Nurcahya,bagus,2025,bca,bagus,1,positif
Ramdan Setia,"qr gagal, tapi saldo kepotong 2x",2025,bca,qr gagal saldo potong,-1,negatif
Rieneke Lahansang,sangat membantu,2025,bca,sangat bantu,0,netral
Su Parno,allhamdulilah bisa fungsi kembali,2025,bca,allhamdulilah bisa fungsi,0,netral
Anggi Limbong,mantap,2025,bca,mantap,1,positif
Agus Wahyu,semenjak update indikator lampunya merah terus ya?,2025,bca,semenjak update indikator lampu merah,0,netral
John Martin,ok,2025,bca,ok,0,netral
Danis Prastiyo,lebih aman dibca,2025,bca,aman dibca,1,positif
Beat Ajja,oke,2025,bca,oke,0,netral
Irvan Indra80,ya. gud,2025,bca,gud,0,netral
Abdul Blacks,Tingkat kan Layanan jaringan nya🙏,2025,bca,tingkat layan jaring,0,netral
dimas pradana,Setelah diupdate kenapa tidak bisa dibuka aplikasinya?,2025,bca,diupdate tidak bisa buka aplikasi,0,netral
Muhammad Afandy,sangat baek,2025,bca,sangat baek,0,netral
Croit Croot ah,mantap,2025,bca,mantap,1,positif
Zai Nuddin,Trimakasih pengan cepat sangat mudah,2025,bca,trimakasih kan cepat sangat mudah,2,positif
ha ri,sangat bagus,2025,bca,sangat bagus,1,positif
Aninda Salwa,mengunkan qris loding terus,2025,bca,mengunkan qris loding,0,netral
Ryan Salim,sangat bagus,2025,bca,sangat bagus,1,positif
Awaludin Gaming,simpel dan efisien semoga update kedepannya di tambahkan fitur notifikasi dana masuk antar bank,2025,bca,simpel efisien moga update depan tambah fitur notifikasi dana masuk bank,0,netral
Acek Aguan,mantap,2025,bca,mantap,1,positif
Prokarim 147,pelayanan cepet bagus cuman sayang kartu ATM sama buku GK diantar ke alamat yg tercantum GK kaya mobal yg lain nya paling lambat 3hari langsung datang kerumah,2025,bca,layan cepet bagus cuman sayang kartu atm buku tidak antar alamat cantum tidak kaya mobal lambat langsung rumah,0,netral
Aida Yashrief,ok,2025,bca,ok,0,netral
Nana Hendriyatna,sangat profesional,2025,bca,sangat profesional,0,netral
Polina Poli,"oke oke saja,thanks",2025,bca,oke oke sajathanks,0,netral
Akane Eri,bagaimana cara aktifkan fitur qris tap??,2025,bca,aktif fitur qris tap,0,netral
Khairan Haris,"bagus sangat membatu dalam hal transaksi,cm sering di minta registrasi ulang di mesin ATM dan sll gagal ujung² mesti ke cabang",2025,bca,bagus sangat batu transaksicm registrasi ulang mesin atm sll gagal ujung mesti cabang,0,netral
Dudi Kancil,keren,2025,bca,keren,0,netral
nurhayati Emi,ok terimakasih,2025,bca,ok terimakasih,0,netral
Suardi Kasiwiang,ok,2025,bca,ok,0,netral
Mukhlis Latif,sangat baik sukses slalu👍🏻👍🏻,2025,bca,sangat sukses slalu,0,netral
Pandji Komara,sudah benar,2025,bca,,0,netral
Arif Sumirat,good,2025,bca,good,0,netral
Arya Guna,sangat bagus dan membantu,2025,bca,sangat bagus bantu,1,positif
safi basyaiban,"Setelah upgrade ke versi 4.7.5 (1269), transaksi malah terasa lambat, tidak seperti versi sebelumnya. bahkan cek saldo saja juga terasa terjeda, tidak seperti sebelumnya yg langsung proses. juga di versi ini, sinyal terasa sering lemah dengan kotak kecil kanan atas/icon jaringan berwarna merah. bisa menjadi bahan evaluasi untuk tim teknisi BCA. semoga kedepan menjadi lebih baik",2025,bca,upgrade versi transaksi lambat tidak versi cek saldo jeda tidak langsung proses versi sinyal lemah kotak kanan atasicon jaring warna merah bisa bahan evaluasi tim teknisi bca moga depan,-1,negatif
gerhana rembulan,"terimakasih bcaaa, di apk lain gbs beli token krn ada trouble. pdhl sudah lewat dr jam 2 (biasanya jam 2 sdh bisa beli token) tp smpe di jam 3 lewat belum bisa. cuma bca yang bisa makacijjhh 1 September 2025",2025,bca,terimakasih bcaa aplikasi gbs beli token trouble jam jam bisa beli token smpe jam bisa bca bisa makacijjhh september,0,netral
Rahmat Hidayat,bagus,2025,bca,bagus,1,positif
Dimas Satria,cuma sekedar saran aja kalo perlu ubah lah kalo verifikasi kode otp jangan pakai pulsa tambahin opsi kirimnya via wa kaya gopay. masa m banking BCA kalah sama pinjol yang udh verifikasi lewat wa,2025,bca,dar saran ubah verifikasi kode one time password pakai pulsa tambahin opsi kirim wa kaya gopay m banking bca kalah pinjol verifikasi wa,0,netral
Abdul Rachmat Bedoel,proses nya lancar dan cepat 👍🙏,2025,bca,proses lancar cepat,2,positif
Manoi Enggelina,susah masuk,2025,bca,susah masuk,-1,negatif
Hasan Anak mami,bagus banget,2025,bca,bagus banget,1,positif
Mohamad rizki Budi utama,"Sangat membantu sekali,apa lagi transaksi mobile banking",2025,bca,sangat bantu sekaliapa transaksi mobile banking,0,netral
Asep Kosasih,mantap,2025,bca,mantap,1,positif
Irma Wati,ok,2025,bca,ok,0,netral
Kang Asep,Verry good,2025,bca,verry good,0,netral
Agatha Rida,Bagus,2025,bca,bagus,1,positif
Ojaro Gea,bagus,2025,bca,bagus,1,positif
Nyai nurjanah Jannah,top markotop,2025,bca,top markotop,1,positif
jefri chai,sangat membantu dan cepat,2025,bca,sangat bantu cepat,1,positif
Nizma melina,bbb om,2025,bca,bb om,0,netral
Dierhamsyah Salam,Dengan menggunakan BCA segala hal perlu dilakukan untuk mengetahui nilai atau jumlah Uang di BCA dan Pengeluaran..,2025,bca,bca nilai uang bca keluar,0,netral
Syam Lawi,mantappp👍,2025,bca,mantapp,0,netral
Arix Abenk,bagus,2025,bca,bagus,1,positif
Iwan Budiyono,best,2025,bca,best,0,netral
Sri Umala,sangat mudah digunakan,2025,bca,sangat mudah,1,positif
Hello World,very good aplication,2025,bca,very good aplication,0,netral
riswanto texs texs,good,2025,bca,good,0,netral
Hendi Suhendi,mantab,2025,bca,mantab,0,netral
AZ Evil,Yang masih menggunakan aplikasi BCA mobile di sarankan segeralah pindah dan beralih ke My BCA lebih lancar tidak ada perbaikan signal kendala dan lain-lain fiture lebih lengkap Qris tidak ada kendala pembayaran apapun lancar sangat puas menggunakan My BCA,2025,bca,aplikasi bca mobile saran segera pindah alih my bca lancar tidak baik signal kendala lainlain fiture lengkap qris tidak kendala bayar apa lancar sangat puas my bca,2,positif
Abu Dava,assalamualaikum,2025,bca,assalamualaikum,0,netral
Andy Bungsue,mempermudah pembayaran,2025,bca,mudah bayar,1,positif
Mia nam,mantap,2025,bca,mantap,1,positif
Saung Kuring,mantap,2025,bca,mantap,1,positif
Bangkit of War,good,2025,bca,good,0,netral
Mohyahya 123,baik,2025,bca,,0,netral
YT Nikopoi,tolong min bca gua transaksi quris 5kali 45.300 ribu gagal uang ga balik balik :( totalnya 226ribu..,2025,bca,tolong bca transaksi quris ribu gagal uang tidak total ribu,-1,negatif
sabih kancil,ok,2025,bca,ok,0,netral
Gilang Putra Bimantara,"Saya Sangat Berterima kasih Atas Respon yang sangat cepat , saya sangat puas dengan pelayananya 😊😊😊.Besar harapan Saya Semogah di pertahankan pelayanan yang memuaskan ...!!!",2025,bca,sangat terima kasih respon sangat cepat sangat puas pelayananya harap semogah tahan layan muas,2,positif
Choerul Anwar,mohon maaf tolong perbaiki sistem kirim otp saya uda kirim ulang 15x belom kirim ke pesan saya sama sekali,2025,bca,mohon maaf tolong baik sistem kirim one time password uda kirim ulang bom kirim pesan,1,positif
Muhammad Hanif,"ini BCA gimna ya???? saya tf qris 3 gagal, tpi saldo kepotong! ini gimna sih!!!",2025,bca,bca gimna transfer qris gagal saldo potong gimna,-1,negatif
Roeddy Hendian Wibisono,what problema,2025,bca,what problema,0,netral
Suraji Bna,tetap semangat dan beri layanan yang terbaik,2025,bca,semangat layan baik,1,positif
Ini Dedi,mbanking saya saat transaksi cek selesai muncul notifikasi kecil sehingga angka pada saldo tdk muncul semua jadi harusdi geser baru kebaca semua dan ketika di geser angka no rek terputus juga,2025,bca,mbanking transaksi cek selesai muncul notifikasi angka saldo tidak muncul harusdi geser baca geser angka no rekening putus,-1,negatif
debora christina,Terima kasih sudah merespon sy dan tadi BCA mobile sudah berjalan baik seperti semula.,2025,bca,terima kasih merespon bca mobile jalan,0,netral
Iksanto Joyo,sangat membantu transaksi,2025,bca,sangat bantu transaksi,0,netral
Baehaqi Baehaqisihapudin,sangat simpel,2025,bca,sangat simpel,0,netral
Gracia Vanya,"Dapat digunakan dan dicek tanpa harus pergi ke atm, dapat menggunakan cashless jika kita tidak membawa kartu atm , dan dapat digunakan untuk membayar air, listrik maupun pulsa",2025,bca,cek pergi atm cashless tidak bawa kartu atm bayar air listrik pulsa,0,netral
Candra 099,sangat bagus,2025,bca,sangat bagus,1,positif
Muhammad Untung Pohan,Best of The best,2025,bca,best of the best,0,netral
Nur Setyadi,good,2025,bca,good,0,netral
SAEPUL MUNAWARMAN,bagus banget,2025,bca,bagus banget,1,positif
Sugianto Sugianto,trenfer JD santai,2025,bca,trenfer santai,0,netral
Septiana Risky,"mantap BCA,semoga suatu saat ak bisa jdi salah satu customer PRIORITAS mu ya",2025,bca,mantap bcasemoga ak bisa salah customer prioritas mu,1,positif
sajiva santoso,wow,2025,bca,wow,0,netral
Resti Nuraini,sangat membantu,2025,bca,sangat bantu,0,netral
Mesak Umbu,mantap,2025,bca,mantap,1,positif
Indra wijaya Kusuma,bagus,2025,bca,bagus,1,positif
Adnan Saja,jadi lebih mudah semuanya,2025,bca,mudah,1,positif
Jason Christian CH,simple mudah dan yaa bisa diandalkan,2025,bca,simple mudah bisa andal,1,positif
Ziza Cila,sudah 17 THN pake BCA tidak pernah ada kendala.tapi dua hari ini kok ada masalah ya ma jaringan nya.pake wifi atau pun data tetap jaringan nya merah lama juga.jadi lambat mau transaksi.padahal ya juga belum waktunya di update.sangat terganggu pas mau transaksi pembelian pake qiuris.karna harus nunggu lampunya hijau.,2025,bca,thn pakai bca tidak kendalatapi ma jaring nyapake wifi data jaring merah lama jugajadi lambat transaksipadahal updatesangat ganggu cocok transaksi beli pakai qiuriskarna nunggu lampu hijau,-3,negatif
Hendrik Tanjung,Sangat berguna,2025,bca,sangat guna,0,netral
Badru Salam,sangat mudah untuk digunakan,2025,bca,sangat mudah,1,positif
Hafidz Alrasyid,mantap bca,2025,bca,mantap bca,1,positif
Keysa Nur Fadilah,sangat bagus,2025,bca,sangat bagus,1,positif
Husnul,👍,2025,bca,,0,netral
Alwi Ramadhan,sampaikan,2025,bca,,0,netral
Hendri ansyah,sejauh ini sangat bagus dan sangat puas saya menggunakannya,2025,bca,sangat bagus sangat puas guna,2,positif
Edgar Rendra,mantab,2025,bca,mantab,0,netral
Irwan Syah,setelah update agak lemot buka Aplikasi BCA mobilenya ya yg lain gt jga engga yah?,2025,bca,update lama buka aplikasi bca mobilenya gt jga engga,-1,negatif
Solehan “Han”,"sgt bgs..sy ada usul or saran..bisakah menu2 nya de sederhanakan..krn bg yg br py app bca.byk nemuin kesulitan2 saat mau cek2 aktivitas ,trf baru dll.hy bca yg seperti nya agk ribet.trm ksh..",2025,bca,sgt bgssy usul or saranbisakah menu de sederhanakankrn bang br py aplikasi bcabyk nemuin sulit cek aktivitas trf dllhy bca agk ribettrm ksh,-1,negatif
Rahmat Hidayatullah,Terimakasih Atas Konfirmasi dan Vertipikasinya,2025,bca,terimakasih konfirmasi vertipikasinya,0,netral
Predator War,sangat membantu ketika mager ke atm,2025,bca,sangat bantu mager atm,0,netral
budi aman prasetyo,Sip Dan Oke,2025,bca,sip oke,0,netral
Lutfi Adi,good joob,2025,bca,good joob,0,netral
Azmi Sanjaya,bagus,2025,bca,bagus,1,positif
Denis Putra,BCA mobile terbaik pelayanan nya ramah banget terbaik sukses selalu BCA 👍👍,2025,bca,bca mobile baik layan ramah banget baik sukses bca,2,positif
Susilowati Go,memuaskan.,2025,bca,muas,0,netral
Askaraditya,jos,2025,bca,jos,0,netral
AJI MUHAMMAD SETIAWAN,menyala my BCA,2025,bca,nyala my bca,0,netral
War Jo,Aplikasi perbankan paling bagus di zaman now.,2025,bca,aplikasi perban bagus zaman now,1,positif
Saman Old1954,Good,2025,bca,good,0,netral
Madi Sapoo,mantap,2025,bca,mantap,1,positif
Nurulrizki nurulrizki,very good,2025,bca,very good,0,netral
Iis Maudin,ok bnggat,2025,bca,ok bnggat,0,netral
Sukma Sukmana,sagant membantu,2025,bca,sagant bantu,0,netral
Rendy Rendy,sangat membantu,2025,bca,sangat bantu,0,netral
Reza Hendrawan,Bagus sekali,2025,bca,bagus,1,positif
Amadia Fitriadini,BCA nyedot dana nya gede ya shayyy wkwkwkwkk,2025,bca,bca nyedot dana gede shayy wkwkwkwkk,0,netral
AIA Interior,memudahkan urusan perbankan,2025,bca,mudah urus perban,1,positif
Muchammad Solihin,mantaps,2025,bca,mantaps,0,netral
Mamat Mamat2608,jos,2025,bca,jos,0,netral
Muhammad Pribadi,kenapa ya saya melakukan transaksi pengiriman saldo berkurang tp yg di krim belum terima uang yg saya kirim,2025,bca,transaksi kirim saldo kurang krim terima uang kirim,0,netral
Julfikar Bima,baik,2025,bca,,0,netral
Depry Siswoyo,mantap,2025,bca,mantap,1,positif
Sartono Abu bakar,mantap lah👍,2025,bca,mantap,1,positif
Xi Jinping习近平,Bagus gampang digunakan,2025,bca,bagus gampang,1,positif
Ikmal Wijaya,kurang baik banget,2025,bca,kurang banget,0,netral
putri Qalesya,sangat baik,2025,bca,sangat,0,netral
SUDIYANTO DOANG,sangat berguna,2025,bca,sangat guna,0,netral
Andin Karina,mau masuk susah ..udah ngirim SMS sampe Abis pulsa 20 ribu.. gagal terus ..dengan alasan internet buruk..padahal kuota nanyak sinyal juga kuat..payah bca,2025,bca,masuk susah ngirim pesan abis pulsa ribu gagal alas internet burukpadahal kuota nanyak sinyal kuatpayah bca,-2,negatif
rizal ivan,lagi eror ya kak hari ini?kok indikator merah padahal sinyal bagus,2025,bca,error inikok indikator merah sinyal bagus,0,netral
Riko Putra,Saya 3 kali transaksi melalui Qris tetap gagal tapi kenapa saldo saya terpotong dan sampai sekarang belum balik juga dari jam 1 malam kemaren,2025,bca,transaksi qris gagal saldo potong jam malam kemaren,-1,negatif
Djaidun Pujo,aman dan terpercaya,2025,bca,aman percaya,1,positif
Danna Ramadhani,"setelah update aplikasi tidak bisa topup flaz, selalu aplikasinya terhenti, mohon di perbaiki",2025,bca,update aplikasi tidak bisa topup flaz aplikasi henti mohon baik,1,positif
Muhamad Nurhasan,mantappl,2025,bca,mantappl,0,netral
Yan Fritz,mudah dan cepat,2025,bca,mudah cepat,2,positif
Fahrudin,"kalau boleh saran atau kasih masukan. buat masuk kode akses bisa gunakan sistem pake sidik jari. mungkin lebih aman, dan lebih cepat tidak perlu ketik2 pasword lagi",2025,bca,saran kasih masuk masuk kode akses bisa sistem pakai sidik jari aman cepat tidak ketik pasword,2,positif
Wildannnur Mufid,mantab pelayanan nya,2025,bca,mantab layan,0,netral
Slamet Miswanto,saya sbg penguna sangat terbantu dg berbagai kemudahanya,2025,bca,sbg penguna sangat bantu dg kemudahanya,0,netral
Ahmad safari Safari,sangat bermanfaat untuk transaksi,2025,bca,sangat manfaat transaksi,0,netral
Andi jo,semakin mudah pengoperasiannya,2025,bca,mudah operasi,1,positif
Hino500 New,istimewa,2025,bca,istimewa,0,netral
Agus Pramono,ok,2025,bca,ok,0,netral
Khalid,semakin ok,2025,bca,ok,0,netral
Piter Alfredy,ok min tq,2025,bca,ok tq,0,netral
Indra Dwiyudha Maulana,"kok ahir ahir ini aplikasi nya lambat ya, loading lama banget baru ijo",2025,bca,ahir ahir aplikasi lambat loading lama banget ijo,-3,negatif
Kahfi Annizar,puas,2025,bca,puas,1,positif
johan tanamal,oc,2025,bca,oc,0,netral
Roni Won,sangat baik,2025,bca,sangat,0,netral
Ahmad Rizal,"Udah 15 thn pakai bca tidak pernah dapat cashback untuk bayar apapun, spt byr di Shope, tokopedia, lazada, alfa, indomaret, dll.",2025,bca,thn pakai bca tidak cashback bayar apa spt byr shope tokopedia lazada alfa indomaret dll,0,netral
Timor,goodjob,2025,bca,goodjob,0,netral
Isnaeni Isnen,ok,2025,bca,ok,0,netral
Erdi Setiawan,"Pelayanan Bca Joss gak diragukan lagi, cuma satu masukan sih biaya admin tolong jangan mahal-mahal yaaa bca 😭 masa setiap bulan 20 rb",2025,bca,layan bca joss tidak ragu masuk biaya tolong mahalmahal bca ribu,0,netral
Suardi Ardi,sangat puas dan membatu untuk usaha dan kerja🙏,2025,bca,sangat puas batu usaha kerja,1,positif
Arifien Januar,good,2025,bca,good,0,netral
abdoel qahhar,bagus,2025,bca,bagus,1,positif
Gunowidjojo,kanapa ini apk..loading aja .. kecewa banget.. ga selesai2 berapa jam loading terus.. tidak dapat diproses terus.. perbaikannya mana ini,2025,bca,kanapa apkloading kecewa banget tidak selesai jam loading tidak proses baik,-1,negatif
Randi Ruramsyah,bagus,2025,bca,bagus,1,positif
Yazid Abuqodry,mamtap,2025,bca,mamtap,0,netral
dewi mohmoy,Butuh,2025,bca,butuh,0,netral
munyuk 22bejo,ok,2025,bca,ok,0,netral
Dian Thana,terbaik,2025,bca,baik,1,positif
Saeful Musthafa,okee,2025,bca,okee,0,netral
Abenk baco,ok,2025,bca,ok,0,netral
VICA Ravica D'zakia Puteri R,mantuul,2025,bca,mantuul,0,netral
Rastony Tony,jadi. muter terus klau buat qiurs,2025,bca,muter klau qiurs,0,netral
ㄒλЏƑเํӃ フλƔλ,sangat puas,2025,bca,sangat puas,1,positif
Gun Hendra,mantap,2025,bca,mantap,1,positif
Garuda Emas,"aplikasinya sangat membantu,tpi knp hbis update terbaru justru tdk bsa dipakai/ dibuka menggunakan data, tpi pakai wifi bsa dibuka",2025,bca,aplikasi sangat membantutpi hbis update baru tidak bsa pakai buka data pakai wifi bsa buka,0,netral
Joni Chinglai,kenapah ada bacaan transaksi,2025,bca,kenapah baca transaksi,0,netral
kasuka 176,mantap Dan gercep terimakasih banyak BCA mobile,2025,bca,mantap gercep terimakasih bca mobile,1,positif
subagioptn subagio,bagus cepat,2025,bca,bagus cepat,2,positif
zaman zemian,error yah,2025,bca,error,-1,negatif
Mulianah Sugianto,Bagus. 👍🙏,2025,bca,bagus,1,positif
Olah Rosoh,ok,2025,bca,ok,0,netral
Teguh arif sugiarto Arif sugiarto,sangat bagus,2025,bca,sangat bagus,1,positif
Rhmat Imn,MANTAPPP BCAA SALDO SAYA KEMBALI WALAUPUN NOMINAL TIDAK SEBERAPA!.,2025,bca,mantapp bcaa saldo nominal tidak,0,netral
Fauzan sansino,gangguan terus,2025,bca,ganggu,-1,negatif
Putu Sentana,terima kasih banyak BCA Mobile Aplikasi dan Admin🙏🙏🙏,2025,bca,terima kasih bca mobile aplikasi,0,netral
Suswanto Karlinda,good,2025,bca,good,0,netral
Hertanto Wijaya,"kalo di buka aplikasi nya langsung mati, engga bisa di gunakan",2025,bca,buka aplikasi langsung mati engga bisa,0,netral
margaretha marga,Sangat bagus,2025,bca,sangat bagus,1,positif
Sugimin Gimin,good job,2025,bca,good job,0,netral
satriyah agustiningsih,saya ada masalah setelah ganti hp ga bisa login.knp ya,2025,bca,ganti handphone tidak bisa loginknp,0,netral
Denysko Lina,sadap,2025,bca,sadap,0,netral
cecep dudung,bca mobile knpa dah pagi tgl 29 September nggak bisa di gunakan,2025,bca,bca mobile knpa pagi tgl september tidak bisa,0,netral
Nur Cahaya,bagus,2025,bca,bagus,1,positif
Misha Ashalina,mantap,2025,bca,mantap,1,positif
ARDI YANTO,"memudahkan segala urusan perbankan, kami....",2025,bca,mudah urus perban,1,positif
Indra Masta,sangat membantu,2025,bca,sangat bantu,0,netral
Lurus 123,bagus,2025,bca,bagus,1,positif
andre yanto,bagus,2025,bca,bagus,1,positif
DIKA DANGSKY,Akses lebih cepat,2025,bca,akses cepat,1,positif
Cahaya Aisyah iiva,bca ku GK bisa di buka,2025,bca,bca ku tidak bisa buka,0,netral
Isi refral nya [ VKRW55 ] dpt 1 jta,"BCA mobile aplikasi super keren,fiturnya mudah dipahami,cocok digunakan untuk semua kalangan.Buat yang mau daftar jangan lupa mskn Rep M-0-7-2-4-1-7-5 agar kalian ketika pendaftaran berjalan dengan lancar .terimakasih semoga ulasan ini membantu dan bermanfaat",2025,bca,bca mobile aplikasi super kerenfiturnya mudah dipahamicocok kalanganbuat daftar lupa mskn rep m daftar jalan lancar terimakasih moga ulas bantu manfaat,2,positif
Ujang Suhendi,BCA luar biasa,2025,bca,bca,0,netral
Kari Sampono0316,Mempermudah bertransaksi...👍🤗,2025,bca,mudah transaksi,1,positif
MAS RAYHAN,keren,2025,bca,keren,0,netral
Iis Kartika,kenapa semenjak d perbaharui jd lemot bngt sih banking BCA nih..,2025,bca,semenjak baharu lama banget banking bca,-1,negatif
Djoko,"saya sangat puas dgn kinerjanya BCA M-BANGKING, namun setelah HP saya direstart pabrik, saya verifikasi ulang M-BANGKING tapi mengalami kendala... knp ya min?",2025,bca,sangat puas kerja bca mbangking handphone direstart pabrik verifikasi ulang mbangking alami kendala,0,netral
Ong Henry Irawan,awesome brooow,2025,bca,awesome broow,0,netral
Sofian Fgm,sangat mudah,2025,bca,sangat mudah,1,positif
Odin,Untuk memudahkan transaksi,2025,bca,mudah transaksi,1,positif
Bruh post,tolong tambahkan fitur jual beli emas.,2025,bca,tolong tambah fitur jual beli emas,0,netral
Aan Ainun Nasikin,"Belakangan untuk tunggu lampu jadi Hijau waktunya agak lama, mungkin karena saldo kita terlalu sering di intip sama pemerintah",2025,bca,tunggu lampu hijau lama saldo intip perintah,-1,negatif
Lenny Limaya,bank bca mantap,2025,bca,bank bca mantap,1,positif
Prima,Sangat membantu sekali,2025,bca,sangat bantu,0,netral
MZaenal Ariefin,"Aplikasi BCA mobile paling compatible diantara bank yang lain, lebih aman dan terpercaya... 🙏",2025,bca,aplikasi bca mobile compatible bank aman percaya,1,positif
Surya Bagas Laekan,"sistem bekerja dengan sangat sangat baik polll, saya mau beli kuota dengan harga 47,500 3 kli gagal tapi saldo saya berkurang terus saya ngasih rating di play store direspon sama admin dan terus aku nunggu beberapa menit uang saya udh kembali, TERIMAKASIH 🥰",2025,bca,sistem sangat sangat sangat beli kuota harga kli gagal saldo kurang ngasih rating play store direspon nunggu menit uang terimakasih,-1,negatif
Supri Tono,ok gas,2025,bca,ok gas,0,netral
shyan torakatsu,nice,2025,bca,nice,0,netral
Johana86,praktis,2025,bca,praktis,1,positif
Paul Sinaga,mantap,2025,bca,mantap,1,positif
Agus Sabrine,bagus dan bermanfaat,2025,bca,bagus manfaat,1,positif
Dewi ana,"selalu suka pake bca, memudahkan",2025,bca,suka pakai bca mudah,2,positif
arumi neta,Alhamdulillah pokoknya cara kerja sangat cepet sekali,2025,bca,alhamdulillah pokok kerja sangat cepet,0,netral
Jumail Blitang,bagus,2025,bca,bagus,1,positif
Vania Rafa,setela pembaharuan Mala tidak bisa di buka di buka langsung keluar lagi,2025,bca,setela baharu mala tidak bisa buka buka langsung,0,netral
Guntur Bala dewa,bagus..,2025,bca,bagus,1,positif
dwi sumarno,mohon bantuannya kenapa saya sulit transfer melalui m-banking saya,2025,bca,mohon bantu sulit transfer mbanking,-1,negatif
Ahmad Rafiq,keren,2025,bca,keren,0,netral
Raksa Sagara,sangat efektif,2025,bca,sangat efektif,0,netral
Corry Setiawati,bagus,2025,bca,bagus,1,positif
Dewi Agustini,🇵🇭🇵🇭🇵🇭🇵🇭🇵🇭🇵🇭🇵🇭🇵🇭🇵🇭🇵🇭,2025,bca,,0,netral
Zie Fals,sangat membantu,2025,bca,sangat bantu,0,netral
Passo Spidol,sangat membantu,2025,bca,sangat bantu,0,netral
Edahdalia,trimakasih,2025,bca,trimakasih,0,netral
Sri Rahayu,"dengan BCA mobile , mempermudah transaksi dimanapun dan kapanpun thanks🙏",2025,bca,bca mobile mudah transaksi mana thanks,1,positif
Imam Odih restu,bagus,2025,bca,bagus,1,positif
ijep aldiyo,knpa untuk cek saldo tidak bisa,2025,bca,knpa cek saldo tidak bisa,0,netral
Adi Purwanto,mantaf dah,2025,bca,mantaf,0,netral
Bang Malih,mantap,2025,bca,mantap,1,positif
Ali arbeni Sadikin,bagus perfect,2025,bca,bagus perfect,1,positif
Badiex Suhardie,jiss joss,2025,bca,jiss joss,0,netral
Herry Wijaya,Mantap,2025,bca,mantap,1,positif
sri rejeki,bagus sangat memudahkan penggunanya,2025,bca,bagus sangat mudah guna,2,positif
Sabian Syahra,Nyaman dipakai (bagi saya),2025,bca,nyaman pakai,1,positif
Cakra Wiradharma,ok,2025,bca,ok,0,netral
Aswin Apriano,sangat memudahkan utk penggunannya,2025,bca,sangat mudah gun,1,positif
ALONK Lolong,sangat simple,2025,bca,sangat simple,0,netral
Ikhsan Ikhsan,mantap,2025,bca,mantap,1,positif
Arsha julfiani,sangat membantu,2025,bca,sangat bantu,0,netral
Erwin Haryanto,pakai BCA segalanya Mudah untuk pembayaran,2025,bca,pakai bca mudah bayar,1,positif
SharaShaira,bagus,2025,bca,bagus,1,positif
GENTHO,tolong jaringanya bagus tapi kadang sulit. tingkatkan lagi ya BCA,2025,bca,tolong jaringanya bagus kadang sulit tingkat bca,0,netral
Ahmad,ok,2025,bca,ok,0,netral
emma amelia,ok... Mantap,2025,bca,ok mantap,1,positif
Fawaz Azka,kami sangat terbantu.. terimakasih,2025,bca,sangat bantu terimakasih,0,netral
Muhammad Reyhan Syah Pami,sangat bagus dan saya puas,2025,bca,sangat bagus puas,2,positif
Valzu Ya,"APLIKASI INI SANGAT BERGUNA, DAN SANGAT CANGGIH.",2025,bca,aplikasi sangat guna sangat canggih,0,netral
Sri Rahayu,sejauh ini belum terdapat kendala dalam transaksi transaksi saya... terima kasih,2025,bca,kendala transaksi transaksi terima kasih,-1,negatif
Jati Febriyanto,"sangat membantu dan memeuaskan untuk transaksi belanja, dan mudah untuk di pelajari",2025,bca,sangat bantu memeuaskan transaksi belanja mudah ajar,1,positif
dedi manhcester unitd,membantu saya,2025,bca,bantu,0,netral
Abang Rahman Mulya,jos gandos,2025,bca,jos gandos,0,netral
Muhammad arobi,sangat bagus,2025,bca,sangat bagus,1,positif
Dendi Supriansus,memudah kan pembayaran,2025,bca,mudah bayar,1,positif
Evan Rudiansyah,Alhamdulillah lancar,2025,bca,alhamdulillah lancar,1,positif
Yana Azwarsani,apl bagus 👍 dan praktis di saat cek saldo namun kendalanya sulit untuk login kembali ke hp baru,2025,bca,apl bagus praktis cek saldo kendala sulit login handphone,0,netral
Hari Nugraha,dana qris yg gagal blm balik jga. sudah lewat 1x24 jam,2025,bca,dana qris gagal jga jam,-1,negatif
barond angker,semakin canggih,2025,bca,canggih,0,netral
andika anggakusuma,kok tiba2 aplikasi bca mobile saya tidak ada di menu hape ya. Trus saya update aplikasi di playstore juga masih ga ada di menu. jadi kalo mau pakai ya harus masuk playstore dulu,2025,bca,aplikasi bca mobile tidak menu hape update aplikasi playstore tidak menu pakai masuk playstore,0,netral
Mas Udi,dengan adanya aplikasi ini membuat saya merasa nyaman,2025,bca,aplikasi nyaman,1,positif
agus sunarto,bagus,2025,bca,bagus,1,positif
Arya Bagiartha,PEMBAYARAN QRIS YG GAGAL SUDAH KEMBALI LAGI. CUMA MAU BILANG TERIMAKASIH SUDAH MENGEMBALIKAN KEPERCAYAAN SAYA DENGAN BERTANGGUNG JAWAB ATAS KESALAHAN BANK YG MENIMPA SAYA. Transaksi gagal ditanggal 11 dan skrg ditanggal 13 sudah kembali.,2025,bca,bayar qris gagal bilang terimakasih kembali percaya tanggung salah bank timpa transaksi gagal tanggal tanggal,-2,negatif
Juniawan Galih,sangat membantu,2025,bca,sangat bantu,0,netral
Louiz Gaming,KERJA BAGUS,2025,bca,kerja bagus,1,positif
Elan Jaelani,trims bca,2025,bca,trims bca,0,netral
Dian Manora,terpercaya,2025,bca,percaya,0,netral
Anwar Wahyudin,saat ini masih yang terbaik,2025,bca,baik,1,positif
Ahmad Riskon,pertahankan. perbanyak fiturnya juga alangkah lebih bagus satu aps bisa buat semuanya dijamin memberikan kepuasan buat para nasabah,2025,bca,tahan banyak fiturnya alangkah bagus aps bisa jamin puas nasabah,2,positif
Roro Retna,"ini gimana sih padahal sinyal saya bagus bagus aja,wifi juga lancar tapi merah terus koneksinyaaa.tolong bantuu dong",2025,bca,sinyal bagus bagus ajawifi lancar merah koneksinyaatolong bantuu,3,positif
Solikin Bangsat,aduh bagaimana ini bca mobile GK bisa cek saldo,2025,bca,aduh bca mobile tidak bisa cek saldo,0,netral
Yuyun Yuri,sangat memuaskan,2025,bca,sangat muas,0,netral
Odi Sahara,ok,2025,bca,ok,0,netral
sahabat kita,oke,2025,bca,oke,0,netral
Shendy Satrio,Mohon untuk ditingkatkan kembali aplikasi BCA mobile termasuk fitur-fitur dan performanya,2025,bca,mohon tingkat aplikasi bca mobile fiturfitur performa,0,netral
Eduard H Carli,bagus,2025,bca,bagus,1,positif
Hamdhan Att,terkadang suka eror ya,2025,bca,terkadang suka error,0,netral
Moch Muslimin,aplikasi bagus untuk BCA,2025,bca,aplikasi bagus bca,1,positif
Gojek Jakarta Driver,mantap bca mudah cara transaksinya untuk driver gojek Indonesia,2025,bca,mantap bca mudah transaksi driver gojek indonesia,2,positif
Juwan Dy 29,Qris BCA akhir akhir ini mulai banyak gangguan,2025,bca,qris bca ganggu,-1,negatif
Armain Main,goid,2025,bca,goid,0,netral
Lieka Arshaka,ok,2025,bca,ok,0,netral
Davit Jhon,TDK bisa menginstal ulang,2025,bca,tidak bisa menginstal ulang,0,netral
Afuf Zeyong12,luar biasa sangat,2025,bca,sangat,0,netral
Arwen 89,selalu memudahkan transaksi keungan dimanapun,2025,bca,mudah transaksi keungan mana,1,positif
Imanuel By,mantap,2025,bca,mantap,1,positif
Pengguna Google,mantap bagus banget,2025,bca,mantap bagus banget,2,positif
Daru Dhanan Jaya,kenapa kode verifikasi saya tidak terkirim ke sms?mohon solusinya,2025,bca,kode verifikasi tidak kirim smsmohon solusi,0,netral
Arisky Aris,aman dan nyaman,2025,bca,aman nyaman,2,positif
Sunday Anarcy,good job,2025,bca,good job,0,netral
Andi ika Suardi,aku suka dengan aplikasinya,2025,bca,suka aplikasi,1,positif
Dede Mukminin,praktis dan gampang,2025,bca,praktis gampang,1,positif
Umi Kulsum,"sangatt ramahhh, i like",2025,bca,sangatt ramahh i like,0,netral
Pengguna Google,inbox cris ga bisa di hapus. aplikasi jadi berat. mohon di tinjau. makasih,2025,bca,inbox cris tidak bisa hapus aplikasi berat mohon tinjau makasih,0,netral
Edys Bima,Hari tanggal 29 September buka App M-BCA susah massagenya koneksi internet. perangkat VIVO Y12s,2025,bca,tanggal september buka aplikasi mobile bca susah massagenya koneksi internet perangkat vivo y s,-1,negatif
Kang Ujang,BCA oke,2025,bca,bca oke,0,netral
Jimy Jaelani,Perfect kill👍,2025,bca,perfect kill,0,netral
Parida Olivia27,Saldo dana BCA saya ko kosong terus yah..,2025,bca,saldo dana bca kosong,0,netral
Yosep Afuk,mau ganti apk MyBCA aja,2025,bca,ganti aplikasi mybca,0,netral
Ahmad Salsa,"mantaplh semudah itu ya,,,👍",2025,bca,mantaplh mudah,1,positif
Agus Susanto,assalamualaikum,2025,bca,assalamualaikum,0,netral
Syifa Unnazwa,sangat membantu dalam bertransaksi,2025,bca,sangat bantu transaksi,0,netral
Riski Maulana,bagus,2025,bca,bagus,1,positif
Farid Miftah,Nice application. Thank you,2025,bca,nice application thank you,0,netral
lantut eben08,bagus,2025,bca,bagus,1,positif
Erni Madda,mudah digunakan,2025,bca,mudah,1,positif
Sofari Fudin,mantap,2025,bca,mantap,1,positif
Khamdi 77,BCA mantaap,2025,bca,bca mantaap,0,netral
Ika Rafif,kok ilang ya,2025,bca,ilang,0,netral
Yudy Pky,BCA Selalu Okey Layanan Mudah Ramah ❤ Aman nyaman saya sudah 20 tahun lebih ber transaksi di BCA dari modal kecil sampai saya sokses Layanan di bantu lancar & sokses semua hanya di BCA I.LOV.BCA,2025,bca,bca okey layan mudah ramah aman nyaman ber transaksi bca modal sokses layan bantu lancar sokses bca ilovbca,4,positif
momo conan,sangt membantu,2025,bca,sangt bantu,0,netral
Mohamad nur sadik Ntoma,bagus,2025,bca,bagus,1,positif
Oktober7,baik sangat membantu,2025,bca,sangat bantu,0,netral
Andriansyah Eka mahrestu 8 C.4,transaksi gagal dana ngurang pengembalian lama sampe seharian lebih malah sampe 2 hari,2025,bca,transaksi gagal dana ngurang kembali lama hari,-2,negatif
Sustiawan Awan,"mantab .sangat membantu buat sy yg selalu sibuk dan mobile jadi membantu kelancaran kerja saya...mudah cara menggunakannya dan tersedia ATm ditempat strategis seperti swalayan kecil maupun swalayan kecil seperti indomaret , Alfamart dll..juga banyak nya kerja sama dengan pelaku bisnis yg memudahkan transaksinya juga cepat dalam tranfer dengan nominal yg memadai dan biaya administrasi yang relatif murah buat yang selalu menggunakan transaksi perbankan..semoga BCA terus menambah fitur-fitur ba",2025,bca,mantab sangat bantu sibuk mobile bantu lancar kerja sayamudah guna sedia atm tempat strategis swalayan swalayan indomaret alfamart dlljuga kerja laku bisnis mudah transaksi cepat tranfer nominal pada biaya administrasi relatif murah transaksi perbankansemoga bca tambah fiturfitur ba,3,positif
Mario Sudargo,ok,2025,bca,ok,0,netral
Eric Aldian,bagus...bintang 5 donk,2025,bca,bagusbintang donk,0,netral
bintang ariansyah,oke,2025,bca,oke,0,netral
Reza Evalin,aplikasi ini sangat membantu aq utk transaksi bisnis. semoga selalu dipertahankan layanannya,2025,bca,aplikasi sangat bantu transaksi bisnis moga tahan layan,0,netral
ricki fauzi,Erorrrr trssss sinyal bagus padahal,2025,bca,erorr trss sinyal bagus,1,positif
Nakjumi Nakjumi,sangat bagus,2025,bca,sangat bagus,1,positif
Toha Syaifudin,ok,2025,bca,ok,0,netral
jono lukito,cepat,2025,bca,cepat,1,positif
Egen Tri Alparisa,"pelayanan cs nya tidak memuaskan sama sekali kalo ada nasabah mengajukan problem saat menggunakan aplikasi mereka dan proses pengajuan nya juga tidak di tindak lanjuti lagi sama mereka dan sudah 2 hari laporan saya ajukan tidak ada perkembangan nya. begitu juga pelayanan lewat wa mereka low respon banget, kebanyakan boot yang merespon. klo kayak gini terus kedepannya saya masih mempertimbangkan masih mau percaya tidak sama kalian @BRI",2025,brimo,layan customer service tidak muas nasabah aju problem aplikasi proses aju tidak tindak lanjut lapor aju tidak kembang layan wa low respon banget banyak boot merespon gin depan timbang percaya tidak bri,0,netral
Samudra Biru,aplikasi soak daftar udah ditengah dibilang nomer hp tidak sesuai...aneh 🤣🤣🤣🫢,2025,brimo,aplikasi soak daftar tengah bilang nomer handphone tidak sesuaianeh,0,netral
toat istnaini,tiba tiba dapet potongan 50.000 dari BRISURF. Yang katanya ASU RANSI. tanpa tawar menawar.,2025,brimo,dapet potong brisurf asu ransi tawar tawar,0,netral
Ahmad Pebrinta Sembiring,"Gila, saya qris 27 November di warung sembako sebesar 11.000 sebanyak 2× dan 2× gagal tapi pihak BRI kaga balikin saldo saya, ngeri banget ini bank timbang 22.000 aja di tilep, liat aja abis ini gak bakal pake rekening BRI lagi, mending BCA, udah buat laporan ke cs masih gak di tanggapi",2025,brimo,gila qris november warung sembako gagal bri kaga balikin saldo ngeri banget bank timbang tilep liat abis tidak pakai rekening bri mending bca lapor customer service tidak tanggap,-1,negatif
Yeti Nuhan,"setiap saat sellalu denngan notif pemotongan dari rp. 750 , rp. 300, BRIMO ini sebenrx di buat untuk membantu atw menyusahkan nasabah? saldo yg sdh sedikit, jadi sekarat akibat pemotongan tiap hari yg tiada hentinya. coba dengarkan keluhan kami para nasabah ini",2025,brimo,sellalu denngan notif potong rp rp brimo sebenrx bantu atw susah nasabah saldo sekarat akibat potong tiada henti coba dengar keluh nasabah,-1,negatif
Pidie Pir,internet cepat keteranganya koneksi internet jelek...apk nya yang jelek,2025,brimo,internet cepat keteranganya koneksi internet jelekapk jelek,0,netral
Zaid Musthafa,"Dah sering banget uang nyangkut transaksi gagal tapi saldo berkurang malah nunggunya 1 bulan,masak sekelas bank setemnya sebusuk itu,sedangkan e walet kalau gagal saldo selalu kembali ,gini gua ganti bank lain aja 11-100 dah ni bank",2025,brimo,banget uang nyangkut transaksi gagal saldo kurang nunggunya bulanmasak kelas bank setem busuk itusedangkan e walet gagal saldo gin ganti bank bank,-2,negatif
Muhammad Athobaroni,masih sering terjadi masalah dalam aplikasi,2025,brimo,aplikasi,0,netral
Transformer Transformer,kenapa setiap masuk mau login ganguan terus alasan jaringan buruk padahal pake nonton pake live pake YouTube lancar aja tolong di perbaiki lagi untuk apk BRImo nya terimakasih,2025,brimo,masuk login ganguan alas jaring buruk pakai nonton pakai live pakai youtube lancar tolong baik aplikasi brimo terimakasih,1,positif
Aji Maha raja,"niat mau pembayaran qris malah nunggu diproses sampe seharian, kirain bakal dibantu sama admin eh malah disuruh nunggu 10 hari baru bisa makin lama makin stres.. admin kocak",2025,brimo,niat bayar qris nunggu proses hari kirain bantu eh suruh nunggu bisa lama stres kocak,-1,negatif
Sendekalla Tzy,transferan luar negri GK masuk masuk,2025,brimo,transfer negri tidak masuk masuk,0,netral
seftia trissya,"Belanja di lazada transaksinya pake qris di brimo malah status diproses mulu, pesanan di lazada juga otomatis dibatalkan karena udh lewat dua jam tp status transaksi di brimo masih diproses terus. Ngajuin pengaduan disuruh nunggu maksimal 10 hari kerja katanya, ngajuin dr tgl 11 eh dpt email disuruh nunggu lagi smpe 10 hari kerja lagi. Kerjanya molor banget gajelas dilama lama in ngesepelein banget pdhl ini bukan tentang nominal nya tp tanggung jawabnya.",2025,brimo,belanja lazada transaksi pakai qris brimo status proses pesan lazada otomatis batal jam status transaksi brimo proses ngajuin adu suruh nunggu maksimal kerja ngajuin tgl eh dpt email suruh nunggu smpe kerja kerja molor banget tidak lama lama in ngesepelein banget nominal tanggung,-2,negatif
Muhammar Stiawan Setiawan,aplikasi tolol,2025,brimo,aplikasi tolol,0,netral
Nurkhalik Setiawan,"sangat jelek , susah login",2025,brimo,sangat jelek susah login,-2,negatif
Ting Tong Ainun,"mau login saja susah, harus verifikasi nomor dan nomor harus punya kuota. perbaiki lg saya kecewa",2025,brimo,login susah verifikasi nomor nomor kuota baik kecewa,-1,negatif
Martabak Ums,buruk setelah di update ga bisa buat transaksi suruh nutup apk lain padahal tidak buka aplikasi lain,2025,brimo,buruk update tidak bisa transaksi suruh nutup aplikasi tidak buka aplikasi,-1,negatif
Rudi Uday,jadi takut pake bri,2025,brimo,takut pakai bri,0,netral
Martalena Sipakkar,"dari semalam 5 NOV 2025 sampai sekarang tidak bisa buka brimo ,, apakah ada yg sama atau cuma aku aja yg ngalamin ini ... mau ambil uang karna kebutuhan mendesak jadi susah.. tolong diperbaharui ke yg lebih bagus dong biar nyaman pake brimo",2025,brimo,malam nov tidak bisa buka brimo ngalamin ambil uang butuh desak susah tolong baharu bagus nyaman pakai brimo,1,positif
Sukma Yahya,"Saat verifikasi wajah slalu gagal, padahl kamera jernih dengan pncahyaan yg cukup. smpai skrng Brimo tdkbisa di gunakan",2025,brimo,verifikasi wajah slalu gagal padahl kamera jernih pncahyaan smpai skrng brimo tdkbisa,-1,negatif
Samsung S22,transaksi qris gagal tapi saldo tidak balik malah berbelit belit dan di suruh menunggu tanpa hasil. mengecewakan,2025,brimo,transaksi qris gagal saldo tidak belit belit suruh tunggu hasil kecewa,-2,negatif
Rama Dani,"saya tidak bisa daftar di aplikasi, padahal pake nomer pribadi yg data diri sendiri tetap nomer saya tidak bisa ... nyerah lah pakai BRI lagi",2025,brimo,tidak bisa daftar aplikasi pakai nomer pribadi data nomer tidak bisa nyerah pakai bri,0,netral
Alwi Ramadhan,login nya jadi rudet verifikasi ktp selfie jaringan bagus tapi loding terus,2025,brimo,login rudet verifikasi ktp selfie jaring bagus loding,1,positif
Tri Wahyudi,"dua kali transaksi uang hilang, transfer ke gopay saldo berkurang uang tidak masuk. hari berikutnya dari gopay keBrimo saldo berkurang uang tidak masuk, di mutasi tertulis masuk tapi saldonya tidak bertambah😇😭",2025,brimo,transaksi uang hilang transfer gopay saldo kurang uang tidak masuk gopay kebrimo saldo kurang uang tidak masuk mutasi tulis masuk saldo tidak tambah,0,netral
Astiisitihandriyani,Apaan padahal aplikasi ini udah di pake lama banget tiba-tiba tidak bisa masuk akun katanya akun terblokir padahal baru aja topup,2025,brimo,aplikasi pakai lama banget tibatiba tidak bisa masuk akun akun blokir topup,-1,negatif
Hendy Loppa,ga bisa tangkap layar(screen shot) di bagian saldo & mutasi padahal itu penting untuk kami nasabah rekam jejak saldo.,2025,brimo,tidak bisa tangkap layarscreen shot saldo mutasi nasabah rekam jejak saldo,0,netral
Nukeu Sugita,"gue cuman mau daftar doang,seribet itu ya?percobaan habis lah,nomer tidak sesuai lahh,blablablaaa",2025,brimo,cuman daftar doangseribet yapercobaan habis lahnomer tidak sesuai lahhblablablaa,0,netral
rainsyah asyura,"kenapa setelah update malah banyak masalah. di bilang jarigan kurang bagus. padahal sdh pake paket dan di pake untuk nonton youtube aman"" sj",2025,brimo,update bilang jarigan kurang bagus pakai paket pakai nonton youtube aman sj,2,positif
Bagas Mahardika Mulyadi,"telpon layanan bebas pulsanya cacad banget, masa ga kedengaran suaranya",2025,brimo,telpon layan bebas pulsa cacad banget tidak dengar suara,0,netral
Erka Nsyah,"masak Iyo dk biso cek info rekening, mau di cek adanya kode gagal tolong di benerin,saya udah berapa hari mencoba masih sama saja,",2025,brimo,masak iyo dk biso cek info rekening cek kode gagal tolong benerinsaya coba,-1,negatif
DON MUSIC TV,hati hati sama BRi Saya keseringan saldo di potong tapi uang tidak keluar di atm,2025,brimo,hati hati bri sering saldo potong uang tidak atm,0,netral
Andika Raziq,"setiap kali daftar selalu gagal, no hp tidak sesuai lh, lalu kembali lagi, daftar ulang begitu trus, aplikasi buruk,",2025,brimo,daftar gagal no handphone tidak sesuai lh daftar ulang aplikasi buruk,-2,negatif
Fadlan Fairuzy,saya top up brizzi kok gak masuk padahal di Dana sudah terpotong,2025,brimo,top up brizzi tidak masuk dana potong,1,positif
not4sale5 SS,sepertinya masih banyak Kendal aplikasi BRImoo,2025,brimo,kendal aplikasi brimoo,0,netral
Eror Terus,"brimo sekarang selalu eror,. di update bukannya bagus malah eror, jaringan internet bagus, tapi tidak bisa login karena masalah koneksi, anhee",2025,brimo,brimo error update bagus error jaring internet bagus tidak bisa login koneksi anhee,0,netral
Ronal Kogoya,"awalnya aplikasi BRImo ini sangat bagus namun beberapa kali percobaan, malah tidak bisa tidak bisa daftar akun kembali!",2025,brimo,aplikasi brimo sangat bagus coba tidak bisa tidak bisa daftar akun,1,positif
헤니Nhy,"ini Brimo main potong-potong saldo orang tanpa pemberitahuan apapun pas di cek ternyata ada mutasi buat admin fee sm monthly fee ATM, gimana maksudnya itu? malah di potong sampai 7.000 lagi,padahal tidak ada transaksi selama beberapa bulan ini terus itu maksudnya admin fee dan monthly fee ATM maksudnya apa? tolong dong di jelasin, main potong' saldo aja nih ngak jelas!",2025,brimo,brimo main potongpotong saldo orang pemberitahuan apa cocok cek mutasi fee monthly fee atm maksud potong lagipadahal tidak transaksi maksud fee monthly fee atm maksud tolong jelasin main potong saldo ngak,0,netral
Syafri Adi,"saya pengguna lama,payroll gaji pun di bri tapi kepepet mau pinjam dana semua di tolak,dri pinang flexi,ceria dan briguna. sangat""kecewa sih pdhal syarat semua sdh masuk tapi selalu error ketika mau login ke pinjaman...........",2025,brimo,guna lamapayroll gaji bri pepet pinjam dana tolakdri pinang flexiceria briguna sangatkecewa pdhal syarat masuk error login pinjam,-1,negatif
Xiao Yiyi,"buat akun skrg harus mandiri yaa ribet bgtt buat ambil kartunya, bukunya lagii",2025,brimo,akun mandiri ribet banget ambil kartu buku lagi,-1,negatif
Irma Wati,"mau tlp cs susah nya minta ampun, parah parah klo penting tapi malah gabisa",2025,brimo,tlp customer service susah ampun parah parah tidak bisa,-3,negatif
Amir Ippang,sangat. baik. sekali..,2025,brimo,sangat,0,netral
ardi darmasetyadi,fast menu tidak bisa di edit,2025,brimo,fast menu tidak bisa edit,0,netral
Ridho Suka freya,"bloon banget,muka uda keliatan jelas ge kagak kedeteksi",2025,brimo,bloon bangetmuka uda liat ge kagak deteksi,0,netral
Wiko Surya Prasetya (Wiko),"bank sering bermasalah, jelek, delay terus",2025,brimo,bank masalah jelek delay,-3,negatif
chozlet putra,"kebanyakan scam, selalu bikin susah masyarakat",2025,brimo,banyak scam susah masyarakat,-1,negatif
ms maulana,"UANG DI BAWA KABUR PEGAWAI BRI UDAH BERBULAN-BULAN GA ADA KEJELASAN / PENYELESAIAN.CUMA SURUH SABAR ,NANTI DI KABARIN.",2025,brimo,uang bawa kabur pegawai bri berbulanbulan tidak jelas penyelesaiancuma suruh sabar kabarin,0,netral
Sendian Randi,susah di sesi foto ktpnya ribet,2025,brimo,susah sesi foto ktpnya ribet,-2,negatif
Muhammad Ete,"susah sekali daftar . pdahal no. hp identitas sdah sesuai. selalu gagal , katanya no. hp tidak sesuai",2025,brimo,susah daftar pdahal no handphone identitas sdah sesuai gagal no handphone tidak sesuai,-2,negatif
Imam Syafii,coba daftar gaperna bisa gagal terus padahal udah sesuai,2025,brimo,coba daftar gaperna bisa gagal sesuai,-1,negatif
Yeti Bela safira,"makin di upgrade brimo gabisa di ss saldo rekening,jadi gabisa kirim sisa saldo ke pak suami, selalu ada notif di layar tidak bisa mengakses tangkapan layar😒😒😒😒😒",2025,brimo,upgrade brimo tidak bisa ss saldo rekeningjadi tidak bisa kirim sisa saldo suami notif layar tidak bisa akses tangkap layar,0,netral
Kiki Rizky,kenapa setiap saya mau' login ke akun BRImo selalu mendapatkan invalid request,2025,brimo,login akun brimo invalid request,0,netral
Irwan Noor,Sangat mengecewakan setelah update. saya tidak bisa login seperti biasa. berhanti saja saya memggunakan Brimo. Begitu rewel dan crewet.,2025,brimo,sangat kecewa update tidak bisa login berhanti memggunakan brimo rewel crewet,-1,negatif
Zane Rodriguez chanel,jelek error mulu,2025,brimo,jelek error,-2,negatif
alputraa.p,aplikasi sampah mau di buka mental terus,2025,brimo,aplikasi sampah buka mental,0,netral
Ama Ahk,"kenapa ini aplikasinya kok delay buka nya, gak kebuka buka rekening saya?? internet bagus lho. ini ada hacking? saya butuh ambil uanggggg!!!",2025,brimo,aplikasi delay buka tidak buka buka rekening internet bagus lho hacking butuh ambil uangg,0,netral
Febrian Lastri,"bri semakin kesini keamanan nya semakin jelek, masa transaksi gagal saldo tetep ke sedot kan aneh",2025,brimo,bri kesini aman jelek transaksi gagal saldo tetep sedot aneh,-1,negatif
Fuad Bahruddin,"padahal kemarin masih bisa dibuka normal. kenapa hari ini malah ada tulisan ""Selesaikan panggilan telepon dahulu"" padahal saya tidak sedang menelpon seseorang "" tolong bagaimana solusinya ini🙏🙏🙏 tapi saya tidak sedang melakukan panggilan telepon sekarang",2025,brimo,kemarin bisa buka normal tulis selesai panggil telepon tidak telpon tolong solusi tidak panggil telepon,0,netral
tegarramdhani,kenapa BRImo ku koneksi jaringan kurang bagus trs padahal bagus jaringan di hp ku?,2025,brimo,brimo ku koneksi jaring kurang bagus bagus jaring handphone ku,2,positif
huang ahoi,"pelayanan jelek banget, tlp cs nya smpe 10 menit baru ada lalu ga usah pake kk bri rusak minta penghapusan iuran tahunan banyak lah syarat yg ga masuk akal tahun lalu ngomong A lalu tahun ini ngomong B",2025,brimo,layan jelek banget tlp customer service smpe menit tidak pakai kk bri rusak hapus iur tahun syarat tidak masuk akal bilang a bilang b,-1,negatif
Raven Gray,kebanyakan bug.,2025,brimo,banyak bug,0,netral
Hasan Asy'ari,makin ga jelas sekarang. top up e wallet gabisa Mulu. buat apa dikasih fitur transfer e wallet kall gitu? konyol banget,2025,brimo,tidak top up e wallet tidak bisa kasih fitur transfer e wallet kall gitu konyol banget,1,positif
brahm nehru facta publica,setelah update kenapa tidak bisa menjadikan kartu kredit sebagai sumber dana utama di brimo?,2025,brimo,update tidak bisa jadi kartu kredit sumber dana utama brimo,0,netral
Asep Saputra,"tiba tiba ke blokir sendiri padahal blm login,pas login dan bener masukin pin kok tiba tiba udah ke blokir",2025,brimo,blokir loginpas login masukin pin blokir,0,netral
Lingga P,transaksi gagal tapi saldo berkurang... tolong dong solusinya,2025,brimo,transaksi gagal saldo kurang tolong solusi,-1,negatif
Putri Ilhami,giliran masuk ke verifikasi foto ktp langsung nge bug dasar aplikasi koruptor,2025,brimo,gilir masuk verifikasi foto ktp langsung nge bug dasar aplikasi koruptor,0,netral
Riki Neli,jangan sesekali kalian mendownload ini susah bgt buat daftar,2025,brimo,mendownload susah banget daftar,-1,negatif
Rifki Gunawan,mau daftar aja ribet banget heran,2025,brimo,daftar ribet banget heran,-1,negatif
Madre,saya habis setor ketrangn di mutasi nya ngga ada knapa abis apdet bsa ke gini perbaiki lah yg bner jdi saya ga pnya bukti pnyetoran nya padahl saldo dh kepotong sendiri,2025,brimo,habis setor ketrangn mutasi tidak knapa abis apdet bsa gin baik bner tidak pnya bukti pnyetoran padahl saldo dh potong,1,positif
fatkhu hanif,payah di hp q sudah tidak suport,2025,brimo,payah handphone q tidak suport,0,netral
naike melki,apk gak jelas jaringan bagus kok selalu gak jaringan eror Mulu,2025,brimo,aplikasi tidak jaring bagus tidak jaring error,0,netral
Ulhy Hasriana,jelek sekarang nggk ada fitur buka rekening online,2025,brimo,jelek tidak fitur buka rekening online,-1,negatif
Sugiyanto Al Giyanto,"mau nabung, ditaruh BRI malah habis. 😌",2025,brimo,nabung taruh bri habis,0,netral
AHIF SIPAHUTAR,"agak lain BUMN ini..beli pulsa listrik kena admin 3000 KLO pake gopay aplikasi swasta pulsa listrik 50 k bayarnya cuman 45 ribu,,KLO BRI jadi 53 ribu..perusahaan negara untuk rakyat,,nyekik rakyat",2025,brimo,bumn inibeli pulsa listrik kena pakai gopay aplikasi swasta pulsa listrik k bayar cuman ribuklo bri ribuperusahaan negara rakyatnyekik rakyat,0,netral
Muiz 3116,"kenapa selalu silahkan lewati panggilan telpon setiap kali masuk brimo, pangggilan nya pun gk ada",2025,brimo,silah lewat panggil telpon masuk brimo panggil tidak,0,netral
Bowok,"tolong diperiksa.. aplikasi brimo tidak bisa dibuka.. sudah saya email permasalahannya, dan belum direspon..",2025,brimo,tolong periksa aplikasi brimo tidak bisa buka email masalah direspon,-1,negatif
Arya Pratama,"aplikasi sampah, mau daftar aja susah...setiap kali mau bikin pin brimo selalu ada keterangan "" KENDALA SISTEM SILAHKAN COBA BEBERAPA SAAT LAGI KODE ( LADCS ). DI CEK DATA TIDAK ADA YANG SALAH.. DI ULANG KEMBALI TETAP SAMA. DI HUBUNGI VIA WHATSAPP TIDAK ADA RESPON. APK SAMPAH",2025,brimo,aplikasi sampah daftar susahsetiap pin brimo terang kendala sistem silah coba kode ladcs cek data tidak salah ulang hubung whatsapp tidak respon aplikasi sampah,-1,negatif
Dika Cahya,"sumpah sampe skrg Tdk bisa d buka brimo bagian Papua tengah ,segera perbaiki sistemnya min",2025,brimo,sumpah tidak bisa buka brimo papua baik sistem,1,positif
NutriSatir,"selalu saja mengecewakan,hp saya android 13 dan masih memiliki storage dan ram yang masih banyak tetapi setiap membuka apk brimo ini selalu saja force close.tolong perbaiki ini",2025,brimo,mengecewakanhp android milik storage ram buka aplikasi brimo force closetolong baik,0,netral
haqul Mubin,"apknya susah foto ktp aja gagal terus dan ribet amat , paling enak apk livin by mandiri langsung bisa , ini brimo sangat mengecewakan",2025,brimo,apknya susah foto ktp gagal ribet enak aplikasi livin by mandiri langsung bisa brimo sangat kecewa,-4,negatif
Rianvit Benyamin,"aplikasi ini awalnya baik-baik saja tapi tiba-tiba tidak bisa login harus di suruh nonaktifkan menu aksesibilitas, saya sudah melakukan semuanya tapi tetap tidak bisa login",2025,brimo,aplikasi baikbaik tibatiba tidak bisa login suruh nonaktif menu aksesibilitas tidak bisa login,0,netral
Oh Shyura,"pelayanan ramah, mudah digunakan, sangat bermanfaat, memudahkan dalam transaksi, orang orangnya juga baik dan ramah. saya nya aja yang jahat.",2025,brimo,layan ramah mudah sangat manfaat mudah transaksi orang orang ramah jahat,2,positif
Agung Rizaldi,"gimana ini direkening masi sisa saldo 150rb kok tiba² hilang 100k tidak ada respon sama pertanggung jawaban nya,gajelas bgt woi",2025,brimo,rekening mas sisa saldo ribu hilang k tidak respon tanggung nyagajelas banget woi,0,netral
Andi Kaya,kenpa ya kok sllu gk bisa buat tf ke dana .jika udah skli gk bisa sllu gk bisa,2025,brimo,kenpa sllu tidak bisa transfer dana skli tidak bisa sllu tidak bisa,0,netral
Andi Muhammad Fahri Asyahri,"maaf untuk sebelumnya,sudah menjadi pengguna beberapa tahun tidak ada masalah,tapi update kali ini muncul masalah login,transaksi,dan jaringan selalu muncul",2025,brimo,maaf sebelumnyasudah guna tidak masalahtapi update muncul logintransaksidan jaring muncul,0,netral
Rohmad Indrianto (risqinarich),"masuk pakai akun lama gak bisa (HSAO) daftar lagi gak bisa, no hp sudah terdaftar...bukannya bikin mudah malah bikin pusing.",2025,brimo,masuk pakai akun lama tidak bisa hsao daftar tidak bisa no handphone terdaftarbukannya mudah pusing,0,netral
Erik Salva,"untuk daftar saja susah , masa di daftar no hp lebih 0 di depannya bisa di bikin m banking",2025,brimo,daftar susah daftar no handphone depan bisa m banking,-1,negatif
Dr. Tenma,"daftar gagal terus , nomor tidak sesuai terus , awal kan udah verifikasi nomor hp , kenapa tahap selanjutnya nomor tidak sesuai",2025,brimo,daftar gagal nomor tidak sesuai verifikasi nomor handphone tahap nomor tidak sesuai,-1,negatif
Feliks Feliks,brimo saya kenapa ngestuck di logo ini_-,2025,brimo,brimo ngestuck logo,0,netral
Regen Mutahang,Aplikasi jelek sudah scan KTP asli di bilang KTP tidak valid.,2025,brimo,aplikasi jelek scan ktp asli bilang ktp tidak valid,-1,negatif
Ela Maryati,force close crash,2025,brimo,force close crash,-3,negatif
Adsa muhamad Riski,bermasalah terus,2025,brimo,masalah,-1,negatif
MUPR Corporation,"aplikasi lemot, terima tf aja lama",2025,brimo,aplikasi lama terima transfer lama,-2,negatif
Syasys A,aplikasi buatan indonesia selalu ribet harus satu kali login harus jadi sungguh ini menjengkelkan gak BRIMO gak JKN gak JMO sama saja gak kayak aplikasi luar negeri yang leluasa login bisa diulangi bila ada kesalahan gak perlu nungga nunggu waktu atau malah sampe datang ke perusahaan untuk perbaikan data tolong perbaiki ini sungguh sampah,2025,brimo,aplikasi buat indonesia ribet login sungguh jengkel tidak brimo tidak jkn tidak jmo tidak aplikasi negeri leluasa login bisa ulang salah tidak nungga nunggu usaha baik data tolong baik sungguh sampah,1,positif
Ihsan P,"permasalahan login yang ribet dan belum di fix kan selama bertahun"", ketika login mencoba mengkonfirmasi nomor hp yg digunakan sudah sesuai tapi masih tetap gagal login",2025,brimo,masalah login ribet fix tahun login coba konfirmasi nomor handphone sesuai gagal login,-3,negatif
WADU HEK,"""SELESAIKAN PANGGILAN TELEPON DULU"" apasih gak jelas banget padahal tdk sedang menelpon",2025,brimo,selesai panggil telepon apasih tidak banget tidak telpon,0,netral
Cokies Cream,ini kenapa brimo sering gangguan di jam penting..ga bisa log in,2025,brimo,brimo ganggu jam pentingga bisa log in,-1,negatif
Wahyudil Hayat,Sering tidak berfungsi dg baik. aplikasi gagal dan ngelag,2025,brimo,tidak fungsi dg aplikasi gagal ngelag,-1,negatif
mr vherdy,"aplikasi SDH bagus malah ad update mau login pakai data GK bisa, harus numpang wifi Telkom baru bisa login, perbaiki cepat deh, bikin susah aja",2025,brimo,aplikasi bagus ad update login pakai data tidak bisa numpang wifi telkom bisa login baik cepat susah,2,positif
M Titan Gunawan,"Bayar QRis GAGAL tapi Saldo Kepotong Bisa kerja GK sih,SELAMA DUIT SAYA BELUM BALIK TETAP BINTANG 0 CAMKAN ITU!!!",2025,brimo,bayar qris gagal saldo potong bisa kerja tidak sihselama uang bintang cam,-1,negatif
Sigit Bayuaji,perasaan udah login bisa masuk trus kluar log out mau login lagi ngga bisa udah dicoba berapa kali aja ini!,2025,brimo,asa login bisa masuk kluar log out login tidak bisa coba,0,netral
RICKY BOZES,makan sana uang gue gocap . transaksi gagal harusnya mah balik dan di cari semua transaksi pada gagal tp uang ke potong kn lucu . begini kah kelasnya Bank Nasional bobrok syukur gak pernah naro uang gede di sini,2025,brimo,makan uang gocap transaksi gagal mah cari transaksi gagal uang potong kn lucu kah kelas bank nasional bobrok syukur tidak naro uang gede,-2,negatif
A R I S H T E R,mau login brimo malah ga ada kode verifikasi masuk. hadeeehhhh,2025,brimo,login brimo tidak kode verifikasi masuk hadeehh,0,netral
Fikri Zainul Mutaqin,"waduh gimana ini aplikasinya, saya tadi jam 00,00 beli tiket kereta, terus saya bayar langsung 8k, ada kesalahan (tulisan merah) terus saya ulangi. dan setelah itu tiba tiba saldo saya ngurang banyak yang awalnya 559.929 sekarang jadi 527.929. dan dimutasi tersebut tidak ada riwayatnya maupun yang notif gagal dan notif sudah berhasil transfer qris. tolong selesaikan masalah saya. kalau tidak saya akan lapor",2025,brimo,aplikasi jam beli tiket kereta bayar langsung k salah tulis merah ulang saldo ngurang mutasi tidak riwayat notif gagal notif hasil transfer qris tolong selesai tidak lapor,-1,negatif
farlancitra_01,"maaf ya saya kasih bintang 1 dulu soalnya Ini ketika saya gagal 1 kali percobaan selalu Gabisa di Ulangi, dan Harus Nyoba lagi besok. padahal Tinggal 1 tahap lagi buat penyelesaian bikin akun saya udah 4 hari gini terus, bukan karna saya nya yang gabisa Selesain, tapi apk nya sendiri yang sering nge bug, Di bagian foto KTP, pas selesai foto KTP Padahal udh ada Tanda ""ceklis/berasil"" tapi Setelah itu balik ke tampilan awal lagi dan harus foto beberapa kali, ketika di Close, malah Cb lagi besok",2025,brimo,maaf kasih bintang gagal coba tidak bisa ulang nyoba besok tinggal tahap selesai akun gin tidak bisa selesain aplikasi nge bug foto ktp cocok selesai foto ktp tanda ceklisberasil tampil foto close cb besok,-2,negatif
janu prasetyo,"kenapa dompet digital jd hilang,e wallet jg gak bisa dipakai lebih bagus yg versi sebelumnya,minta tolong dikembalikan ke versi sebelumnya min saya lebih recomended yg versi 2024 makasih sebelumnya🙏",2025,brimo,dompet digital hilange wallet tidak bisa pakai bagus versi sebelumnyaminta tolong kembali versi recomended versi makasih,1,positif
Aan Riyadi,aplikasi udh bisa masuk menu login tpi username tidak bisa di beri tanda titik 😡 di hp Infinix tolong di perbaiki,2025,brimo,aplikasi bisa masuk menu login username tidak bisa tanda titik handphone infinix tolong baik,1,positif
Dar Maji,pembayaran gagal kenapa saldonya terpotong dan tidak ada kembalian sudah di minta bantuan udah 2 hari gak ada jawaban gimana cari uang susah jangan di persulitkan uang saya,2025,brimo,bayar gagal saldo potong tidak kembali bantu tidak cari uang susah sulit uang,-3,negatif
Irwan Wahyudi,tidak bisa telepon bebas pulsa,2025,brimo,tidak bisa telepon bebas pulsa,0,netral
Kaka Kaka,"login sekarang sangat ribet, biasa nya kalo sudah masukan username, kata sandi, pin langsung verifikasi sms udah langsung masuk. sekarang semua sudah dilakukan sampai harus foto ktp saat login, masih tidak bisa login, chatt cs via whatssap sangat slow respon, awal nya bales pas dijelasin keluhan langsung ngilang, udah setengah jam masih belum ada respon, masa masalah login aja harus ke cabang terdekat",2025,brimo,login sangat ribet masuk username sandi pin langsung verifikasi pesan langsung masuk foto ktp login tidak bisa login chatt customer service whatssap sangat slow respon bales cocok dijelasin keluh langsung ngilang jam respon login cabang dekat,-1,negatif
else restantiya,tidak bisa untuk login username.,2025,brimo,tidak bisa login username,0,netral
Charles Bani,apk Brimo sudah tidak jelas masa uang saya di dalam bisa hilang padahal tidak ada yg tau pin Brimo saya,2025,brimo,aplikasi brimo tidak uang bisa hilang tidak pin brimo,0,netral
D Y P,mindai qris sering eror. . . udah bayar pake qris sering gagal tpi tetap kepotang,2025,brimo,mindai qris error bayar pakai qris gagal kepotang,-2,negatif
Aan Pradifta,buat apa ada pengajuan kalo gak ada respons.,2025,brimo,aju tidak respons,0,netral
DIKA ARIF SIHOMBING,"aneh x kadang kalok tranfer gagal bisa ilang uang malah ke transfer. padahal katanya gagal ,lewat dua hari uang yg di transfer gagal malah hilng direkening",2025,brimo,aneh kadang kalok tranfer gagal bisa ilang uang transfer gagal uang transfer gagal hilng rekening,-3,negatif
Indrus Efendi,bayar pake qris di brimo gagal terus tapi saldo tetap berkurang call center nya juga nggak respon sama sekali,2025,brimo,bayar pakai qris brimo gagal saldo kurang call center tidak respon,-1,negatif
Bang Echong,"Tolong perbaiki masalah jaringan. Saat buka aplikasi lain jaringannya normal, tapi saat mau konfirmasi transfer di brimo jaringannya merah terus",2025,brimo,tolong baik jaring buka aplikasi jaring normal konfirmasi transfer brimo jaring merah,1,positif
Hery Bali,tidak banyak komentar hanya mau menyampaikan keluhan saya di apk brimo. saya MW login tiba2 ada pemberitahuan bahwa no hp yang ada akun brimo saya tidak sesuai dengan no hp yg ada pada ponsel. brimo makin kesini makin mempersulit dan tidak jelas.,2025,brimo,tidak komentar keluh aplikasi brimo mw login pemberitahuan no handphone akun brimo tidak sesuai no handphone ponsel brimo kesini sulit tidak,-1,negatif
Andiy Must,"ini gw nulis saat brimo gabisa login pas gw mau transaksi,",2025,brimo,nulis brimo tidak bisa login cocok transaksi,0,netral
Wayou Bule,"saya kurangin bintangnya.. kenapa kalo mau transfer selalu ada tulisan "" demi keamanan dan kenyamanan pastikan untuk menutup aplikasi lain terlebih dahulu, setelah itu lanjut untuk membuka BRImo lagi untuk melanjutkan aktivitasmu."" padahal saya ga lagi buka aplikasi lain... tolong diperbaiki.... makin ribet aj BRImo..",2025,brimo,rangin bintang transfer tulis aman nyaman pasti tutup aplikasi buka brimo lanjut aktivitas tidak buka aplikasi tolong baik ribet aj brimo,2,positif
dunia Mandiri,"sangat buruk, masa mau daftar akun aja susah, selalu nomor hp tidak sesuai, padahl nomornya udah bener",2025,brimo,sangat buruk daftar akun susah nomor handphone tidak sesuai padahl nomor,-2,negatif
Yoga Roindika,jelek dipotong trus saldonya buat apa habis uangnya transfer uang trus harus lapor mau TF baru dibuka kalau tidak tetap tidak bisa TF aneh sister bri,2025,brimo,jelek potong saldo habis uang transfer uang lapor transfer buka tidak tidak bisa transfer aneh sister bri,-1,negatif
Benny Alexander,"ribet untuk login pertama nya, harus pake data di nomor yang terdaftar, ganti nomor nya harus ke kantor cabang pula",2025,brimo,ribet login pakai data nomor daftar ganti nomor kantor cabang,-1,negatif
Torro Winasis,"Ada apa dengan brimo,,top up dana susah sekali sekarang,,ada peringatan matikan aplikasi lain,padahal tidak ada aplikasi lain yang aktip",2025,brimo,brimotop up dana susah sekarangada ingat mati aplikasi lainpadahal tidak aplikasi aktip,-1,negatif
Putra Maniax,"bagus sih ,, cuma biaya notif + biaya bulanan jadi naik",2025,brimo,bagus biaya notif biaya bulan,1,positif
Lucky Alfarizy,"duh ini knp yah saya ga bisa login, ayo dong katanya kualitas internetmu kurang baik, padahal bagus"" aja tuuh bisa buka tiktok youtube intagram bisa kok, knp login brimo ga bisaa huffff giliran penting bgini malah ribett",2025,brimo,duh tidak bisa login ayo kualitas internetmu kurang bagus tuuh bisa buka tiktok youtube intagram bisa login brimo tidak bisaa huff gilir bgini ribett,1,positif
Dsandria Sudawirat,mau bikin aja di persulit,2025,brimo,sulit,-1,negatif
Tepoz Agus,Brimo tidak bertanggung jawab. saya beli kuota di notifikasi sudah berhasil tetapi tidak kuota tidak masuk. ini sangat merugikan nasabah. jika tidak ada perbaikan dan tanggung jawab biarlah BINTANG SATU saya sematkan. kritis betul brimo ini,2025,brimo,brimo tidak tanggung beli kuota notifikasi hasil tidak kuota tidak masuk sangat rugi nasabah tidak baik tanggung biar bintang semat kritis brimo,1,positif
Ardi sadewa Ardi,belum bisa masuk ke apk nya padahal akun ku sdh diperbarui kemarin,2025,brimo,bisa masuk aplikasi akun ku baru kemarin,0,netral
OXY AF,"kenapa loading terus padahal sinyal wifi bagus dan menggunakan internet juga bagus, mohon untuk di tindak lanjuti karena menyebabkan keterlambatan pengguna🙏🏻",2025,brimo,loading sinyal wifi bagus internet bagus mohon tindak lanjut sebab lambat guna,0,netral
Surya pengkhayal,"tau"" diblokir GK jelas",2025,brimo,blokir tidak,0,netral
Ena Ndr,"Sedari awal September kok tdk bisa transaksi, sudah ke bank sampai sekarang masih sama🥲",2025,brimo,dar september tidak bisa transaksi bank,0,netral
Rheinhard Mitchelle Sahambe (Rhein),"GK bisa di buka, padahal jaringannya bagus. Aplikasi lain bisa koq, kenapa Brimonya malah GK bisa?. Di kota kan jaringan bagus, Brimonya aja bermasalah nih. Bikin ribet aja urusan transaksi😠",2025,brimo,tidak bisa buka jaring bagus aplikasi bisa koq brimonya tidak bisa kota jaring bagus brimonya masalah ribet urus transaksi,0,netral
Dwiki Rizaldy,"untuk penggunaan brimo sekarang loginnya malah dipersulit sekarang pakai KTP padahal kemarin saya masih bisa login via SMS dengan mudah dan lancar sekarang malah dipersulit pakai KTP iya kalo KTP pengguna brimo masih ada kalau enggak ada KTP sama saja bohong , untuk brimo jangan dipersulit la untuk loginya sekarang",2025,brimo,guna brimo loginnya sulit pakai ktp kemarin bisa login pesan mudah lancar sulit pakai ktp iya ktp guna brimo ktp bohong brimo sulit la log,-1,negatif
Subandi Abizard,aplikasi brimo makin gak jelas saya transfer terkirim tapi di penerima tidak masuk,2025,brimo,aplikasi brimo tidak transfer kirim terima tidak masuk,0,netral
Asya Nurul Azkia,jam 11n keatas error terus mau tranfer ewallet,2025,brimo,jam n atas error tranfer ewallet,-1,negatif
ana tasya,brimo makin mengecewakan,2025,brimo,brimo kecewa,-1,negatif
Nusi Sanusi,"jlek sekarang susah pake pfrifikasi wajah , bikin emosi , coba sperti dulu ngak ribet",2025,brimo,jlek susah pakai pfrifikasi wajah emosi coba sperti ngak ribet,-2,negatif
Christina Widjajanti,"apa apaan ini,masa kode Verif email lama bener. haduhhhhhh!!!!!. gk d kirim²!!!!!!",2025,brimo,inimasa kode verif email lama haduhh tidak kirim,-1,negatif
Hadi,"knapa ko buka brimo paspod sllu salh biasa,a amn"" saja",2025,brimo,knapa buka brimo paspod sllu salh biasaa amn,0,netral
Kholilur Rohman,"setelah update aplikasi makin buruk, padahal jaringan bagus, versi android juga udah terbaru,udah di uninstall lalu downlod ulang udah nyoba login 100 kali masihh tidak bisa masuk",2025,brimo,update aplikasi buruk jaring bagus versi android terbaruudah uninstall downlod ulang nyoba login masihh tidak bisa masuk,0,netral
Heri Irawan,sudah sehari smlm aku nunggu saldo masuk ke ovo....diproses trus.....kapan masuknya ....sdngkan saldo rekening dh kepotong....kecewa bgt,2025,brimo,hari smlm nunggu saldo masuk ovodiproses truskapan masuk sdngkan saldo rekening dh kepotongkecewa banget,0,netral
yudha hermansya,"gak bisa logon , keluar-keluar sendiri",2025,brimo,tidak bisa logon keluarkeluar,0,netral
Agus Candra,tidak bisa buka aplikasinya. tiba tiba kluar sendiri,2025,brimo,tidak bisa buka aplikasi kluar,0,netral
Wildan Abdul,akun ku ke blokir,2025,brimo,akun ku blokir,0,netral
Habibie Umar,"hati2 yang suka bertansksi pake qris, keterangan gagal tapi saldo tetep di comot",2025,brimo,hati suka bertansksi pakai qris terang gagal saldo tetep comot,0,netral
Wd nur Halima,KTP harus fisik trus yg digital gmna bangset,2025,brimo,ktp fisik digital gmna bangset,0,netral
Baharudin,kartu saya hilang pak dan malas buat ke bri cabang tolong dong update biar bisa masuk tampa kartu terpasang ke hp ribet untuk verif kan bisa verif wajah dll jangan cuma kita ga pasang kartu ga bisa masuk ke brimo nya,2025,brimo,kartu hilang malas bri cabang tolong update bisa masuk tampa kartu pasang handphone ribet verif bisa verif wajah dll tidak pasang kartu tidak bisa masuk brimo,-1,negatif
Put Ra,masa ngirim ke dana gk bisa makin gj nih apk,2025,brimo,ngirim dana tidak bisa gj aplikasi,0,netral
Muhammad Nur Fajri,tolong diperbaiki mau masuk ke aplikasinya saja tidak bisa heran,2025,brimo,tolong baik masuk aplikasi tidak bisa heran,1,positif
Harapan j sipayung Sipayung,kog ngga bisa di buka brimo nya???,2025,brimo,kog tidak bisa buka brimo,0,netral
bang di,notifikasi/info trnsaksi tidak ada? ini bahaya si kluar masuk tidak tercatat tapi info notif nya iklan smua promo ini itu lah promo beli bayar ini itu,2025,brimo,notifikasiinfo trnsaksi tidak bahaya si kluar masuk tidak catat info notif iklan promo promo beli bayar,0,netral
Ime Ayi,tidak bisa daftar padahal punya rek di bri,2025,brimo,tidak bisa daftar rekening bri,0,netral
Andre Fizah,sejak update malah gak bisa login padahal lagi butuh uang ☺️,2025,brimo,update tidak bisa login butuh uang,0,netral
maxima jaya,trobel trus capek!,2025,brimo,trobel capek,0,netral
AbdulRohim A.Rohi.,aplikasi kaya ginih udah beres semua login pasword bner pripikasi KTP mntal teruss,2025,brimo,aplikasi kaya ginih beres login pasword bner pripikasi ktp mntal teruss,0,netral
Ardhi kusuma,"Kenapa hari ini app crash terus ya, biasanya ga pernah? forceclose terus",2025,brimo,aplikasi crash tidak forceclose,-1,negatif
Bahar Tmg,kenapa no rekeningnya sendiri dan identitas diri sendiri tapi verivikasi wajah tidak bisa. setelah upgrade palah semakin susah di buka..,2025,brimo,no rekening identitas verivikasi wajah tidak bisa upgrade palah susah buka,-1,negatif
Aprilia Kulas,"Pelayanan di Bank cs likupang sangat Lama,mohon lbih di perhatikan pelayanan nya kebnyakan orang yg ngantri Bnyak komplain.",2025,brimo,layan bank customer service likupang sangat lamamohon lbih perhati layan kebnyakan orang ngantri bnyak komplain,0,netral
Riyanto A,Tolong di semua fitur investasinya di kelola dengan provesional...jangan sampai kami merasa dirugikan...trmksh,2025,brimo,tolong fitur investasi kelola provesionaljangan dirugikantrmksh,0,netral
Wanda Surbakti,setelah ini saya tidak mau menggunakan BRI mo karna tf ke dana tdiak bisa terus saya menyesal mendownload ini,2025,brimo,tidak bri mo transfer dana tdiak bisa sesal mendownload,0,netral
Jsrptty,tidak pernah ada notif transaksi yang masuk,2025,brimo,tidak notif transaksi masuk,0,netral
Yusuf Sofiawan,Tiba tiba tidak bisa diScreenshot dalam aplikasi. Sangat bikin was was kalau saldo tetiba hilang dan kita lupa berapa saldo terakhir. Pertimbangan untuk pindah bank saja.,2025,brimo,tidak bisa discreenshot aplikasi sangat was was saldo tetiba hilang lupa saldo timbang pindah bank,0,netral
Anggitha Berliana,"Nyesel pake ini, skarang ga bisa buat transaksi, slalu ada notifikasi ""demi kenyamaman keamanan tutup aplikasi lain blablabla dll"" pdhal ga buka apk lain. Klo ga mampu buat aplikasi, lebih baik ga usah bikin. Malah nyusahin pelanggan doang, berasa di prank pake aplikasi ini, jelek bgt, hapus aja, sbg apk dri pihak BANK yg udah trnama kok jelek bgini klah sma sbelah. Palingan ntar di balesin bot doang ini keluhan, ga ada solusi langsung cuman bot ngarahin buat nelpon ke BRI doang pret bgt.",2025,brimo,nyesel pakai skarang tidak bisa transaksi slalu notifikasi kenyamaman aman tutup aplikasi blablabla dll pdhal tidak buka aplikasi tidak aplikasi tidak nyusahin langgan asa prank pakai aplikasi jelek banget hapus sbg aplikasi dri bank trnama jelek bgini klah sbelah paling balesin bot keluh tidak solusi langsung cuman bot ngarahin nelpon bri pret banget,-1,negatif
Nazrul Akbar,pelayanan apa ini jelek,2025,brimo,layan jelek,-1,negatif
R Z,Bank yang sering menipu orang ini ya?,2025,brimo,bank tipu orang,0,netral
Ronal Lengkong,"kembali jadi aplikasi sampah. pas login selalu ada popup nya, menggangu sekali. kalian kira ini apps ecommerce. coba ngaca dulu ke mandiri, bni, dan bca..",2025,brimo,aplikasi sampah cocok login popup menggangu apps ecommerce coba ngaca mandiri bni bca,0,netral
Tomi Ika,ngeri gunain ini bank nanti uang nasabah hilang.,2025,brimo,ngeri gunain bank uang nasabah hilang,0,netral
Satria Akbari,banyak gangguan,2025,brimo,ganggu,-1,negatif
Muhammad Asdian,Saldo saya terpotong padahal status transaksi gagal,2025,brimo,saldo potong status transaksi gagal,-1,negatif
G_02_ ADITYA REYMADONA,"Aplikasi kontl banknya juga kont, sering error gajelas ini servernya pake server judol apa gimana?kaga ada stabil2nya",2025,brimo,aplikasi kontl bank kont error tidak servernya pakai server judol gimanakaga stabil,0,netral
Jhon kevin Nainggolan,"sering ngebug, bug saldo kosong, sehingga ketika ingin transaksi untuk keperluan darurat jadi tidak bisa",2025,brimo,ngebug bug saldo kosong transaksi perlu darurat tidak bisa,0,netral
TEGUH ARAFAT,udh brp jam setelah melakukan pengaduan tapi tidak ada respon dari Brimo . saya transaksi via qris tapi tidak ada masuk tapi saldo saya terpotong cara kembalikan uang saya bagaimana itu.???,2025,brimo,jam adu tidak respon brimo transaksi qris tidak masuk saldo potong kembali uang,0,netral
Brata Putra Halim,bad,2025,brimo,bad,0,netral
Petrus Kayan,"apalah aku mau ngonfirmasi pin malah tertulis ""transaksi gagal""",2025,brimo,apa ngonfirmasi pin tulis transaksi gagal,-1,negatif
Alucard Speed,"di perbaiki lagi sistemnya, tiba"" sering log out sendiri",2025,brimo,baik sistem log out,1,positif
NEW BEE,"pembayar gagal melalu qris tapi saldo tetap terpotong,aneh",2025,brimo,bayar gagal lalu qris saldo terpotonganeh,-1,negatif
Sndy_Alfian03 17,"nggak bisa masuk keterangan,nomor hp dan data seluler yang digunakan tidak sesuai, padahal udah pake nomer hp nya sama data seluler yang sama",2025,brimo,tidak bisa masuk keterangannomor handphone data seluler tidak sesuai pakai nomer handphone data seluler,0,netral
Achmadalwi Bisri,update cek etol brizzi tidak bisa,2025,brimo,update cek etol brizzi tidak bisa,0,netral
Wulan adja,"kalau ngambil uang di ATM bikin pengaduan lewat brimo tuh lama banget, kayak emang engga niat buat di proses, kata nya transaksi gagal tapi saldo rekening tetap kepotong, gimana nih min solusi nya. tolong proses nya di cepetin ya, uangnya ga sedikit soalnya yang kepotong. buat edukasi aja tolong ATM nya tiap beberapa waktu di cek biar kesalahan kayak gini ga keulang lagi, kasihan yang bener-bener butuh duitnya",2025,brimo,ngambil uang atm adu brimo lama banget engga niat proses transaksi gagal saldo rekening potong solusi tolong proses cepetin uang tidak potong edukasi tolong atm cek salah gin tidak ulang kasihan benerbener butuh duit,-2,negatif
l0v3t0k1ll,###BRICC gabungin ke Brimo### #DISKRIMINASI TOKOPEDIA CARD & NEX CARD GAK BISA DI SAMBUNGIN DI BRIMO# #Tambahin fitur HAPUS DEBIT VIRTUAL PADAHAL REKENING SUDAH DITUTUP SYSTEM #PENGATURAN KEAMANAN KARTU KREDIT MINIM TIDAK SEPERTI KARTU DEBIT BISA DI AKTIFKAN DAN NON AKTIFKAN SUKA SUKA,2025,brimo,bricc gabungin brimo diskriminasi tokopedia card nex card tidak bisa sambungin brimo tambahin fitur hapus debit virtual rekening tutup system atur aman kartu kredit minim tidak kartu debit bisa aktif non aktif suka suka,3,positif
Seftian Aldi,"kacau ini aplikasi!! Kerjaanya foced close terus tiap hari ngga bisa dibuka. Udah disetting sedemikian rupa, ditutup semua aplikasi, dicek malware aman semua tapi tetep ga bisa dibuka. Dulu ngga pernah kaya gini, sekalipn misal buka aplikasi pasti ada peringatan dulu ""Tutup aplikasi pihak ketiga"", sekarang ngga ada pemberitahuan apa-apa, jadi ngga tau masalah kenapa aplikasinya ngga bisa dibuka dan langsung forced close itu apa!!!!",2025,brimo,kacau aplikasi kerjaanya foced close tidak bisa buka disetting rupa tutup aplikasi cek malware aman tetep tidak bisa buka tidak kaya gin sekalipn buka aplikasi ingat tutup aplikasi tiga tidak pemberitahuan apaapa tidak aplikasi tidak bisa buka langsung forced close,-1,negatif
Sutisna Family,Aplikasi crash. Ga bisa dibuka,2025,brimo,aplikasi crash tidak bisa buka,-1,negatif
Indra Kurniawan,apalah setelah updet saldo hilang 150 ribu padahal biasa yh tidak hilang ini hilang saya merasa kecewA,2025,brimo,apa update saldo hilang ribu yh tidak hilang hilang kecewa,-1,negatif
Josua Sihite,Pengajuan kendala transaksi sulit sudah menghubungi CS dan sudah mengajukan laporan kendala tentang transaksi melalui e-mail tetapi respon nya lama. CS nya tidak bisa dihubungi kedepan lebih ditingkatkan lagi pelayanan terhadap nasabah,2025,brimo,aju kendala transaksi sulit hubung customer service aju lapor kendala transaksi email respon lama customer service tidak bisa hubung depan tingkat layan nasabah,-4,negatif
Meysi nur neprianti,"padahal sebelumnya lancar ancar aja , tapi setelah diperbarui kenapa dia pas mau transfer selalu disuruh nutup aplikasi lain terus , padahal lagi nggak buka apk lain , giliran udah di tutup semua ,tetep aja disuruh gitu lagi jadi susah nih untuk ngelakuin transaksi 😭😭😭 tolong dongg",2025,brimo,lancar ancar baru cocok transfer suruh nutup aplikasi tidak buka aplikasi gilir tutup tetep suruh gitu susah ngelakuin transaksi tolong dongg,0,netral
M.A.R boyyy,"saya mengeluhkan penarikan di ATM brimo, saldo ketarik tetapi uang tidak keluar, mikirlah kalau ada urusan mendadak kita pengen uangnya cpat gimana?, tolong lah untuk di mesin atm itu sistem nya di bagusin lagi, kalau orang gk bisa ngambil yaudah gk usah narik2 saldo segala, tolong dong brimo UPDATE lagi lah hal2 yg kayaq bgini kami yg menggunakan bank anda demi kenyaman, ini kita malah lagi ke kantor ngurus itu ini, blum lagi laporan di apk ke terima apa tidak, tolong evaluasi lagi",2025,brimo,keluh tari atm brimo saldo tarik uang tidak mikirlah urus dadak ken uang cpat tolong mesin atm sistem bagusin orang tidak bisa ngambil yaudah tidak narik saldo tolong brimo update kayaq bgini bank kenyam kantor ngurus blum lapor aplikasi terima tidak tolong evaluasi,0,netral
yoga risa,ga apk ga bank nya. mengecewakan. nama doang bank rakyat indonesia. pret lah,2025,brimo,tidak aplikasi tidak bank kecewa nama bank rakyat indonesia pret,-1,negatif
yudi robot,tidak bisa akses k brimo,2025,brimo,tidak bisa akses k brimo,0,netral
Rudi120 Anur Saputra,"aneh hbis diupgrade tambah parah aplkikasi brimo, jelek masa mau login tulisan periksa koneksi internert anda , sementara sigmal dan wifi high, tdk ada masalah, hp mendukung, jelek",2025,brimo,aneh hbis diupgrade parah aplkikasi brimo jelek login tulis periksa koneksi internert sigmal wifi high tidak handphone dukung jelek,-3,negatif
Awal SL,saya top up gopay saldo terpotong tapi tidak masuk apk busuk,2025,brimo,top up gopay saldo potong tidak masuk aplikasi busuk,1,positif
yans sukma pratama,"layanan bantuan brimo utk reset password briccmobile sangat buruk dan tidak membantu.. tidak ada solusi sama sekali kalau kita lupa jawaban pertanyaan keamanan, hanya diminta menebak miliaran triliunan kemungkinan jawaban 30.11.2025 dgn agen kode Eric",2025,brimo,layan bantu brimo reset password briccmobile sangat buruk tidak bantu tidak solusi lupa aman tebak miliar triliun agen kode eric,0,netral
samsurrida 07,ngeleg GK guna,2025,brimo,ngeleg tidak,0,netral
Septian tri Cahyo,"bolak balik di suruh verifikasi.. susah di pake.. di suruh tunggu beberapa saat lagi, tapi udah di tunggu beberapa hari sama aja ga bisa.. malah di suruh beberapa saat lagi.. ga bagus.. menyusah kan.. sudah veririfikasi tahap 4 malah di ulangin dari 1..",2025,brimo,bolak suruh verifikasi susah pakai suruh tunggu tunggu tidak bisa suruh tidak bagus susah veririfikasi tahap ulangin,-1,negatif
Brayen Oxel,puluhan tahun pake BRI smpe skrng ga pernah dpt pinjeman atau kartu kredit.payah,2025,brimo,puluh pakai bri smpe skrng tidak dpt pinjeman kartu kreditpayah,0,netral
Rohman Novanda,orang gak ada apa apa masak brimo diblok,2025,brimo,orang tidak masak brimo blok,0,netral
bambang haryanto,aplikasi internet banking paling jelek diantara bank yg lain...mau daftar aplikasi susah nya setengah mati,2025,brimo,aplikasi internet banking jelek bank lainmau daftar aplikasi susah mati,-2,negatif
Femas Herlianto,susah untuk buka rekening online nya,2025,brimo,susah buka rekening online,-1,negatif
Baronz Ndy,bank tolol susah banget di tlp!!!,2025,brimo,bank tolol susah banget tlp,-1,negatif
Eka Suputra,tidak bisa lagi transfer ke dana,2025,brimo,tidak bisa transfer dana,0,netral
ichvan saputra,"kurang bagus, aplikasi dan pelayanan kurang memuaskan",2025,brimo,kurang bagus aplikasi layan kurang muas,1,positif
FARUK FIRMANSYAH,"aplikasi sampah, cuman ganti hp doang log-in nya susah setengah mati, apk gak guna nyusahin doang",2025,brimo,aplikasi sampah cuman ganti handphone login susah mati aplikasi tidak nyusahin,-1,negatif
dhayz suzazeah,layana Customer service 1500017 sangat jelek ... suruh nunggu sampe 25 menit sampe pulasa abis gak ada yang angkat telpon nya,2025,brimo,layana customer service sangat jelek suruh nunggu menit pulasa abis tidak angkat telpon,-1,negatif
Rayhan Rizki Ardani,"Hilang jaringan, padahal cuman mau liat nomor rekening Kacaw nih bank",2025,brimo,hilang jaring cuman liat nomor rekening kacaw bank,0,netral
Mahrup,kenapa jadi jelek ah slalu ada tutup trus,2025,brimo,jelek ah slalu tutup,-1,negatif
Anik Puji Lestari,susah banget telpon kontak BRI....,2025,brimo,susah banget telpon kontak bri,-1,negatif
Zainul Arifin,semoga g ada yg download aplikasi in.SERING KALI MELAKUKAN POTONGAN SALDO NASABAH....,2025,brimo,moga tidak download aplikasi insering potong saldo nasabah,0,netral
Muhammad Ahlan Fadli Rahman,ini gasalah nelp call center lebih dari 5 menit? slow respon amat gaada slanya emang sekelas bri ? payah,2025,brimo,gasalah nelp call center menit slow respon tidak slanya kelas bri payah,0,netral
Lia Wati,ini knp brimo g bisa dibuka ya Allah g bisa buat transaksi,2025,brimo,brimo tidak bisa buka allah tidak bisa transaksi,0,netral
ASMA MAULANA ROHIM,sering kena potong an dan juga sering gangguan makin malas pakek bri,2025,brimo,kena potong an ganggu malas pakek bri,-1,negatif
Iwan Setiawan,"aplikasi apa ini ,login lagi ngga bisa harus logut dulu ,login nomor tidak sesuia ngga jelas,buat apa pake userid ,semkin hari semakin ngga jelas ,benerin lagi biar bisa login dengan mudah kasih lah kenyamanan untuk nasabah",2025,brimo,aplikasi login tidak bisa logut login nomor tidak sesuia tidak jelasbuat pakai userid semkin tidak benerin bisa login mudah kasih nyaman nasabah,2,positif
Maulana Ainul,"aplikasi tolol , telpon bebas pulsa ga bisa nunggu nya lama banget, giliran berpulsa juga sama",2025,brimo,aplikasi tolol telpon bebas pulsa tidak bisa nunggu lama banget gilir pulsa,-1,negatif
FATYH CHANNEL,setiap ada uang masuk dan keluar kena potong 750 rupiah... buset jg,2025,brimo,uang masuk kena potong rupiah buset,0,netral
Muhamad Zulfikar,tranafer qris 3 kali gagal tapi saldo dipotong kenapa ga otomatis refund.,2025,brimo,tranafer qris gagal saldo potong tidak otomatis refund,-1,negatif
Henryco T,"apa coba jaringan bagus tapi mau daftar muter"" terus buka apk lain lancar"" aja tapi di apk ini lelet banget",2025,brimo,coba jaring bagus daftar muter buka aplikasi lancar aplikasi lelet banget,2,positif
Novita sari Novi,Kenapa aplikasi brimo gak bisa dibuka .tidk dapat masuk.aplikasi diroot katanya,2025,brimo,aplikasi brimo tidak bisa buka tidk masukaplikasi diroot,0,netral
MOCH LUTFI,"knp ini brimo, ketika mau login gagal trus, mohon cepat diatasi 🙏🙏🙏",2025,brimo,brimo login gagal mohon cepat atas,0,netral
Perdi Hermawan,sekelas BRI lemotttttt cuman ujan grimis doang mau buka m-bengking,2025,brimo,kelas bri lemott cuman ujan grimis buka mbengking,0,netral
Diki Darma Wijaya,"ini kenapa ga bisa login,katnya tidak ada internet pdahal saya pake wifi,buka aplikasi lain lancar lancar aja",2025,brimo,tidak bisa loginkatnya tidak internet pdahal pakai wifibuka aplikasi lancar lancar,2,positif
Andri Yansah,pinjaman harus payrol mau pinjam aja sulit konyol,2025,brimo,pinjam payrol pinjam sulit konyol,-1,negatif
BRTG,"sering gagal masuk apk, dg notif jaringan buruk. padahal udh buat browsing, streaming yt, tik tok aman. udh coba ganti kuota wifi sama aja",2025,brimo,gagal masuk aplikasi dg notif jaring buruk browsing streaming yt tik tok aman coba ganti kuota wifi,-1,negatif
WILDAN SEPTIAWAN,"Malah tidak bisa login setelah update di minta foto KTP, setelah di foto malah tidak bisa tetap transaksi belum berhasil. udah coba berhari hari tetep gak bisa mohon solunya, / hilangkan aja fitur foto KTP",2025,brimo,tidak bisa login update foto ktp foto tidak bisa transaksi hasil coba hari tetep tidak bisa mohon solunya hilang fitur foto ktp,0,netral
Iskandar Muda,Transaksi gagal tapi saldo berkurang,2025,brimo,transaksi gagal saldo kurang,-1,negatif
SUTIEK BAMBU,tlng dong benahi jngn persulit penguna,2025,brimo,tlng benah jngn sulit penguna,-1,negatif
bambang rasmadi,tak profesional susah mau daftar brimo,2025,brimo,profesional susah daftar brimo,-1,negatif
Rizky Kurniawan,makin di update makin sering eror ngeribetin harus instal ulang,2025,brimo,update error ngeribetin instal ulang,-1,negatif
Deni Haryadi,ribet,2025,brimo,ribet,-1,negatif
Farhan,pelayanannya lama,2025,brimo,layan lama,-1,negatif
Angelina Namatukan,"makan uang trlalu banyak, ditanya maintenance atau tidak tidak ada jawaban. Stop pake bri Kenapa kalau mau transfer selalu muncul notifkasi bertuliskan ""demi keamanan dan kenyamanan pastikan untuk menutup aplikasi lainnya terlebih dahulu, setelah itu lanjut untuk membuka brimo lagi untuk melanjutkan transaksimu"" padahal tidak lagi buka aplikasi lain, hanya buka brimo saja. Ribet",2025,brimo,makan uang trlalu maintenance tidak tidak stop pakai bri transfer muncul notifkasi tulis aman nyaman pasti tutup aplikasi buka brimo lanjut transaksi tidak buka aplikasi buka brimo ribet,1,positif
Mkhoirulanam Anam,kok makin lemot ya masuknya,2025,brimo,lama masuk,-1,negatif
Risna Guslan,"knp bkyak sekali ikan nya muncul,menganggu buat saya",2025,brimo,bkyak ikan munculmenganggu,0,netral
Maurits Bayuwarta,saya kecewa dengan bank bri karena telah kehilangan uang saya. cukup sudah pakai bri,2025,brimo,kecewa bank bri hilang uang pakai bri,-1,negatif
Ahmad Yusuf,BRI sekarang kebanyakan kendala,2025,brimo,bri banyak kendala,-1,negatif
Paolo Maldini,tidak bisa di daftar 😒,2025,brimo,tidak bisa daftar,0,netral
Iren Gani,pake qris udh saldonya kepotong trus transaksinya gagal,2025,brimo,pakai qris saldo potong transaksi gagal,-1,negatif
Titin Fatimah,ini brimo kenapa gabisa di buka malah ada tulisan selesaikan dulu telepon anda. maksudnya apa ?? sama ada tulisan akun di batasi sementara demi keamanan,2025,brimo,brimo tidak bisa buka tulis selesai telepon maksud tulis akun batas aman,1,positif
Ivon Oktober,knp ga bisa isi shopeepay... apa LG gangguan,2025,brimo,tidak bisa isi shopeepay ganggu,-1,negatif
irma Wati,"kenapah sy tidak bisa menulis simbol di bagiyan usernem,jika sprt itu bukankah saya jadi tidak bisa masuk membuka aplikasi brimo... ...",2025,brimo,kenapah tidak bisa tulis simbol bagiyan usernemjika sprt tidak bisa masuk buka aplikasi brimo,0,netral
Putra Dhawy,tidak bisa log in. ketika log in apk mengatakan kalau ada masalah di jaringan data. kalau memang masalah nya itu kenapa saya bisa buka PlayStore saat ini? dan saya sudah mengirim laporan lewat email ujung nya di suruh melapor ke Sabrina di whatsapp. sudah melapor di Sabrina di whatsapp kok malah di nyatakan saya belum mempunyai akun? kalau seperti ini terus lebih baik pindah ke nasabah lain saja. terlalu banyak kerusakan yang merugikan pengguna di apk ini dan sangat lama di tangani.,2025,brimo,tidak bisa log in log in aplikasi jaring data bisa buka playstore kirim lapor email ujung suruh lapor sabrina whatsapp lapor sabrina whatsapp nyata akun pindah nasabah rusa rugi guna aplikasi sangat lama tangan,-1,negatif
ARLIAN 01,"jelek saat langkah terakhir bikin pin selalu kesalahan sistem, apa2 an anjirrr udah 3 hari bikin ngak jadi2",2025,brimo,jelek langkah pin salah sistem an anjirr ngak,-1,negatif
ARY Kelitih,gampang bet eror,2025,brimo,gampang bet error,-1,negatif
Hujan Api,"bri ga jelas,, transaksi gak masuk uang di potong. pergi ke cabang malah ga di layani.. di telp susah nunggu sampai habis pulsa",2025,brimo,bri tidak transaksi tidak masuk uang potong pergi cabang tidak layan telp susah nunggu habis pulsa,-1,negatif
Junaidi,pelayanannya buruk sekali,2025,brimo,layan buruk,-1,negatif
40_Aryo musi Rahadi,kalo maintance adain pemberitahuan dlu dong,2025,brimo,maintance adain pemberitahuan,0,netral
Liu Liu,uang 900k tiba tiba hilang,2025,brimo,uang k hilang,0,netral
Justin Holland,"bank yg tdk bertanggung jawab, transaksi d proses tapi tdk prnh kembali ke saldo",2025,brimo,bank tidak tanggung transaksi proses tidak prnh saldo,0,netral
The Host,"Kenapa proses transfernya lama sekali woy,mana gagal teruss lagii astagaa",2025,brimo,proses transfer lama woymana gagal teruss lagi astagaa,-2,negatif
rollalea lindo,"telpn pengaduan dpt antrian pertama namun disuruh menunggu, setelah menunggu lama tidak juga ada respon, hanya iklan khas bri, masih juga ditunggu sampai kehabisa pulsa tidak juga ada respon! begitupun chat, disuruh menunggu sebentar, menunggu dari jam 2 baru di bls jam 9! beginikah pelayanan bank milih negara?",2025,brimo,telpn adu dpt antri suruh tunggu tunggu lama tidak respon iklan khas bri tunggu kehabisa pulsa tidak respon chat suruh tunggu sebentar tunggu jam bls jam layan bank milih negara,-1,negatif
Aan Terjal,aplikasi udah enak bikin gampang gak ada admin tapi kenapa sekarang top up gopay driver sekarang kena admin padahal dari dulu gak ada admin,2025,brimo,aplikasi enak gampang tidak top up gopay driver kena tidak,1,positif
Desfi Ida,"sekarang2 ini sering login baru salah password 1x langsung blokir dgn keterangan salah sudah 3x, pdhl blm 3x",2025,brimo,login salah password langsung blokir terang salah,0,netral
Graka Athallah,"ini siap update kok malah jelek sih, periksa sinyal mulu.setiap mau bayar sinyal pasti nge drop",2025,brimo,update jelek periksa sinyal mulusetiap bayar sinyal nge drop,-1,negatif
Surya hadiningrat,aplikasi sering eror,2025,brimo,aplikasi error,-1,negatif
Anggun Manik,"tll jiir, verifikasi KTP nya error mulu",2025,brimo,tll jiir verifikasi ktp error,-1,negatif
Dhito agiyan saputra,"bank gila udah customer service lemot, pelayanan gajelas bener bener bad attitude potongan banyak, dipaksa asuransi padhal gamau tetep aja dipotong, badd banget pelayanannya, ditambah apk brimo yang gajelassss",2025,brimo,bank gila customer service lama layan tidak bad attitude potong paksa asuransi padhal gamau tetep potong badd banget layan tambah aplikasi brimo gajelass,-1,negatif
Pa'Rd,nelpon cs bri di 1500017 suruh nunggu ama bagian csnya udah nunggu 25 mneit lebih ga ada jawaban lagi . sampe pulsaku 50rb habiiis .. ya Allah itu pulsa buat beli beras dpt 5 liter .. tega bgt BRI ktnya bank rakyat tp nyengsarain rakyat,2025,brimo,nelpon customer service bri suruh nunggu ama csnya nunggu mneit tidak pulsa ribu habiis allah pulsa beli beras dpt liter tega banget bri ktnya bank rakyat nyengsarain rakyat,0,netral
Setia Teratai,kenapa sya tidak bisa login.. ada perbaikan terus munculnya..,2025,brimo,sya tidak bisa login baik muncul,1,positif
Mang Atee,"Kayanya orang kismin dilarang punya brimo, knapa karna mau masuk aplikasi aja hasil hosport dari orang gag bisa buka brimo dikarenakan baru verikasi user name, jadi pas mau masuk ada tulisan DATA ANDA BELUM DIAKTIFKAN JADI INTINYA ORANG MISKIN JANGAN HARAP BISA MEMILIKI APLIKASI BRIMO,",2025,brimo,kaya orang kismin larang brimo knapa masuk aplikasi hasil hosport orang gag bisa buka brimo verikasi user name cocok masuk tulis data aktif inti orang miskin harap bisa milik aplikasi brimo,0,netral
ImaginationRocket,"panggilan bebas pulsa menunggu lama ttp tdk ada yg melayani ,berulang ulang seperti itu",2025,brimo,panggil bebas pulsa tunggu lama tidak layan ulang ulang,-1,negatif
Rian Bais,uang hilang hubungin teller BRI juga lebih banyak makan pulsa dari pada jawaban nya kebiasaan BRI gak jelas keuangan kita,2025,brimo,uang hilang hubungin teller bri makan pulsa biasa bri tidak uang,0,netral
Tiara Febriani,ga bisa log in hoeee... sangat buruk so sad,2025,brimo,tidak bisa log in hoee sangat buruk so sad,-1,negatif
Khoirul Huda,kenapa apk brimo sekarang tidak bisa di gunakan lagi,2025,brimo,aplikasi brimo tidak bisa,0,netral
Maya Aulia,Penanganan Custoumer service nya lambat. udah abis pulsa 30ribu nelpon masih juga gak jelas penanganannya,2025,brimo,tangan custoumer service lambat abis pulsa ribu nelpon tidak tangan,-1,negatif
boonsskyyy,"mau daftar akun gabisa, customer service lelet bgt",2025,brimo,daftar akun tidak bisa customer service lelet banget,0,netral
Kadek Cahyadi,"saya melakukan top up GO-PAY hampir 3 hari belum masuk, cek aktivitas masih proses,sedangkan memakai M-banking lain 1 detik langsung masuk apalagi transaksi tidak bisa di batalkan, menyebabkan uang saya tidak bisa di gunakan mohon segera di perbaiki layanannya",2025,brimo,top up gopay masuk cek aktivitas prosessedangkan pakai mbanking detik langsung masuk transaksi tidak bisa batal sebab uang tidak bisa mohon baik layan,2,positif
Riyan Ariyo,"Aplikasi aneh habis update terus bertransaksi, malah gagal tapi saldo tetep kepotong udah laporan tpi di proses terus",2025,brimo,aplikasi aneh habis update transaksi gagal saldo tetep potong lapor proses,-1,negatif
Hendry Sihombing,Aplikasi aneh.. menghambat urusan orang. mau transaksi cepat malah ga bisa dibuka aplikasinya. aneh.,2025,brimo,aplikasi aneh hambat urus orang transaksi cepat tidak bisa buka aplikasi aneh,1,positif
Ervan,"aplikasi bank paling buruk, ngilangin uang nasabah terus, solusi nya cuma minta maaf !!",2025,brimo,aplikasi bank buruk ngilangin uang nasabah solusi maaf,-1,negatif
MOHAMMAD HUDAN BUDAYA ARDIANSYAH,"Versi 2.89 sampek update 2.90 tetep gak bisa simpan fast menu, setelah brimo ditutup kembali fast menu bawaan brimo, berikutnya tolong d perbaiki pada waktu salin dan tempel nomor rekening spasi di nomor rekening dihilangkan jadikan nomor panjang tanpa spasi",2025,brimo,versi sampek update tetep tidak bisa simpan fast menu brimo tutup fast menu bawa brimo tolong baik salin tempel nomor rekening spasi nomor rekening hilang jadi nomor spasi,1,positif
Boozen TV,"udah 2 kali ini transaksi gagal tapi saldo berkurang, kecewa berat udh nyari uang susah duit entah ilang kemana",2025,brimo,transaksi gagal saldo kurang kecewa berat nyari uang susah uang ilang mana,-3,negatif
sahril armin,"saldo kepotong kaga jelas, padahal transaksi gagal, aplikasinya tempat menyimpan atau mau mencuri dengan gaya, saya call semua cuman di ulang² aja kata² itu mulu",2025,brimo,saldo potong kaga transaksi gagal aplikasi simpan curi gaya call cuman ulang,-1,negatif
Eko Dwi Prasetyo,"call center slow respon,pulsa reguler habis 100rb,layananan contact gratis brimo juga disuruh ke telpon biasa tapi habis pulsa disuruh menunggu dan menunggu,tolong yang fast respon 🙏",2025,brimo,call center slow responpulsa reguler habis rblayananan contact gratis brimo suruh telpon habis pulsa suruh tunggu menunggutolong fast respon,0,netral
kiano atmajaya,"ini aplikasi sampah, bank lain bisa daftar lewat online rapi ini bank negara busuk banget aplikasi nya ganguan terus dan harus di suruh kebank hanya untuk mendaftar kan brimo.",2025,brimo,aplikasi sampah bank bisa daftar online rapi bank negara busuk banget aplikasi ganguan suruh bank daftar brimo,0,netral
Anwar Rull,"ada apa ini,? kok aplikasi mendadak terhenti saat mau login dengan sidik jari",2025,brimo,aplikasi dadak henti login sidik jari,0,netral
Lala Po,"setelah update tidak bisa login ke aplikasi,, kecewa",2025,brimo,update tidak bisa login aplikasi kecewa,-1,negatif
RIDHA AMALIA,brimo sekarang selalu tertahan uang.kecewa sih. 2 kli setor tunai hilang 50 dan top up dana 100 ribu tertahan sdh d ajukan TPI prosesnya lama kmbali uang.,2025,brimo,brimo tahan uangkecewa kli setor tunai hilang top up dana ribu tahan aju proses lama kmbali uang,0,netral
andik yana,"biaya notifikasi di bebankan ke pemilik aplikasi, terlalu perhitungan aplikasi ini, satu notifikasi 750, setiap hari selalu dpat notifikasi,,🤦‍♀️🤦‍♀️ Lebih enak aplikasi Bank Swasta",2025,brimo,biaya notifikasi beban milik aplikasi hitung aplikasi notifikasi dpat notifikasi enak aplikasi bank swasta,0,netral
Nurul Apriliani Khafita,proses lama,2025,brimo,proses lama,-1,negatif
Prema Anang,"tidak bisa login dengan alasan ""periksa koneksi internet""padahal sinyal sudah bagus, tolong segera diperbaiki!",2025,brimo,tidak bisa login alas periksa koneksi internetpadahal sinyal bagus tolong baik,2,positif
Freedom xlm,"Makin kesini kok makin sering error ini...saat melakukan transaksi muncul notif tunggu beberapa saat, kalau gak gitu demi keamanan silahkan selesaikan panggilan tlp. Makin dipersulit",2025,brimo,kesini error inisaat transaksi muncul notif tunggu tidak gitu aman silah selesai panggil tlp sulit,-1,negatif
Aulia Rahman,"aplikasi aneh, udh beberapa hari brimo nggk bisa di buka, aplikasi rusak...bank2 lain aplikasinya semakin baik ini malah makin buruk pelayayanannya....mendingan pindah bke bank lain....!!! kepuasan semakin menurun...!!",2025,brimo,aplikasi aneh brimo tidak bisa buka aplikasi rusakbank aplikasi buruk pelayayanannyamendingan pindah bke bank puas turun,0,netral
Muhammad Akbar Maulana,"MENDING HAPUS AJA LAYANAN CALL CENTER LU, MAU BEBAS PULSA ATAU PAKE PULSA CS GAK ADA YANG ANGKAT. BANK TOLOL",2025,brimo,mending hapus layan call center bebas pulsa pakai pulsa customer service tidak angkat bank tolol,0,netral
Agung Nugroho Setyo Pamungkas,buka rekening gagal terus,2025,brimo,buka rekening gagal,-1,negatif
Nuav Hanafi,sering mengalami bug koneksi. koneksi lancar tetapi di aplikasi gagal koneksi mulu.,2025,brimo,alami bug koneksi koneksi lancar aplikasi gagal koneksi,0,netral
Dimas Kusuma,mau daftar rekening online tulisanya disuruh ke kantor terdekat ampas banget,2025,brimo,daftar rekening online tulisanya suruh kantor dekat ampas banget,0,netral
miftah ratna,"susahnya mau daftar brimo.. baru satu kali masukin nomer, mau ganti nomer sudah ngak bisa.. payah banget.. yang harus di privasi kan harusnya rekening, bukan malah susah kek gini",2025,brimo,susah daftar brimo masukin nomer ganti nomer ngak bisa payah banget privasi rekening susah kek gin,-2,negatif
モートキ志位,kenapa sinyal tidak stabil padahal jaringan bagus untuk huat yang lain bagus lancar saja giliran mau melakukan transaksi koneksi tidak setabil setelah saya update,2025,brimo,sinyal tidak stabil jaring bagus huat bagus lancar gilir transaksi koneksi tidak setabil update,4,positif
ADI KURNIAWAN,"akhir"" bikin susah brimo ,banyak gangguan,,saya transaksi briva status sedang di proses udah 1 minggu belum berhasil",2025,brimo,susah brimo gangguansaya transaksi briva status proses minggu hasil,-1,negatif
Ivan Kharisma Putra,ada layanan bebas pulsa (menggunakan internet) tapi percuma. saya coba berkali² selalu gagal.,2025,brimo,layan bebas pulsa internet coba kali gagal,-1,negatif
Grady Graha,"benerin dulu itu aplikasi, pengajuan masalah ga bisa, tiap telpon via brimo bermasalah, CS nya ama respon, terus sesi login brimonya habis, padahal lagi posisi standby call, aplikasi suka kepental tiba""",2025,brimo,benerin aplikasi aju tidak bisa telpon brimo masalah customer service ama respon sesi login brimonya habis posisi standby call aplikasi suka pental,0,netral
Rochmat Supriyanto,"BRImo sekarang kurang Akurat,mau Login saja nggak bisa,padahal sudah saya tutup Aplikasi yang berjalan,terpaksa saya kurangi Bintang nya",2025,brimo,brimo kurang akuratmau login tidak bisapadahal tutup aplikasi berjalanterpaksa kurang bintang,0,netral
M jusron Alkatiri,daftar doang susah amat balik lagi balik lagi nyamoe 8 kali ngisi pormulirnya.,2025,brimo,daftar susah nyamoe ngisi pormulirnya,-1,negatif
Gyan Gardhika Herman,saat lagi dibutuhkan kenapa selalu ada maintanance sistem nya,2025,brimo,butuh maintanance sistem,0,netral
Greshnik YT,"Makin aneh aja, Gak bisa login, pas login minta verifikasi kedipan mata, Ampe sakit nih mata cuma buat itu doang, ujung² nya malah gak bisaaaaa",2025,brimo,aneh tidak bisa login cocok login verifikasi kedip mata ampe sakit mata ujung tidak bisaa,0,netral
Nyono,brimo saya banyak mengalami kegagalan semenjak di tipu orang di Instagram melalui promosi yg sama logo dgn BRI,2025,brimo,brimo alami gagal semenjak tipu orang instagram promosi logo bri,-1,negatif
Irwann 019,aneh banget. masa login harus pake paket data internet dari nomor yang didaftarkan. ribet banget.,2025,brimo,aneh banget login pakai paket data internet nomor daftar ribet banget,-1,negatif
Agraj Cell,mutasi lelet banget,2025,brimo,mutasi lelet banget,0,netral
Andy Moo,potongan gk wajar..tiba² ad aja potongan sendiri,2025,brimo,potong tidak wajartiba ad potong,0,netral
Ryo Kndoalmng,aplikasi yang tidak masuk akal semua jadi masalah pada hal nickname dan pasword sudah betul malah di bilang salah😡,2025,brimo,aplikasi tidak masuk akal nickname pasword bilang salah,0,netral
SYAWAL BONE,"apk ini tidak mau login klw bukn pake wifi klau pake data seluler tulisannya Koneksi internetmu kurang baik Periksa kembali koneksi internet dengan cek ulang paket data,wifi dan jaringan mu,. padahal apalikasi lain lancar hanya brimo yg tidak bisa",2025,brimo,aplikasi tidak login klw bukn pakai wifi klau pakai data seluler tulis koneksi internetmu kurang periksa koneksi internet cek ulang paket datawifi jaring mu apalikasi lancar brimo tidak bisa,1,positif
Halim Perdana,"eror mulu mau tf ke dana gabisa dengan alasan harus menutup aplikasi lain ,padahal ga lagi buka aplikasi apa apa ,,kecewa banget",2025,brimo,error transfer dana tidak bisa alas tutup aplikasi tidak buka aplikasi kecewa banget,-2,negatif
Gabriel Rumbrawer,"tolong untuk perbarui paket internet di Brimo, karna saya beli paket 35 yg masuk 17 GB ???",2025,brimo,tolong baru paket internet brimo beli paket masuk gb,0,netral
Renita Agustin,"tolong ini udh berapa kali saldo saya kepotong tapi transaksi nya masih diproses, alhasil jadi bayar 2x, komplain pun no respon",2025,brimo,tolong saldo potong transaksi proses alhasil bayar komplain no respon,0,netral
Anjas Aja,aplikasi aneh rekening masi ada saldonya kok bisa keblokir giliran tanya ke cs jawabannya ga membantu sama sekali tidak cocok untuk dijadikan pilihan,2025,brimo,aplikasi aneh rekening mas saldo bisa blokir gilir customer service jawab tidak bantu tidak cocok jadi pilih,0,netral
destiana trinanda,"tidak bisa login karna verivikasi nomor hp sudah gak akttif, parah banget reson nya gak ada, bener bener parah gak ada respon",2025,brimo,tidak bisa login verivikasi nomor handphone tidak akttif parah banget reson tidak parah tidak respon,-2,negatif
Abdul Rochim32,"setelah update jaringan internet full paketan full, masa login tidak bisa dgn notif koneksi internet kurang baik? buat login malah gak bisa",2025,brimo,update jaring internet full paket full login tidak bisa notif koneksi internet kurang login tidak bisa,0,netral
Moto VlogNdezo,jaringan selalu dlm kendala,2025,brimo,jaring dlm kendala,-1,negatif
09. Bunga Indah Pertiwi,"ada eror , beli kuota katanya transaksi gagal tapi saldo ketarik dan setelah 24 jam nggak di balikin. pas ku cek di history nggak kedetect sebagai gagal dan pas ku cek kuota ku cuman masuk 1 kali padahal transaksi gagal 3 kali. nggak bisa ngajuin aduan, customer service gaguna nggak ngasih solusi sama sekali. apk nya padahal nyaman nyaman aja tapi kalo dah kepangkas 150 k gini siapa yang nggak kesel coba",2025,brimo,error beli kuota transaksi gagal saldo tarik jam tidak balikin cocok ku cek history tidak kedetect gagal cocok ku cek kuota ku cuman masuk transaksi gagal tidak bisa ngajuin adu customer service gaguna tidak ngasih solusi aplikasi nyaman nyaman pangkas k gin tidak kesel coba,-2,negatif
Jooz coll,aplikasi sering troble,2025,brimo,aplikasi troble,0,netral
arman musa,"Saya kasi bintang 1 saja, sekarang brimo tambah menyusahkan. Mau aktifasi status finansial saja susahnya minta ampun. Hari ini jam 15.00 brimo saya masih bisa transaksi, namun setelah dana dari rekening saya yg satu saya pindahkan ke rekening utama dgn maksud untuk mempermudah malah status finansialnya tdk aktif padahal sebelumnya lancar lancar saja. Tolong dr pihak brimo tuk memperbaiki error ini karena d tempatku ATM jauh",2025,brimo,kasi bintang brimo susah aktifasi status finansial susah ampun jam brimo bisa transaksi dana rekening pindah rekening utama maksud mudah status finansial tidak aktif lancar lancar tolong brimo tuk baik error tempat atm,1,positif
ghilang pranata,"parah kebanyakan aturan BRIMO skrg , sampe sampe gak bisa dibuka aplikasinya , jelek , ujung ujung gua pindah aja ke Bank Lain , bikin jengkel sumpah !!!!",2025,brimo,parah banyak atur brimo tidak bisa buka aplikasi jelek ujung ujung pindah bank jengkel sumpah,-2,negatif
Bang Kumis,ini kenapa brimo saya tiba2 saja gak bisa liat saldo dan gak bisa digunakan lagi katanya masalah jaringan padahal jaringan normal,2025,brimo,brimo tidak bisa liat saldo tidak bisa jaring jaring normal,0,netral
AGUS SUTARNO,brimo kebanyakan loadingnya beda sama livin sat set,2025,brimo,brimo banyak loadingnya beda livin sat set,0,netral
Ajiva rizky ramadhan,"HATI HATI GUYS, GANGGUAN-GANGGUAN SAAT TRANSFER BISA NYEDOT SALDO JUGA",2025,brimo,hati hati guys gangguangangguan transfer bisa nyedot saldo,0,netral
Alfarizi Iji,"kenapa ya kalau saya daftar akun brimo nggak pernah bisa padahal no hp sama email pas dan ketika sudah perifikasi KTP langsung kembali ke menu awal ini saya mau daftar biar bisa mantau saldo,,saldo saya sering berkurang banyak tapi setiap daftar nggak pernah bisa",2025,brimo,daftar akun brimo tidak bisa no handphone email cocok perifikasi ktp langsung menu daftar bisa mantau saldosaldo kurang daftar tidak bisa,0,netral
Dika Aka,mempersulit bukan mempeemudahan mau daftar aja pinnya pakaisalah,2025,brimo,sulit mempeemudahan daftar pin pakaisalah,-1,negatif
Syaiful Sya'ban,stor tunai hilang di BRI. kacauu....,2025,brimo,stor tunai hilang bri kacauu,0,netral
Dicky M Y,tolong lah pindah hp aja mau log in gagal terus sudah ke cs sampai ke kantor cabang gak bisa ribet banget,2025,brimo,tolong pindah handphone log in gagal customer service kantor cabang tidak bisa ribet banget,-2,negatif
dimas dwii,sering force close dan sering banyak bug ketika mau dibuka,2025,brimo,force close bug buka,-2,negatif
Jonathan Friendly,kenapa ganti no HP yang tidak aktif di brimo sangat ribet. di ATM juga ga bisa harus ke kantor. mau ganti aja di persulit. masa kalah sama bank swasta. perbaiki bang,2025,brimo,ganti no handphone tidak aktif brimo sangat ribet atm tidak bisa kantor ganti sulit kalah bank swasta baik kakak,-1,negatif
Wiwin Jih,padahal jaringn bagus tapi gak bisa login. parah ini mah,2025,brimo,jaringn bagus tidak bisa login parah mah,0,netral
Garam Madu,uang tiba tiba hilang aplikasi aneh,2025,brimo,uang hilang aplikasi aneh,0,netral
Saptoadi2005 Cahyono,bank rampok indonesia tiap hari dapet potongan admin ngga logis,2025,brimo,bank rampok indonesia dapet potong tidak logis,0,netral
Jamal Sral,"bank paling bermasalah, bayar pake QR saldo sudah di potong tapi tidak masuk salsonya ke penjual, sudah di ajukan pengaduan, sudah nunggu sebulan tapi saldo tidak dikembalikan, sangat kecewa sama bank BRI, bank paling ga ngotak.",2025,brimo,bank masalah bayar pakai qr saldo potong tidak masuk salsonya jual aju adu nunggu bulan saldo tidak kembali sangat kecewa bank bri bank tidak ngotak,-2,negatif
Mic Joezy,Banyak + rawan gangguan,2025,brimo,rawan ganggu,-1,negatif
M Ridwan Zaenabie,"kalo di pikir2 ribet juga stelah update,,kontak layanan di aplikasi brimo ga bisa di gunakan,sy komplen ga bsa bebas pulsa lagi,dan akhirnya mengalah isi pulsa buat bisa nlp ke layanan 1500017,,terus lama banget malah di kasih dengerin musik,udah 10 menit ga tersambung2,,dan akhir nya pulsa abis,,klo udah gini kyanya hrus siap2 buat pindah ke bank bca klo gni.. mksh bri udah menemani sy bertahun2,sekarang saat nya pindah bank..",2025,brimo,pikir ribet stelah updatekontak layan aplikasi brimo tidak bisa gunakansy komplen tidak bsa bebas pulsa lagidan kalah isi pulsa bisa nlp layan lama banget kasih dengerin musikudah menit tidak sambung pulsa abisklo gin kyanya hrus pindah bank bca gni mksh bri tani tahun pindah bank,-2,negatif
Adhi Kusumo Santoso,"tolong diperbaiki aplikasinya. saya pakai android 15, baru mau buka aplikasi langsung force closed. sudah 2 hari ini",2025,brimo,tolong baik aplikasi pakai android buka aplikasi langsung force closed,0,netral
khoerr shonten,tidak bisa log in karna no hp sudah gak aktif,2025,brimo,tidak bisa log in no handphone tidak aktif,0,netral
Honda Honda,aplikasi apaan ini.... habis pembaruan malah gak bisa masuk......mana ada transaksi lagi.....,2025,brimo,aplikasi habis baru tidak bisa masukmana transaksi,0,netral
Bela Agustina,"Knpa apk punyaku tiba² gabisa login, sudah reset username sama pasword pke no rekening dan nma orang tua, mlah ktanya tidak ada data di brimo",2025,brimo,knpa aplikasi punya tidak bisa login reset username pasword pakai no rekening nma orang tua mlah ktanya tidak data brimo,0,netral
Indah Fitriani,oke,2025,brimo,oke,0,netral
Agus Putra,pdhl data diri sesuai tpi selalu gagal,2025,brimo,data sesuai gagal,-1,negatif
Nurjana Rohmatila,"pelayanan buruk, butuh ny kapan bisa ny kapan, otw ganti bank",2025,brimo,layan buruk butuh ny bisa ny otw ganti bank,-1,negatif
ReviewMod Channel,ini aplikasi yang eror ? masa transaksi masuk ada notif saldo tdk nambahh,2025,brimo,aplikasi error transaksi masuk notif saldo tidak nambahh,-1,negatif
TBI3_Roni Hidayat,"ga jelas skrng bri nih,mo ambil uang di ATM malah ga bisa ,bacot Mulu",2025,brimo,tidak skrng bri nihmo ambil uang atm tidak bisa bacot,0,netral
Anom Satrio Wibowo,sekarang kualitasnya jelek,2025,brimo,kualitas jelek,-1,negatif
aqun selleb channel,jarang dipake update mulu,2025,brimo,jarang dipake update,0,netral
Achmad Pramuja,"ni brimo kocak amat dah, pengen daftar aja susah bgt, kode OTP nya gapernah dikirim kirim udh 2 hari diulang ulang tetep aja",2025,brimo,brimo kocak ken daftar susah banget kode one time password gapernah kirim kirim ulang ulang tetep,-1,negatif
SitiNur Ajijah,"kenapa saya setiap mau bayar pake Qris sellu gabisa ya kaya ga kebaca gituu?aneh apanya yang salah ya,mohon dijawab dong,udh muak bgt soalnya",2025,brimo,bayar pakai qris sellu tidak bisa kaya tidak baca gituuaneh apa salah yamohon dongudh muak banget,0,netral
Kamal Fawzi,"apakah seperti ini pelayanan CALL CENTER BRI ?! saya sudah lama menunggu untuk menelepon, sudah keluar pulsa 14rb lebih hanya untuk menunggu, ketika terhubung CENTER pura2 tidak mendengar pembicaraan, saya sangat kecewa, sudah laporan di pusat bantuan juga lama sekali feedback nya, tolong perbaiki lagi pelayanan BRI",2025,brimo,layan call center bri lama tunggu telepon pulsa ribu tunggu hubung center pura tidak dengar bicara sangat kecewa lapor pusat bantu lama feedback tolong baik layan bri,-2,negatif
Mustafa,transaksi gagal tapi saldo terpotong sudah 2 minggu belum balik saldonya,2025,brimo,transaksi gagal saldo potong minggu saldo,-1,negatif
Nanda Putra,top up dana susahnya minta ampun,2025,brimo,top up dana susah ampun,0,netral
Aldi Men,"apk nggk jelas,semua nya di persulit liat no rek kita aja nggk bisa",2025,brimo,aplikasi tidak jelassemua sulit liat no rekening tidak bisa,-1,negatif
Ryan Yustiano,"aplikasi kacau call center gabisa, tidak seperti bank swasta yang bisa call via aplikasi, memang bank bumn perlu dirombak team it.nya sudah kirim laporan ke brimo g ad jwaban tiba2 diclose aja laporanya, call center g ad yang jawab. bri kacau",2025,brimo,aplikasi kacau call center tidak bisa tidak bank swasta bisa call aplikasi bank bumn rombak team itnya kirim lapor brimo tidak ad jwaban diclose laporanya call center tidak ad bri kacau,0,netral
andi utomo,"bank yg pelayanan gak pernah memuaskan nasabahnya, lambat banyak cengkuneknya, sistem klen yg error kami nasabah disuruh nunggu seminggu lebih itu pun belum kelar kalo gak gara gara gajiku dari sini aja, gak mau aku makek klen lagi ya BRI",2025,brimo,bank layan tidak muas nasabah lambat cengkuneknya sistem klen error nasabah suruh nunggu minggu kelar tidak gara gara gaji tidak makek klen bri,-2,negatif
deden maulana,"brimo,, BRIZZI ga pernah bener sistem sering eror gk pantes potongan mahal klw sistem buruk",2025,brimo,brimo brizzi tidak sistem error tidak pantes potong mahal klw sistem buruk,-2,negatif
Rudi bastian,ga aman nyimpen uang di sini masa pembayaran qris ggal tpi saldo tiba2 kepotong anehh,2025,brimo,tidak aman nyimpen uang bayar qris ggal saldo potong anehh,1,positif
Abdi Persada,"appnya msh aja ngaco,udah pake wifi. device yg login ke wifi cuma hp ini utk login brimo,ehh malah gak ada koneksi.streaming youtube aja lancar,malah utk koneksi ke app gak ada koneksi.kan ngaco",2025,brimo,appnya msh ngacoudah pakai wifi device login wifi handphone login brimoehh tidak koneksistreaming youtube lancarmalah koneksi aplikasi tidak koneksi ngaco,0,netral
Yanuaris Bere,makin bagus aplikasi nya😂,2025,brimo,bagus aplikasi,1,positif
Riyan Viaa,koneksi internet tidak tersedia padahal wifi saya nyala pake data saya pun ada Gimana ini saya mau kirim uang ke keluarga,2025,brimo,koneksi internet tidak sedia wifi nyala pakai data kirim uang keluarga,0,netral
Ocim,"udah ada WA sama email, malah minta verifikasi sms. Udah gak jaman kali. jaman udah berkembang serba internet kok masih mempertahankan sms. Aneh, kalah sama bank lain",2025,brimo,wa email verifikasi pesan tidak jaman jaman kembang serba internet tahan pesan aneh kalah bank,0,netral
Jefri Paul Natara,Mengapa potongan Bank tidak ada dalam mutasi transaksi. Apa sengaja bikin emosi kah?,2025,brimo,potong bank tidak mutasi transaksi sengaja emosi kah,0,netral
Dian nurllita,"parah banget penanganan masalahnya, call centernya lama bangettttt ga gesitt nelpon suruh nunggu 1-3 menit sampe 15menit ga ada kejelasan tbtb langsung dimatin tlpn kaco sih gila.",2025,brimo,parah banget tangan call centernya lama bangett tidak gesitt nelpon suruh nunggu menit menit tidak jelas tbtb langsung dimatin tlpn kaco gila,-2,negatif
Sogun raider98,memang kacau ni apk udah saldo kepotongan tiap Minggu melakukan penarikan pun banyak gangguan...,2025,brimo,kacau aplikasi saldo potong minggu tari ganggu,-1,negatif
Willy Naspa,sering bug. kirim saldo gagal langsung terpotong dan sangat lama proses pengembaliannya. sangat kecewa,2025,brimo,bug kirim saldo gagal langsung potong sangat lama proses kembali sangat kecewa,-3,negatif
Lukman Nulhakim,saya bayar qris transaksi gagal coba 4 kali tapi saldo terpotong. parah emanv,2025,brimo,bayar qris transaksi gagal coba saldo potong parah emanv,-2,negatif
Steven Kosasih,Bank paling kacau yang pernah ada saya punya saldo 10.000 mau di depositin di salah satu exchange crypto EH GABISAA padahal nominal yang saya masukin pas dan juga ga ada biaya tambahan tertera di situ jadi tolong di perbaiki karena ini sangat membingungkan dan MERUGIKANN!!!,2025,brimo,bank kacau saldo depositin salah exchange crypto eh gabisaa nominal masukin cocok tidak biaya tambah tera situ tolong baik sangat bingung merugikann,0,netral
luwak gaming,"face id tidak bisa digeser ,biometrik aktif",2025,brimo,face id tidak bisa geser biometrik aktif,0,netral
ahmad fauzi,"Sudah ganti nomor di CS, gilliran lupa username kirim kode otp nya ke nomor lama. gimana mau login kalau begini?",2025,brimo,ganti nomor customer service gilliran lupa username kirim kode one time password nomor lama login,-1,negatif
Kuha'e Mellasso,"UPDATE"" SERTA MO LOGIN NYA MO TA LOGIN😡",2025,brimo,update mo login mo ta login,0,netral
Deni Rahman,katanya mudah bikin brimo harus lanjut ke bri terdekat,2025,brimo,mudah brimo bri dekat,1,positif
ikal rezal,"pihak BRI..tolong perbaiki masalah aplikasi brimo yang tidak bisa mengecek transaksi pengeluaran dan pemasukan, ini sudah berlangsung beberapa hari.. trims!!",2025,brimo,britolong baik aplikasi brimo tidak bisa ecek transaksi keluar pasu trims,1,positif
Venina Sianturi,"brimo sekarang lucu, orang gak sedang melakukan panggilan tp disuru akhiri panggilan biar bisa buka brimo",2025,brimo,brimo lucu orang tidak panggil disuru panggil bisa buka brimo,0,netral
Tribhuana Juwita Anisah Whardani,kenapa hari ini brimo tidak bisa di buka,2025,brimo,brimo tidak bisa buka,0,netral
IIN Iinrosmawati,kecewa sekalih buruk sekali,2025,brimo,kecewa kalih buruk,-2,negatif
Ismail Mail,daftar di cs ttp hrus foto KTP d hp,2025,brimo,daftar customer service hrus foto ktp handphone,0,netral
B_Andi Azzalsa Trisamelodi,"jelek, bisa bisanya ada tanda transaksi gagal, kemudian beberapa jam kemudian saldo jadi berkurang. saya coba pakai ebankinh lain bisa, brimo tidak, sekalinya sejam kemudian transaksi gagal itu berhasil, saldo saya terpotong, gimana sihhhh",2025,brimo,jelek bisa bisa tanda transaksi gagal jam saldo kurang coba pakai ebankinh bisa brimo tidak sekali jam transaksi gagal hasil saldo potong sihh,-3,negatif
Dj Ttt,fitur lupa username tidak membantu,2025,brimo,fitur lupa username tidak bantu,0,netral
Heri Anto,susah banget daftarnya... udh pake nomor ini itu tetap aja gak bisa,2025,brimo,susah banget daftar pakai nomor tidak bisa,-1,negatif
Anggi Egi,bri aplikasi nya makin kesini gk jelas saldo kepotong tapi di aktivitas transaksi gagal.. gk bisa buat bukti klo pembayaran sukses notif ke email yang aktip dan terdaftar bamyak bug nya,2025,brimo,bri aplikasi kesini tidak saldo potong aktivitas transaksi gagal tidak bisa bukti bayar sukses notif email aktip daftar bamyak bug,-1,negatif
RISQI NANDA PRATAMA,"kebanyakan potongan ini itu 👎 nabung capek"" tapi Kebanyakan potongan",2025,brimo,banyak potong nabung capek banyak potong,0,netral
Teguhasmoro Bangun,saya kecewa. lebih 5X daftar alasanya nomor gak sesuai. apa yg bikin gak sesuai. nomor hp asli kok ribet.. apa karna saya di tengah hutan susah..?? rasanya gak bisa saya pake brimo.. kecewa banget..!!!!!,2025,brimo,kecewa daftar alasanya nomor tidak sesuai tidak sesuai nomor handphone asli ribet hutan susah tidak bisa pakai brimo kecewa banget,-4,negatif
Sendal Jepit,apk kok sering eror kocak,2025,brimo,aplikasi error kocak,-1,negatif
Princes Saragih,saya top up qris kenapa transaksi nya gagal tetapi saldo saya tetap berkurang yaa? tolong dong,2025,brimo,top up qris transaksi gagal saldo kurang tolong,0,netral
Taufik Hidayat,"Kenapa ini kenapa tiba gak bisa masuk, dengan alasan tolong matikan me i aksebilitas pada perangkat, tadi bisa tiba² udah gak bisa",2025,brimo,tidak bisa masuk alas tolong mati me i aksebilitas perangkat bisa tidak bisa,0,netral
Lorenzo Badai,saya coba install bebrapa kali di samsung note 10 lite tetapi selalu force close ketika di buka,2025,brimo,coba install bebrapa samsung note lite force close buka,-2,negatif
Agus Prayitno,"mutasi gak pernah ON TIME, setelah melakukan transaksi kita mau lihat mutasinya gak ada, harus nunggu setengah hari baru muncul. Ewallet aja setelah transaksi langsung muncul, sekelas bank malah lelet kalah sama ewallet.",2025,brimo,mutasi tidak on time transaksi lihat mutasi tidak nunggu muncul ewallet transaksi langsung muncul kelas bank lelet kalah ewallet,0,netral
Asy Asy,lyanan telfon tolong perbaiki 1 jam dalam antrian terus,2025,brimo,lyanan telfon tolong baik jam antri,1,positif
muh ali,sebelum nya sudah bagus tapi sekarang tidak bisa login sama sekali. apakah saya harus pindah bank?,2025,brimo,bagus tidak bisa login pindah bank,1,positif
Eko Yulianto,Selalu gagal buat transfer,2025,brimo,gagal transfer,-1,negatif
Agus Tini,GK bisa masuk,2025,brimo,tidak bisa masuk,0,netral
Rafael Fadhilah,"sudah kejadian dua kali hari ini. Saya mau baya QRIS tidak bisa, karena ada notif ""demi kenyamanan dan keamanan pembayaran mohon tutup aplikasi lain"", padahal saya tidak membuka aplikasi apapun. Juga ini hp sudah saya restart juga tetap tidak ada perubahan, aplikasi saya install ulang. Mohon segera ditindak lanjuti",2025,brimo,jadi baya qris tidak bisa notif nyaman aman bayar mohon tutup aplikasi tidak buka aplikasi apa handphone restart tidak ubah aplikasi install ulang mohon tindak lanjut,2,positif
Min,kenapa pas mau daftar ngga bisa. selalu muncul tulisan nomor tidak terdaftar. padahal norek baru diperbarui dengan nomor yang itu juga,2025,brimo,cocok daftar tidak bisa muncul tulis nomor tidak daftar norek baru nomor,0,netral
Janis Nb,pembayaran gagal.. saldo berkurang.. agak lain apk ini.. sudah 2hari belum ada kejelasan saldo nya.. ini sudah termasuk pencurian..,2025,brimo,bayar gagal saldo kurang aplikasi jelas saldo curi,-1,negatif
Ahmad Brezze Gofur BB,ada client TF ke saya belum masuk2🫩,2025,brimo,client transfer masuk,0,netral
Muhammad Zidan,eror mulu kerjaan lu kalo mau tf heran,2025,brimo,error kerja transfer heran,-1,negatif
arie harie,gak aman..sandi selalu berubah sendiri,2025,brimo,tidak amansandi ubah,0,netral
Alma Trianaa,"Tiba tiba tidak bisa log in , pasword salah Mulu sampe keblokir, sudah reset lupa username sama password pake nomor rekening dan nama orang tua, malah disuruh masukin password , kan pasword nya gak bisa di aplikasi brimo nya , ini juga mau reset paswrod , haduh bingung ama ini aplikasi",2025,brimo,tidak bisa log in pasword salah blokir reset lupa username password pakai nomor rekening nama orang tua suruh masukin password pasword tidak bisa aplikasi brimo reset paswrod haduh bingung ama aplikasi,-1,negatif
Cecep Qia,"cs live chat brimo gak ada ,,mau pengajuan susah bget ,,dari pagi trf ,proses Mulu,,apk kurang puas",2025,brimo,customer service live chat brimo tidak aju susah bget pagi trf proses muluapk kurang puas,0,netral
Dedi Priatna,ktp asli kenapa gabisa ya saha daftar,2025,brimo,ktp asli tidak bisa saha daftar,0,netral
Umar Soddin,"semula aplikasi ini baik baik saja, kenapa tiba-tiba nggak bisa terbuka, alasannya jaringan nggak bagus. brimo makin lama makin ribet nggak jelas. aplikasi lain semua bisa terbuka, hanya brimo saja yang nggak bisa, ada apasih sebenarnya dengan aplikasi ini.",2025,brimo,aplikasi tibatiba tidak bisa buka alas jaring tidak bagus brimo lama ribet tidak aplikasi bisa buka brimo tidak bisa apasih aplikasi,-1,negatif
Chandra Aldy,"SEMAKIN BURUK BRIMO INI, SALDO KE POTONG TP GAGAL BAYAR MASUK TRANSAKSI ,,,,, DAN LAPORAN JUGA LAMA BNGET DU TANGGAPI UNTUK PENGEMBALI AN UANG NYA , GIMANA MAU AMAN KLO GINI DANA SY,",2025,brimo,buruk brimo saldo potong gagal bayar masuk transaksi lapor lama bnget du tanggap kembali an uang aman gin dana,-2,negatif
Risal Ramadhan,password udah tersimpan.. bisa²nya malah salah.. padahal tersimpan otomatis dan harusnya langsung login.. malah terblokir,2025,brimo,password simpan bisa salah simpan otomatis langsung login blokir,0,netral
Indri Wijayanti,apk blum sempurna sudah. diluncurkan pembayaran qris diproses sampe 5 hari lebih.tpi saldo sudah terpotonggg saya sangat dirugikan akibat apk blum sempurna pengajuan pembatalan menunggu sampai 10 hari. kesalahan nya ada di apk ini tapi sya yg dirugikan. sangat sangat tidak bagus pas lapor contak bri gak membantu sama sekali. bahkan sama leader nya svv nya sama sekali tidak membantu. sumpah dirugikan sekali pakai apk ini saya harap yg pengguna brimo harus pikir 2 3 4 kli untuk pakai jasa brimo,2025,brimo,aplikasi blum sempurna luncur bayar qris proses lebihtpi saldo terpotongg sangat rugi akibat aplikasi blum sempurna aju batal tunggu salah aplikasi sya rugi sangat sangat tidak bagus cocok lapor contak bri tidak bantu leader svv tidak bantu sumpah rugi pakai aplikasi harap guna brimo pikir kli pakai jasa brimo,1,positif
Fahrul Amirul,"kenapa akun sering terblokir?padahal input sandi dan username sudah benar kadang perlu waktu cukup lama buat nunggu input selanjutnya jika dibatasi, tolong perbaiki ini.sangat merugikan jika sedang dibutuhkan🙏",2025,brimo,akun terblokirpadahal input sandi username kadang lama nunggu input batas tolong baik inisangat rugi butuh,0,netral
Nadya Travel Aileen,"bermasalah dengan Tabungan BRI gojek setiap hari gojek potong, tapi di aplikasi BRImo tidak ada masuk uangnya mohon diperjelas kan, tolong di tingkatan lagi aplikasi nya",2025,brimo,masalah tabung bri gojek gojek potong aplikasi brimo tidak masuk uang mohon jelas tolong tingkat aplikasi,-1,negatif
Ika Tafrihah,"ngeselin bangetlah aplikasi ini.. sensitif sekali.. masak aku harus selalu reset hape ke setelan pabrik tiap kali mau transfer.. kalo tidak, maka tidak bisa transfer.. demi keamanan ya demi keamanan tapi nggak gini juga dong.. Enaknya gimana nih solusinya..",2025,brimo,ngeselin banget aplikasi sensitif masak reset hape setel pabrik transfer tidak tidak bisa transfer aman aman tidak gin enak solusi,2,positif
Sugeng Triantoro,sering masalah.tutup telp g jelas,2025,brimo,masalahtutup telp tidak,0,netral
Adi Yusup saputra,"asuransi !!!! wajib bayar itu, giliran di tagih lempar sana sini. kapok !!!",2025,brimo,asuransi wajib bayar gilir tagih lempar kapok,0,netral
Latif Afrozin,Saya sering kehilang dan saya di sini buat transaksi padahal di mutasi gagal tapi dana saya ttep hilang udah 2 kali saya ngalamin ini Bisa di banti yang pertama dana hilang dan tidak kembali,2025,brimo,hilang transaksi mutasi gagal dana ttep hilang ngalamin bisa banti dana hilang tidak,-1,negatif
Dominik Toreto,mau masuk ke akun kita sendiri aja susah payah padahal data yg kita isi sudah benar..aplikasi sangat buruk,2025,brimo,masuk akun susah payah data isi benaraplikasi sangat buruk,-2,negatif
adra Putra,kok saya gabisa daftar ya pdhal blm pernah dftar sama sekali,2025,brimo,tidak bisa daftar pdhal dftar,0,netral
Alif Rayvanjaya,aplikasi tidak bisa dibuka,2025,brimo,aplikasi tidak bisa buka,0,netral
Halik XII ips,"kenapa ini habis update aplikasi BRImo nya gak bisa di buka pake data internet, padahal jaringan lancar aja, saya coba pake wifi baru bisa terbuka, mohon untuk segera di perbaiki.",2025,brimo,habis update aplikasi brimo tidak bisa buka pakai data internet jaring lancar coba pakai wifi bisa buka mohon baik,2,positif
PW 20 SULTRA,ga bisa telpon csnya,2025,brimo,tidak bisa telpon csnya,0,netral
Naufal Farhan,"sering error ga jelas, koneksi internetmu kurang baik.",2025,brimo,error tidak koneksi internetmu kurang,-1,negatif
Zakaria Lutfi,sering gangguan hadeeeh,2025,brimo,ganggu hadeeh,-1,negatif
Mas Opik,kenapa reset password muncul keterangan perangkat kamu tidak didukung min saya sudah bertahun tahun pakai Brimo bukannya semakin baik malah ngaco begini ya kwalitas pelayanan plat merah hadeuhhh,2025,brimo,reset password muncul terang perangkat tidak dukung tahun pakai brimo ngaco kwalitas layan plat merah hadeuhh,0,netral
Wahyu Hadi Saputra,akun saya Brimo atas nama: Wahyuhadisa2 terblokir KK segera perbaiki lagi...,2025,brimo,akun brimo nama wahyuhadisa blokir kk baik,1,positif
Ica caem CHANEL,verifikasi wajah susahnya setengah mati gak jadi saya pakai aplikasi ini maaf tak kasih bintang 2 biji aja,2025,brimo,verifikasi wajah susah mati tidak pakai aplikasi maaf kasih bintang biji,-1,negatif
Yuyus Pradana,"fast menu gak bisa di edit, setelah berhasil di edit, kembali ke default lagi..",2025,brimo,fast menu tidak bisa edit hasil edit default,0,netral
Abang Kece,"ini gimana sih ? proses transaksi 2 kali QRIS prosesnya lama sekali udah 4 hari nungguin masih tahap proses saja , kalau tidak bisa balikin uang saja kok repot banget",2025,brimo,proses transaksi qris proses lama nungguin tahap proses tidak bisa balikin uang repot banget,-2,negatif
Andika Wirsnata,sering mengalami (transaksi sedang diproses) coba aja waktu emergency apa nggak repot,2025,brimo,alami transaksi proses coba emergency tidak repot,-1,negatif
Jordi Ansyah,"kenapa selalu salah pas verifikasi wajah? padahal udah bener"" teliti pas dikamera nya, perasaan dulu ga se ribet ini, apa krna beda muka di ktp? tolong lh ktp saya udah lama udah agk burem jadi wajar klo beda dikit",2025,brimo,salah cocok verifikasi wajah teliti cocok kamera asa tidak ribet krna beda muka ktp tolong lh ktp lama agk burem wajar beda dikit,-2,negatif
Saedil Ayudia,kenapa selalu saja keluar saat masuk di apk nya padahal sudah hapus data dan chace dan download ulang masih saja tetap keluar sendiri,2025,brimo,masuk aplikasi hapus data chace download ulang,0,netral
Rusdiyanto,"kendala: 1. fast menu, kembali ke setelan awal tidak bisa kita set sesuai kebutuhan 2. iklan setelah login mengganggu",2025,brimo,kendala fast menu setel tidak bisa set sesuai butuh iklan login ganggu,-2,negatif
edo,bagus,2025,brimo,bagus,1,positif
Ilham taufik,jangan terlalu banyak notifikasi yang tidak penting..!! setiap notifikasi di bebankan biaya ke costumer. jadi notifikasi tidak penting tidak perlu dikirim.,2025,brimo,notifikasi tidak notifikasi beban biaya costumer notifikasi tidak tidak kirim,0,netral
Nase Aly,Brimo kok g support di vivo origin os6 ya???setelah saya update ke origin os6 Brimo saya hilang dan mau install lg gagal terus.,2025,brimo,brimo tidak support vivo origin os yasetelah update origin os brimo hilang install gagal,-1,negatif
Turiyadi Jumyati,"Ini kenapa sering sekali error kalau mau transfer ya? aku cari tau katanya dari kode error nya berarti aplikasi harus diperbarui, tapi ini udah versi paling baru ,harus update apa lagi coba 🥲",2025,brimo,error transfer cari kode error aplikasi baru versi update coba,-2,negatif
Ruslan Syam,Brimo saya tidak bisa loading,2025,brimo,brimo tidak bisa loading,-1,negatif
Nisa Furniture,bagus tapi proses transaksi terlalu lambat,2025,brimo,bagus proses transaksi lambat,0,netral
Susi Karmila Wati,"BRI harus bener bener banyak berbenah,banyak banget problem nya soalnya.. kemaren saya tarik tunai melalui ATM uang nya tidak keluar dari mesin ATM sama sekali dan tertera bahwa transaksi gagal jadi saya pulang namun saat di perjalanan ada notifikasi dari brimo bahwa transaksi berhasil dan setelah saya cek saldo nya benar sudah terpotong jadi saya balik lagi ke kantor coba tarik tunai lagi tapi kejadian nya sama seperti yang pertama,udah saya konfirmasi tapi tidak ada pertanggungjawaban dari BRI",2025,brimo,bri berbenahbanyak banget problem kemaren tarik tunai atm uang tidak mesin atm tera transaksi gagal pulang jalan notifikasi brimo transaksi hasil cek saldo potong kantor coba tarik tunai jadi pertamaudah konfirmasi tidak pertanggungjawaban bri,-1,negatif
M.Fazrul Falah,sering banget ngalamin kendala eror seperti sekarang ini gabisa login punya saya,2025,brimo,banget ngalamin kendala error tidak bisa login,-2,negatif
Cigobang 123,"ini kenapa woy.? ko nggak bisa tarik tunai... bri tolonglah di perbaiki sekarang, Cok lah",2025,brimo,woy tidak bisa tarik tunai bri tolong baik cok,1,positif
Terang Bulan,"Gimana ni Brimo, tiap logging disuguhkan iklan yg ga bisa diskip. mengganggu transaksi aja",2025,brimo,brimo logging suguh iklan tidak bisa skip ganggu transaksi,-1,negatif
mbah joyo,"aku kurangi bintangnya, aplikasi ini didownload karena agar kita bisa sewaktu waktu dg mudah melakukan transaksi keuangan, tp nyatanya setiap saya mau melakukan transaksi selalu saja ada troublenya, BANK sejuta umat kok kayagini sih.....",2025,brimo,kurang bintang aplikasi didownload bisa dg mudah transaksi uang transaksi troublenya bank juta umat kayagini,1,positif
Rizky Andini,"kenapa sekarang tiap transaksi selalu eror, mengganggu sekali",2025,brimo,transaksi error ganggu,-2,negatif
sarwani wan,aplikasi terlalu kaku,2025,brimo,aplikasi kaku,0,netral
Ipank Bonto,makin di update makin burik aja neh apk,2025,brimo,update burik neh aplikasi,0,netral
Riki Candra 12,transfer lain bank pending gmna ini,2025,brimo,transfer bank pending gmna,0,netral
Nyctophilia Mahendra,tiap tengah malam brimo eror terus males,2025,brimo,malam brimo error males,-1,negatif
Muhamad Rizal,"aplikasi brimo saya tidak bisa di buka di perangkat saya, mohon arahan dan solusinya",2025,brimo,aplikasi brimo tidak bisa buka perangkat mohon arah solusi,0,netral
Fiotista,"Habis top up brizzi mau update saldo di brimo ga bisa-bisa, tulisannya ""invalid request"" terus. Udah ganti hp, udah uninstall dan instal ulang brimo tetep ga bisa...Apakah harus ke agen brilink?",2025,brimo,habis top up brizzi update saldo brimo tidak bisabisa tulis invalid request ganti handphone uninstall instal ulang brimo tetep tidak bisaapakah agen brilink,1,positif
Soman Tri,"bri makin ksini makin ga beres. dah saldo dipotong trus dalam sminggu bisa ada 2 sampai 3 kali, bahkan lbih. bayar QRIS jga ga beres saldo terpotong tp status dalam proses hinga berhari². malah saldo ga kembali",2025,brimo,bri ksini tidak beres saldo potong sminggu bisa lbih bayar qris jga tidak beres saldo potong status proses hinga hari saldo tidak,0,netral
Nanda Dea,tolong dong kenapa sih brimo kok sekarang susah banget digunakan selalu klo mau transaksi di suru kluar dulu dari aplikasi setelah kluar trs masuk lgi pun masi sama aja seperti itu tolong bantu tu gmna caranya,2025,brimo,tolong brimo susah banget transaksi suru kluar aplikasi kluar masuk lgi mas tolong bantu tu gmna,-1,negatif
Isti Aulia,brimo sekarang agak susah nih karena klo mau transaksi harus close app lain dulu padahal belom buka apa-apa. kembalikan brimo yg gampang transaksi,2025,brimo,brimo susah transaksi close aplikasi bom buka apaapa kembali brimo gampang transaksi,-2,negatif
Herman Sungkay,"Kekurangannya cuma ga bisa pengambilan uang kes 50,harus pengambilan minimal 100 lewat M banking dikit dikit kendala system,hadeh",2025,brimo,kurang tidak bisa ambil uang kes ambil minimal m banking dikit dikit kendala systemhadeh,-1,negatif
sarina novita,tolong yah BRI klo pembayaran diproses belum berhasil jangan lngsung motong saldo .udah dua kli saldo kepotong tapi pembelian pulsa tdk masuk terus beli token via gopay dan pembayaran melalui virtual account di aplikasi BRIMO saldo sy terpotong tpi udah 24 jam diproses trus statusnya . periksa aplikasi gopay blom ada masuk .emang brimo nih yg bermasalah 😪😤,2025,brimo,tolong bri bayar proses hasil lngsung motong saldo kli saldo potong beli pulsa tidak masuk beli token gopay bayar virtual account aplikasi brimo saldo potong jam proses status periksa aplikasi gopay masuk brimo masalah,-1,negatif
adi mulyadi,kenapa transfer ke e wallet seperti dana tidak bisa yah,2025,brimo,transfer e wallet dana tidak bisa,0,netral
Iman Nuel,ke mahalan kalau menurut saya di isi saldo 20 atau 30 rbu pas di kirim lagi ke dana atau qris GK bisa,2025,brimo,mahal isi saldo rbu cocok kirim dana qris tidak bisa,0,netral
Risa Ndonk,"tolong dong kode penarikan tunai di ATM dimanapun kode penarikan nya minimal waktunya 30 menit,biar enak meskipun ga ada data hp ,gak usa repot beli data",2025,brimo,tolong kode tari tunai atm mana kode tari minimal menitbiar enak tidak data handphone tidak usa repot beli data,-1,negatif
Iwan Wan,"saya tidak bisa log in.. mau ganti user name tapi tidak bisa masa tertulis "" tidak punya akun di brimo"" ini bagaimana si",2025,brimo,tidak bisa log in ganti user name tidak bisa tulis tidak akun brimo si,0,netral
Shodiq Fathin,"Sebelumnya normal bisa dipakai di Realme Narzo 50i prime, tiba-tiba hari ini tidak bisa dibuka, kalau dibuka forced close sendiri",2025,brimo,normal bisa pakai realme narzo i prime tibatiba tidak bisa buka buka forced close,-1,negatif
ahmad sopian,gk bisa masuk2,2025,brimo,tidak bisa masuk,0,netral
this killer,kenapa. nda bisa login padahal bagus jaringan,2025,brimo,nda bisa login bagus jaring,1,positif
017_Muhamad Zaky Alrahman,"kenapa setiap seminggu saldo berkurang sendiri kenapa min, kadang berkurang 5000 kadang 7000 kadang 10.000 tolong sih jangan dikurang kurangin, baru daftar 2 minggu saldo berkurang belum pernah transaksi, belum pernah transfer, belum ambil uang, harus ada alasan kenapa berkurang jangan seenaknya untung kalau udah ada aplikasi",2025,brimo,minggu saldo kurang kadang kurang kadang kadang tolong kurang rangin daftar minggu saldo kurang transaksi transfer ambil uang alas kurang untung aplikasi,0,netral
nur qoyyum,kenapa sekarang brimo gak muncul notifikasi jika ada transaksi masuk versi aplikasi brimo ( bukan notifikasi lewat WhatsApp atau SMS ) semua pengaturan sudah d atur izin kan notifikasi. yg muncul notifikasi hanya jika ada iklan atau promo produk,2025,brimo,brimo tidak muncul notifikasi transaksi masuk versi aplikasi brimo notifikasi whatsapp pesan atur atur izin notifikasi muncul notifikasi iklan promo produk,0,netral
Yull Canss,Tolongg dibantu akun diblokir TDK bisa dibuka dgn lupa pin,2025,brimo,tolongg bantu akun blokir tidak bisa buka lupa pin,0,netral
fellynesa agnesia,y ampun gmn si top up gopay di proses trs gbs masuk mana ga balik lagi dr kemarin2 juga,2025,brimo,y ampun gmn si top up gopay proses gbs masuk tidak kemarin,1,positif
Raihan Putra,kenapa setelah update aplikasinya tidak bisa di buka,2025,brimo,update aplikasi tidak bisa buka,0,netral
nauval azril,kenapa akun brimo saya keluar sendiri.mana saya udah lupa kata sandi.mana gak bisa d perbarui kata sandi nya.,2025,brimo,akun brimo sendirimana lupa sandimana tidak bisa baru sandi,0,netral
Ferdi tengkek,aplikasi brimo ga jelas rusak!!! transfer gagal kenapa saldo saya terkuras woi perbaiki lagi ni brimo ga jelas,2025,brimo,aplikasi brimo tidak rusak transfer gagal saldo kuras woi baik brimo tidak,0,netral
Hadle MC,LEMOT,2025,brimo,lama,-1,negatif
Yusuf,kenapa ya kalo makin kesini makin aga delay brimo ny,2025,brimo,kesini aga delay brimo ny,-1,negatif
kurnia Dewi,knp setiap mau TF ke rekening lain pasti batas limit batas limit padahal jarang TF ke rekening lain tolong perbaikin lagi,2025,brimo,transfer rekening batas limit batas limit jarang transfer rekening tolong perbaikin,0,netral
Global chanel S,ngurusin uang nyangkut aja lama anjiing..,2025,brimo,ngurusin uang nyangkut lama anjiing,-1,negatif
Ageng Putma,mau buat transaksi ke dana kok ngga bisa kenapa sih ini brimo .aduuh,2025,brimo,transaksi dana tidak bisa brimo aduuh,0,netral
Alvi Husnuzzakiya,"menurutku agak kurang bagus, beli pulsa gak masuk"". Saldo juga udah gak kepotong, catatan di mutasi juga ada, eh tapi kok gak masuk"" . mau mengajukan pengaduan juga tidak bisa, semoga ada perbaikan lagi. Kelewatan sih kalau saldo gak kembali.",2025,brimo,turut kurang bagus beli pulsa tidak masuk saldo tidak potong catat mutasi eh tidak masuk aju adu tidak bisa moga baik lewat saldo tidak,2,positif
Said Hukma,Gak bisa screenshot saldo aneh,2025,brimo,tidak bisa screenshot saldo aneh,0,netral
Baiq Mila Fridayanti,"kenapa Klo Mau Kita Screenshot Tidak Bisa di brimo, biar Jadi Bukti Pembayaran",2025,brimo,screenshot tidak bisa brimo bukti bayar,0,netral
Desi Desi,"gimana brimo semakin sering transfer tulisan diproses tapi saldo berkurang saya harus transfer 2x sudah pengajuan malah suruh nunggu 7 hari kira"" selama 7 hari itu uang saya balik apa gak....",2025,brimo,brimo transfer tulis proses saldo kurang transfer aju suruh nunggu uang tidak,0,netral
Rian Marina,"susah bngt log in.. full data udh.. wifi gada masalah ttp timbul notif layar koneksi buruk.. pdhl buka smua aplikasi bisa. cuma brimo aja yg ga bisa"".",2025,brimo,susah banget log in full data wifi gada timbul notif layar koneksi buruk buka aplikasi bisa brimo tidak bisa,-2,negatif
Dwi Prasetyo,habis update malah ga bisa parah betul,2025,brimo,habis update tidak bisa parah,-1,negatif
Lizzie el,mau bikin rekening juga di persulit kocak,2025,brimo,rekening sulit kocak,-1,negatif
Suryana Suryana,"tidak bisa membuat akun, sulit banget login🤦",2025,brimo,tidak bisa akun sulit banget login,-1,negatif
Inatul Mafiroh,knp ya Skrang brimo susah pdhal dlu gak gini ...mau login hrus ada satu langkah verifikasi dan stelah link di krm di pesan tidak dpt di buka ...,2025,brimo,skrang brimo susah pdhal tidak gin login hrus langkah verifikasi stelah link krm pesan tidak dpt buka,-1,negatif
Bunda Marmiah,Aplikasi BRImo tidak bisa dibuka,2025,brimo,aplikasi brimo tidak bisa buka,0,netral
Vivin Puji Asri Rahayu,mau update saldo brizzi dibikin susah ribet keterangan invalid terus baru ini saya kecewa sama aplikasinya 2 kartu invalid semua,2025,brimo,update saldo brizzi bikin susah ribet terang invalid kecewa aplikasi kartu invalid,-3,negatif
M asril argam Asril,semakin di apdute udah kompatibel di hp saya udah GK bisa update lagi,2025,brimo,apdute kompatibel handphone tidak bisa update,0,netral
Lamon Melita,"Kenapa apk BRImo ini minta di update terus pdhal baru di update dan ini pd hari ini Rabu 9/4/2025 minta update lagi. Hari ini 17/5/2025 minta update lg hadehhh tiap bln minta update,pd tgl 28/8/2025 minta update lagi,08/10/2025 minta update lg🤦🏻‍♂️🤦🏻‍♂️🤦🏻‍♂️Ni tgl 25/11/2025 ga bisa login apknya ternyata minta update lagi",2025,brimo,aplikasi brimo update pdhal update pd rabu update update hadehh bln updatepd tgl update update lgni tgl tidak bisa login apknya update,0,netral
veteran 1991,gagal buat pin. code ladcs,2025,brimo,gagal pin code ladcs,-1,negatif
Moh Khoiri,"apk ini dulunya bagus gak ribet, sekarang mau login aja susah harus bolak balik ke bank",2025,brimo,aplikasi dulunya bagus tidak ribet login susah bolak bank,-1,negatif
swardin zebua,cara pulihkan pasword,2025,brimo,pulih pasword,0,netral
galih suswantoro,"setelah saya melakukan update malah jadi force close/ aplikasi terhenti untuk penyimpanan pun masih cukup tapi berhenti terus , kemudian saya pasang lgi untuk versi yang sebelumnya normal tidak force close , saya update lagi versi baru ternyata berhenti lagi , kesimpulan mohon d perbaiki kembali yang versi barunya",2025,brimo,update force close aplikasi henti simpan henti pasang lgi versi normal tidak force close update versi henti simpul mohon baik versi baru,-3,negatif
Andiansyah Putra winong,gangguan Bae lama,2025,brimo,ganggu bae lama,-2,negatif
Rival Putradiansya,kenapa saya tidak bisa buka aplikasi brimo,2025,brimo,tidak bisa buka aplikasi brimo,0,netral
tjan tje bok,"moga gak di bikin ribet , tapi apadaya di konoha gak ribet gak makan",2025,brimo,moga tidak ribet apadaya konoha tidak ribet tidak makan,-2,negatif
Nana,mudah dan efesien,2025,brimo,mudah efesien,1,positif
Kayza Arimba,"Tidak bisa transfer karena ada aplikasi lainnya yang terbuka, padahal aplikasi yang dibuka hanya BRImo. Sangat menghambat dalam transfer, terutama saat akan bayar QRIS.",2025,brimo,tidak bisa transfer aplikasi buka aplikasi buka brimo sangat hambat transfer bayar qris,0,netral
_ Miranda,apk jelek saldo minimal 50 saya ga bisa narik pake kartu ataupun tarik tunai,2025,brimo,aplikasi jelek saldo minimal tidak bisa narik pakai kartu tarik tunai,-1,negatif
En,"Sampai kapan gabisa open apk brimo yaa. Mau transaksi jd keganggu bgt. Udah update kirain makin better taunya enggak. Lama lama jd kesel juga..... Tolong di perbaiki, aktivitas transaksi jd susah klo gini",2025,brimo,tidak bisa open aplikasi brimo transaksi ganggu banget update kirain better tau lama lama kesel tolong baik aktivitas transaksi susah gin,-3,negatif
Cilok Barokah,"kok punyaku gak bisa di buka, tulisannya di Rot",2025,brimo,punya tidak bisa buka tulis rot,0,netral
Habibi Jbg,setelah ada uang masuk tidak ada notif di sms. juga saldo di aplikasi tidak berubah. kenapa seperti ini?? tolong diperbarui lagi..,2025,brimo,uang masuk tidak notif pesan saldo aplikasi tidak ubah tolong baru,0,netral
Ferdi anto,kadang eror,2025,brimo,kadang error,-1,negatif
PENDI RENDI,kita kasi 2 bintang jendral dlu,2025,brimo,kasi bintang jendral,0,netral
Nabil Nuralamsah,"Tiba tiba ""mogok karena alesannya sendiri"", padahal kemarin bisa",2025,brimo,mogok alesannya kemarin bisa,0,netral
Muhamad Sulaeman efandi,alasan saya beri Bintang 2 karna ketika kita kehilangan uang di mesin ATM BRI petugas BRI tidak bisa melakukan apa apa hanya bisa mengarah kan untuk laporan ke brimo dan brimo juga sama ngga bisa apa apa dan pada intinya ngga ada yg tanggung jawab???......,2025,brimo,alas bintang hilang uang mesin atm bri tugas bri tidak bisa bisa arah lapor brimo brimo tidak bisa inti tidak tanggung,0,netral
joko umbaran,kenapa gak bisa transfer,2025,brimo,tidak bisa transfer,0,netral
Airin Setiyowati,kenapa brimo tdk bsa login kl di buka ke aksebitasi trs,2025,brimo,brimo tidak bsa login buka aksebitasi,0,netral
Crystanty,"Potongan bulanan banyak, padahal blm pernah d pakai.",2025,brimo,potong bulan pakai,0,netral
Edi Prasetiyo,"transaksi lewat Qris,gagal ni trus saldo ngga balik lagi",2025,brimo,transaksi qrisgagal saldo tidak,0,netral
Tirtho Wening,"akun brimo terblokir 3x dalam sebulan, dan sampai sekarang tidak bisa log in karena data tidak valid, padahal data sudah benar dan sesuai",2025,brimo,akun brimo blokir bulan tidak bisa log in data tidak valid data sesuai,0,netral
Perry Ford,eror kah??? dri tdi masuk susah TF susah,2025,brimo,error kah dri tdi masuk susah transfer susah,-3,negatif
Erllan Suherlan21,ini gmna saldo saya tiba2 hilang.. ga ada history traksansi,2025,brimo,gmna saldo hilang tidak history traksansi,0,netral
Waasrita 2002,kenapa aplikasi brimo tidak bisa di buka lagi di hp relmi di suru hapus soalnya di suruh masukan ke perangkat lain,2025,brimo,aplikasi brimo tidak bisa buka handphone relmi suru hapus suruh masuk perangkat,0,netral
Syam Suri,transaksi gagal di adukan malah gagal terus gimana nih brimo,2025,brimo,transaksi gagal adu gagal brimo,-2,negatif
Muhib Budin,"belum mencoba, karena gagal terus saat verifikasi",2025,brimo,coba gagal verifikasi,-1,negatif
alii hidayat,knpa tidak bisa login akun saya nii,2025,brimo,knpa tidak bisa login akun nii,0,netral
Viola Orina,gak bisa di daftar di hp saya,2025,brimo,tidak bisa daftar handphone,0,netral
Edi Fitriandi,Brimo kenapa ya sekarang kalo mau transfer muncul otomatis top up emas pegadaian. Pantesan ga ngerasa top up tiba-tiba top up. Bagusin lagi deh kok makin update jadi makin gini,2025,brimo,brimo transfer muncul otomatis top up emas gadai pantesan tidak ngerasa top up tibatiba top up bagusin update gin,3,positif
eka firmansyah,tidak muncul aplikasinya..harus selalu pakai di playstore,2025,brimo,tidak muncul aplikasinyaharus pakai playstore,0,netral
alfiatul_56 lutfiah,"aplikasi tiba tiba tidak bisa dibuka. padahal pagi masih bisa seperti biasa, katanya harus menyelesaikan panggilan dulu. panggilan apa coba",2025,brimo,aplikasi tidak bisa buka pagi bisa selesai panggil panggil coba,0,netral
Rooy Bay,kenapa tidak bisa login yah susah banget tolong dong,2025,brimo,tidak bisa login susah banget tolong,-1,negatif
Kiki Ratnasari,"sabrina tidak respon saat dihubungi,call canter juga nggk bisa dihubungi,",2025,brimo,sabrina tidak respon dihubungicall canter tidak bisa hubung,0,netral
Waheed,"Saya sebagai Nasabah, pengguna BRI, ingin sekali memanfaatkan fasilitas yang ada di aplikasi ini, cuma sayang, saya tidak suka terkait fitur ""menunggu/coba di lagi di lain waktu,"" ITU SANGAT MENGGANGGU. kadang muncul saat mau verifikasi, kadang setelah melakukan aktivitas yang berulang kali. Saya belum tahu cara penggunaannya. Kalo masalah seperti ini dianggap remeh, Saya jadi bosan dan tidak bisa login selamanya. TOLONG PERHATIANNYA🙏 Tolong ADMIN WA NYA! interkatif!!!",2025,brimo,nasabah guna bri manfaat fasilitas aplikasi sayang tidak suka kait fitur menunggucoba sangat ganggu kadang muncul verifikasi kadang aktivitas ulang guna anggap remeh bosan tidak bisa login tolong perhati tolong wa interkatif,0,netral
Teguh Revolusi,jaringan penuh knp ga bs log in...,2025,brimo,jaring penuh tidak bs log in,0,netral
apsa madhantia,transaksi gagal tapi saldo berkurang,2025,brimo,transaksi gagal saldo kurang,-1,negatif
Ardi Yanto,"sangat buruk sekali, mau verifikasi wajah aja tidak bisa lama sekali, ulanng2 terus",2025,brimo,sangat buruk verifikasi wajah tidak bisa lama ulanng,-2,negatif
Erdin Alexdrian,"kenapa ini min aku beli pulsa 100 ko masih dalam proses, tidak sukses yah",2025,brimo,beli pulsa proses tidak sukses,0,netral
Gabe Darwis,"transaksi QRIS saya gagal selama 4kali,tolong dong pihak Bank brimo dibantu",2025,brimo,transaksi qris gagal kalitolong bank brimo bantu,-1,negatif
Lucky Wibawa,"Susah login, tolong diperbaiki jaringanya",2025,brimo,susah login tolong baik jaringanya,0,netral
Fathia Azzahira,tidak bisa transfer semenjak di update,2025,brimo,tidak bisa transfer semenjak update,0,netral
Nur Eko,sering error. minta tutup aplikasi lainnya. padahal gak buka aplikasi selain brimo..... payah,2025,brimo,error tutup aplikasi tidak buka aplikasi brimo payah,-1,negatif
Gion Fandri pandang,aplikasinya para masa saya melakukan transaksi Qiris munculnya gagal tpi saldo sya terpotong,2025,brimo,aplikasi transaksi qiris muncul gagal saldo sya potong,-1,negatif
Nadia nasara,tolong Don buat aplikasi brimo ini kerna lebih bagus klau SMA di wa saja,2025,brimo,tolong don aplikasi brimo kerna bagus klau wa,1,positif
Sherlock Holmes,kalau sudah jam 12 malam suka error brimonya,2025,brimo,jam malam suka error brimonya,0,netral
faqih Oki aryahito,banyak gangguannya,2025,brimo,ganggu,-1,negatif
ipal dumbi,"tarik tunuai gagal tapi saldo sudah terpotong, saya sudah minta bantuan lewat brimo sedang di proses nanti kalau sudah selesai aku kasih bintang 5",2025,brimo,tarik tunuai gagal saldo potong bantu brimo proses selesai kasih bintang,-1,negatif
Alintang Julianda,"pelit ini bank 1 ini, reward kecil pun gk ada di aplikasi nya. next mending ganti gopay / ovo. sekelas bank besar, sama reward kecil2an aja pelit.",2025,brimo,pelit bank reward tidak aplikasi next mending ganti gopay ovo kelas bank reward an pelit,0,netral
Ahsanul karim,"TF ke Dana pakai Admin 500...kirain ga ada kaya kemarin...setelah di TF ternyata 29.500 aja masuk nya...ga ada pemberitahuan,...kalau ada pemberitahuan kan saya bisa TF 30.500... ini harus TF lagi untuk mencukupi 30.000 sdngkn di Brimo TF paling sdkt 20.000...ahhh",2025,brimo,transfer dana pakai kirain tidak kaya kemarinsetelah transfer masuk nyaga pemberitahuankalau pemberitahuan bisa transfer transfer cukup sdngkn brimo transfer sdkt ahh,0,netral
RANGGA BRINE2005,"aplikasinya bug, keluar terus saat pencet aplikasinya.",2025,brimo,aplikasi bug pencet aplikasi,0,netral
ardianto patila,"aplikasi yg ribetnya minta ampun,.udah tau username udah tau sandi,masih di anggap mencurigaka. cuma karna pindah hp. trus harus aktifin data di SIM 1 segala dan harus ada datanya baru bisa masuk. yg lebih parahnya, brimo di buka ga bisa bisa katanya jaringan internet ga stabil, ok lah ,gue ganti data pake kartu lain, tetep ga bisa sekalinya bisa, udah ke buka brimonya, pas mau top up ewallet katanya no hp gue ga bener, padahal udah bener, dan ga bisa trus menerus.",2025,brimo,aplikasi ribetnya ampunudah username sandimasih anggap mencurigaka pindah handphone aktifin data sim data bisa masuk parah brimo buka tidak bisa bisa jaring internet tidak stabil ok ganti data pakai kartu tetep tidak bisa sekali bisa buka brimonya cocok top up ewallet no handphone tidak tidak bisa terus,1,positif
annic areg kiranery,"kenapa ini jadi gak bisa login, kmren2 enak lho... tolong di cek lagi donk untuk pihak brimo nya",2025,brimo,tidak bisa login kemarin enak lho tolong cek donk brimo,0,netral
Yanto Yans,"aplikasi tidak bisa login karena selalu ada pesan ""Selesaikan Panggilan Telepon dulu"" padahal tidak ada panggilan telepon yg berlangsung, dan tidak buka aplikasi lain selain Brimo",2025,brimo,aplikasi tidak bisa login pesan selesai panggil telepon tidak panggil telepon tidak buka aplikasi brimo,0,netral
Yudhy Bungas,"ada apa dengan brimo,tidak bisa dibuka,,wah parah nih pelayanan buruk",2025,brimo,brimotidak bisa dibukawah parah layan buruk,-2,negatif
destri astri,"telpon bebas pulsa menunggu antrian sampai 10 menit lebih,sdh nyambung malah putus"" padahal sinyal kuat",2025,brimo,telpon bebas pulsa tunggu antri menit lebihsdh nyambung putus sinyal kuat,-1,negatif
Bangun dong Lupus,semakin tidak karuan. terindikasi aplikasi di modifikasi. motor modifikasi?? hape satu satunya. brimo selama ini lancar kok Tb² muncul keterangan begitu. mana lagi ada duitnya pula. ribet bgt sih brimo cindy,2025,brimo,tidak karuan indikasi aplikasi modifikasi motor modifikasi hape satu brimo lancar tb muncul terang duit ribet banget brimo cindy,0,netral
Ardnti Ntii,"Mohon d perbaiki dari sistem nya saya susah masuk padahal pin nya sudah sya masukin bener trus wktu lupa pw ttep aja cht ke pihak Bri nya ga ada respn sama sekli apa mentang2 saya isi saldo ga seberapa jdi ga ada prbaikan sma g d respn sama sekali, udh lwat ig wa maupun tlpn biasa kcewa si pelayanan nya jauh beda sama Bank BCA sama yng lain nya🙏😒",2025,brimo,mohon baik sistem susah masuk pin sya masukin wktu lupa pw ttep cht bri tidak respn sekli mentang isi saldo tidak tidak prbaikan tidak respn lwat ig wa tlpn kcewa si layan beda bank bca yng,0,netral
Refnia Sri puspa dewi,"maaf banget, kenapa akun saya tiba-tiba ke blokir? tiba-tiba pergantian nomor telfon? padahal akun brimo saya ga nganggur, sering saya pake buat tranfer, udah lama pake gada masalah tapi tiba-tiba gini, aga kecewa jadinya",2025,brimo,maaf banget akun tibatiba blokir tibatiba ganti nomor telfon akun brimo tidak nganggur pakai tranfer lama pakai gada tibatiba gin aga kecewa,-2,negatif
Abdul Mukharam,"sudah makin jelek, mau ss aja udh gk bisa lol bgt",2025,brimo,jelek ss tidak bisa lol banget,-1,negatif
Diki Wahyudii,potong nya bayak nget keterlaluan kamu ini,2025,brimo,potong bayak nget,0,netral
Shofi Mirza,"di aplikasi terbaru versi 2.89.0 ini baru nemu ada fitur ""reversal dana"". entah itu karena jaringan sedang buruk atau gimana. itu muncul saat saya mau transfer ke rekening orang lain, eh malah gagal dengan tulisan reversal dana. dan, status transaksi tersebut pada tab aktivitas masih dalam ""diproses"". ux nya malah bikin bingung user",2025,brimo,aplikasi baru versi nemu fitur reversal dana jaring buruk muncul transfer rekening orang eh gagal tulis reversal dana status transaksi tab aktivitas proses ux bingung user,-3,negatif
Setiawan Agung,SERING BANYAK KENDALA COK ASLI,2025,brimo,kendala cok asli,-1,negatif
Abdul Razak,aplikasi brimo saya tidak bisa terbuka,2025,brimo,aplikasi brimo tidak bisa buka,0,netral
Riska Yani,"tidak bisa ter instal padahal jaringan ada paket data juga ada tapi tetap tidak bisa ter instal mana butuh banget lagi, tolong solusinya harus gimana?",2025,brimo,tidak bisa ter instal jaring paket data tidak bisa ter instal butuh banget tolong solusi,0,netral
Dika Laksana,ini saldo udah buat qr udah ngurangin tapi dari tdi cuma proses ya ampun gimane ni,2025,brimo,saldo qr ngurangin tdi proses ampun gimane,0,netral
Farm Rabirt,mohon perbaiki saldo minim untuk topup.,2025,brimo,mohon baik saldo minim topup,1,positif
OG Chanel,woooooy àplikasu kenapa eror trus ... diperbaiki segeralah gk becus banget ampun dah dulu gk kayak gini dah,2025,brimo,wooy plikasu error baik segera tidak becus banget ampun tidak gin,0,netral
Satria Munanda,layanan bebas pulsa tapi susah terhubung dengan agen.,2025,brimo,layan bebas pulsa susah hubung agen,-1,negatif
Almira Carisa0406,minta di update trs TPI jdi lolaaa fitur nya bagusan sblm di update,2025,brimo,update lolaa fitur bagus sblm update,1,positif
Hartin,BRImo skrg bnyk bgt potongannya 😢,2025,brimo,brimo bnyk banget potong,0,netral
Firman wong,"lebih dari 5 kali sya coba daftar tp selalu gagal. dengan tulisan nomor hp tidak sesuai, pd hal saya mau daftar dan no hp yg sya pakai skrg ini. kan aneh.",2025,brimo,sya coba daftar gagal tulis nomor handphone tidak sesuai pd daftar no handphone sya pakai aneh,-1,negatif
Nanda Muliawan,tolong perbaiki finger printnya.. di pengaturan brimo tidak bisa dinyalakan,2025,brimo,tolong baik finger printnya atur brimo tidak bisa nyala,1,positif
Takdir Tawakkal,"mohon bantuannya kak Admin BRI Mobile, setiap sy mau aktivasi ulang Akun BRI Mobile ketika sy memasukkan KTP lewat camera karena sy ingin aktivasi ulang rekening sy yang dorman selalu ada muncul keterangan jaringan tidak stabil , berhubung jaringan wifi atau paket data sy lancar, mohon bantuannya ya kak",2025,brimo,mohon bantu bri mobile aktivasi ulang akun bri mobile masuk ktp camera aktivasi ulang rekening dorman muncul terang jaring tidak stabil hubung jaring wifi paket data lancar mohon bantu,2,positif
Yuda Jeledeng,"sebelum nya sudah bagus tapi sekarang nggak bisa dibuka kalo pakai data paketan katanya ""masalah jaringan""padahal jaringan bagus2 aja,masak lagi diluar rumah tranfer harus pakai wifi",2025,brimo,bagus tidak bisa buka pakai data paket jaringanpadahal jaring bagus ajamasak luar rumah tranfer pakai wifi,2,positif
Randy27 Ndy,betul bgt min gimna kok gak bisa transaksi melalui transfer.,2025,brimo,banget gimna tidak bisa transaksi transfer,0,netral
Zahra Putri,sering error ketika ingin mentranfer,2025,brimo,error mentranfer,-1,negatif
Nur Wawang,ga bisa daftar,2025,brimo,tidak bisa daftar,0,netral
Dadang Wijaya,gabisa login pakai wifi mohon diperbaiki,2025,brimo,tidak bisa login pakai wifi mohon baik,1,positif
Abdul Salik,kendalanya gangguan terus brimo,2025,brimo,kendala ganggu brimo,-2,negatif
Bela Ciro77,"saya bikin mbanking hp saya hilang, blum di bikin kartu, instal lgi BRimo ga bisa masuk",2025,brimo,mbanking handphone hilang blum kartu instal lgi brimo tidak bisa masuk,0,netral
Tri Arta,"sistem aplikasinya parah, mau buat rek baru malah gak bisa, telalu banyak mencoba lah, waktu sesi foto ktp telah habis la apa lah, parah",2025,brimo,sistem aplikasi parah rekening tidak bisa talu coba sesi foto ktp habis la parah,-2,negatif
Delfan Bly,saya mau daftar akun brimo tapi pas bagian terakhir gak bisa bikin pin brimo nya tulisanya ( transaksi gagal kode ladcc) itu apa ya saya kirim pesan ke cs nya tapi gak ada solusi,2025,brimo,daftar akun brimo cocok tidak bisa pin brimo tulisanya transaksi gagal kode ladcc kirim pesan customer service tidak solusi,-1,negatif
Wanto Keyboard,"semakin update, banyak eror nya. kepada team BRImo, kalo apkikasi sudah stabil, jangan di bikin aneh².",2025,brimo,update error team brimo apkikasi stabil aneh,0,netral
cindy,apknya sering bgt error. yg tarik tunai uang ga keluar tapi saldonya berkurang. yang transaksi pake qriss gagal sampe nyoba berkali kali tapi saldonya berkurang😢. nyoba buat laporan juga prosesnya lama. mungkin bisa diperbaiki ya. tambah satu lagi. nyoba nelpon pusat bantuan sekali terputus. nyoba nelpon lagi ga bisa. emg anti kritik ya? tolong bgt diperbaiki🙏 banyak orng yang butuh dan pakai jasa kalian sepertinya sudah sekiranya membentuk kepercayaan dan menerima masukan,2025,brimo,apknya banget error tarik tunai uang tidak saldo kurang transaksi pakai qriss gagal nyoba kali saldo kurang nyoba lapor proses lama bisa baik nyoba nelpon pusat bantu putus nyoba nelpon tidak bisa anti kritik tolong banget baik orng butuh pakai jasa bentuk percaya terima masuk,-2,negatif
Yuni Sari Dharmawati,narik uang.. uang nya ketarik.. smpe skrg ga balik.. trus hri ini mau tarik 500 udh pencet malah keluar 2juta..gimana si BRI,2025,brimo,narik uang uang tarik smpe tidak hri tarik pencet jutagimana si bri,0,netral
Aril Biasa_aja,sekarang banyak error nya,2025,brimo,error,-1,negatif
Muhammad Fabil,jaringan lancar pas buka aplikasi nya di bilang ada gangguan jaringan,2025,brimo,jaring lancar cocok buka aplikasi bilang ganggu jaring,0,netral
Ahmad Sholehuddin.A,"Kenapa sekarang jika mau cek atau top up saldo BRIZZI tidak bisa, dan muncul tulisan ""invalid request"", padahal versi sebelumnya bisa. Mohon untuk dilakukan perbaikan lagi untuk BRIMO. Why can't I check or top up my BRIZZI balance now, and it says ""invalid request,"" even though it worked in the previous version? Please improve BRIMO.",2025,brimo,cek top up saldo brizzi tidak bisa muncul tulis invalid request versi bisa mohon baik brimo why cant i check or top up my brizzi balance now and it says invalid request even though it worked in the previous version please improve brimo,3,positif
Heldy Prima86,"Aplikasi BRImo kadang susah di akses, server terlalu sering eror",2025,brimo,aplikasi brimo kadang susah akses server error,-2,negatif
Raden risky ramadhan,aplikasi nya tidak enk banget salah dikit aja langsung terulang tolong dong otpnya diwa aja jangan di SMS tolong dong di perbaiki tolong dong sekalian update yg lupa pin nya kak,2025,brimo,aplikasi tidak enk banget salah dikit langsung ulang tolong otpnya diwa pesan tolong baik tolong update lupa pin,1,positif
paulus Payong,kenapa tidak bisa diinstal yah,2025,brimo,tidak bisa diinstal,0,netral
muhammad rizky,ini knp bri g bisa login mentok di loading aja asli mana mau narik uang buat arjen astaga brimoo bkin org susah aja :),2025,brimo,bri tidak bisa login mentok loading asli narik uang arjen astaga brimoo bkin orang susah,-2,negatif
Kancil 44,utk proses pengaduan sangat lama,2025,brimo,proses adu sangat lama,-1,negatif
Abdul Natalia,"aplikasi brimo setelah update malah tidak mau masuk ke aplikasi,,, setiap mau masuk pasti selalu keluar ??",2025,brimo,aplikasi brimo update tidak masuk aplikasi masuk,0,netral
Yulius Surya Parjan,apakah setelah login dan membuka menu utama dimana terdapat jumlah rekening itu tidak dapat di screenshot lagi sekarang?,2025,brimo,login buka menu utama mana rekening tidak screenshot,0,netral
Riki Nyess,ini knapa sekarang mutasi rekening brimo ga bisa di screenshot??? ini penting buat aku yg biasa SS mutasi rekening biar tidak lupa isinya. misal lupa isinya saldo tiba2 berkurang siapa yg tanggung jawab??,2025,brimo,knapa mutasi rekening brimo tidak bisa screenshot ss mutasi rekening tidak lupa isi lupa isi saldo kurang tanggung,0,netral
Pepeng Pepeng,aplikasi ribet belibet,2025,brimo,aplikasi ribet belibet,-1,negatif
Siska Sabiyah,"Ini gmna sih sering bang gk bisa di buka tolong lah sistemnya di perbaiki, orang ada keperluan sangat menghambat",2025,brimo,gmna kakak tidak bisa buka tolong sistem baik orang perlu sangat hambat,1,positif
firstalova wulan cantika,"ngebug, gabisa dibuka, jadi menghambat proses transaksi",2025,brimo,ngebug tidak bisa buka hambat proses transaksi,0,netral
Dhirga jarangmandi,Saya mengalami gagal login.dan verifikasi KTP gagal terus,2025,brimo,alami gagal logindan verifikasi ktp gagal,-2,negatif
Febi Fenisia febi ola,"kopet saldo di kuras ampe kering gimana mksdnya,,",2025,brimo,kopet saldo kuras ampe kering mksdnya,0,netral
Yoni Shin,"suka gangguan, saya mau beli paket pakek Qris keterangan gagal, saldo berkurang, masuk notifikasi di mutasi, tapi saldo berkurang, coba lapor tau nya pelayanan nya lambat,",2025,brimo,suka ganggu beli paket pakek qris terang gagal saldo kurang masuk notifikasi mutasi saldo kurang coba lapor layan lambat,-2,negatif
Irkham Nurhadi,Kenapa selalu muncul koneksi internetmu kurang baik? Padahal koneksi internet normal.,2025,brimo,muncul koneksi internetmu kurang koneksi internet normal,0,netral
Nur Waqiah,"brimo kenapa sih padahal awal"" biaya adminnya 5.000 kok sekarang malah jadi 6.000. ini juga kenapa akhir² susah buat login selalu ada 'selesaikan panggilan telpon dulu' padahal ngk lagi telpon sama siapa². Gimana sih ini",2025,brimo,brimo biaya adminnya susah login selesai panggil telpon ngk telpon,-1,negatif
Karin Velisia,kecewa sudah gak bisa ambil screenshot.padahal sy yg pelupa memerlukan itu.,2025,brimo,kecewa tidak bisa ambil screenshotpadahal lupa,-1,negatif
Muhammad Jaelani,bagaimana cara buka aplikasi bnk brimo tapi lupa kata sandi sama name semua nya lupa,2025,brimo,buka aplikasi bnk brimo lupa sandi name lupa,0,netral
Yolanda Variska,"sumpah brimo lu ada masalah apa dah, katanya transaksi ada kendala ada kendala pas di cek ternyata berhasil semua, gua jadi double tf bjir",2025,brimo,sumpah brimo transaksi kendala kendala cocok cek hasil double transfer bjir,-2,negatif
Reval Pradesa,kata nya BRImo tempat aman dn nyaman buat simpan ke uangan tapi banyak potongan padahal notif sms bengking nya udah di non aktif kan tapi ttep kena potongan tiap bulan nya dari sms nya 🤦,2025,brimo,brimo aman dn nyaman simpan uang potong notif pesan bengking non aktif ttep kena potong pesan,2,positif
Mf Store,"susah login, loding terussss",2025,brimo,susah login loding teruss,-1,negatif
Atha Reva,kenapa brimo saya tidak dapat dibuka sudah seminggu tidak bisa dibuka,2025,brimo,brimo tidak buka minggu tidak bisa buka,0,netral
Deco Andrico,"kenapa cek saldo brizii, sekarang harus login dulu? padahal kemaren2 tidak. menyusahkan",2025,brimo,cek saldo brizii login kemaren tidak susah,-1,negatif
Pendi Nurohim,tidak bagus agak rumit ketika lupa pasword dan username,2025,brimo,tidak bagus rumit lupa pasword username,1,positif
Ananda Triian,Gak bisa log in suruh angkat telpon dulu ini gmn ya Mksdnya,2025,brimo,tidak bisa log in suruh angkat telpon gmn mksdnya,0,netral
Tri Arya,"kog brimo buat log in ribet skrg,pdahal dulu cuma masukin username passwor dan pin udah bsa ke buka,skrg hrus pakai verivikasi no hp,bkin susah aja",2025,brimo,kog brimo log in ribet skrgpdahal masukin username passwor pin bsa bukaskrg hrus pakai verivikasi no hpbkin susah,-2,negatif
Feri Wahyudi,"sdh 3x ketik password selalu salah dalam memasukkan pasword, ga tau knp.... padahal passwordnya bener.....ga tau knp",2025,brimo,ketik password salah masuk pasword tidak passwordnya benerga,0,netral
Agum Haris,"saat saya ingin melakukan transaksi, selalu saja gagal dan ada pemberitahuan saya harus keluar dari aplikasi lain. padahal saya tidak mengaktifkan aplikasi lain disaat bersamaan. bahkan sudah saya refresh, tapi tetap saja tidak bisa melakukan transaksi. ini sudah terjadi berkali kali sering delay seperti ini. tolong diperbaiki.",2025,brimo,transaksi gagal pemberitahuan aplikasi tidak aktif aplikasi saat sama refresh tidak bisa transaksi kali delay tolong baik,-1,negatif
regata agusvernando,mau daftar aja ribet banget hadeuh,2025,brimo,daftar ribet banget hadeuh,-1,negatif
Harry Purwanto,"kenapa tiba"" di Hp samsung galaxi A36 brimo g bisa di buka?? solusinya!?",2025,brimo,handphone samsung galaxi a brimo tidak bisa buka solusi,0,netral
Nzaa.,"fitur lupa pin dimunculkan lagi dong,masa harus ke kantor cs BRI lagi sih jaman digital dipermudah dong,masa harus ngantri terus dikantornya payah BUMN Indonesia !",2025,brimo,fitur lupa pin muncul dongmasa kantor customer service bri jaman digital mudah dongmasa ngantri kantor payah bumn indonesia,1,positif
Randi Y,"tolong jgn ambil uang kita , tiba ada biaya admin 3500 ga jelas tolong di hilangkan",2025,brimo,tolong ambil uang biaya tidak tolong hilang,0,netral
basri gemini,"sekarang ko sering gangguan sih, dikit"" minta d update, padahal blom lama d perbaharui udh minta d perbaharui lagi",2025,brimo,ganggu dikit update lama baharu baharu,-2,negatif
Fadilla Idkha Febriyanti,"saat akan buat akun kode verifikasi email terlambat masuk otomatis harus mengulang dari awal, tetapi terlalu sering diulang ada notif ""anda terlalu sering melakukan adegan ini""",2025,brimo,akun kode verifikasi email lambat masuk otomatis ulang ulang notif adegan,-1,negatif
Arie Somantri,BRImo ga bisa di buka?,2025,brimo,brimo tidak bisa buka,0,netral
andriana ekawatiputri,kenapa gak bisa daftar ya,2025,brimo,tidak bisa daftar,0,netral
Zani Anto,susah mau buka akun brimo,2025,brimo,susah buka akun brimo,-1,negatif
Mukhammad Ali,"sering muncul aplikasi tidak bisa dibuka non aktufkan menu exibililitas, padagal menu exibilitas sudah non aktif tp masih selalu muncul dan tidak bisa dibuka",2025,brimo,muncul aplikasi tidak bisa buka non aktufkan menu exibililitas padagal menu exibilitas non aktif muncul tidak bisa buka,0,netral
Rayagung Sidik (ORGAN),ko saldo saya tiba tiba 0 ya,2025,brimo,saldo,0,netral
desmon labuha,"brimo kenapa tidak ajukan pinjaman lagi ,,padahal semua pinjaman udah lunas ?",2025,brimo,brimo tidak aju pinjam pinjam lunas,0,netral
Khafif Arifin,"woi brimo klo jam 12 malam ke atas kenapa eror mulu si buat transaksi ,heran banget deh",2025,brimo,woi brimo jam malam error si transaksi heran banget,-1,negatif
Man Ajora,2 dulu karena belum puas,2025,brimo,puas,1,positif
Sawadheel Ad,"aplikasi gak ada mutu. masuk beranda loading mulu, 2 jam lebih. sedangkan buka aplikasi lain lancar, buka LIVIN mandiri sangat lancar, BCA juga lancar. kenapa Brimo sering gangguan?. team IT nya bagaimana?. sangat buruk pelayanan mu",2025,brimo,aplikasi tidak mutu masuk beranda loading jam buka aplikasi lancar buka livin mandiri sangat lancar bca lancar brimo ganggu team it sangat buruk layan mu,0,netral
Pen Tol,sekarang mau login ribet harus verifikasi wajah mending langsung bisa ini ngga harus lama itu pun masih ga bisa login mohon di bikin kaya dulu aja lah login lewat SMS lebih mudah untuk pengguna brimo,2025,brimo,login ribet verifikasi wajah mending langsung bisa tidak lama tidak bisa login mohon kaya login pesan mudah guna brimo,-1,negatif
Syarifudin,aplikasinya sangat membantu dan bagus Banget jadi memudahkan dalam bertransaksi.tapi yang kurang bagusnya.masa tiga kali lupa password login langsung di blokir...kan bikin ribet.terus mau ganti nomer hp juga harus datang ke kantor bri nya..sangat bikin ribet dijaman yang hampir serba online begini.percuma juga upload foto ktp sama selfie kalo harus datang ke kantornya,2025,brimo,aplikasi sangat bantu bagus banget mudah bertransaksitapi kurang bagusnyamasa lupa password login langsung blokir ribetterus ganti nomer handphone kantor bri nyasangat ribet jam serba online beginipercuma upload foto ktp selfie kantor,1,positif
Daren Keweng,eror tidak dapat di buka.,2025,brimo,error tidak buka,-1,negatif
Muh zacky Alfarisqi,kenapa brimo tdk bisa login,2025,brimo,brimo tidak bisa login,0,netral
Nur Laili Ramadhani,"bayar pake QR sejumlah 35.056, saldo aku 88.769 harusnya sisa uang tinggal 53.000, ini kenapa sisa uang tinggal 48.000. kenapa bayarnya tidak sesuai dengan jumlah yang tertera, kenapa bayarnya melebihi jumlah?? saya mau uangnya di kembalikan.",2025,brimo,bayar pakai qr saldo sisa uang tinggal sisa uang tinggal bayar tidak sesuai tera bayar lebih uang kembali,0,netral
Parman Santoso,mode keamanan sangat mengganggu aktifitas lainnya di hp kami....,2025,brimo,mode aman sangat ganggu aktifitas handphone,0,netral
Maturi Cah'em,"punya saya ko gx bisa dibuka... rincian,a apl ini memiliki bug... begitu.. kenapa ya",2025,brimo,gx bisa buka rinciana apl milik bug,0,netral
arieandrie yullyartha,min gimana caranya buka akun n kok tidak bisa di buka sama sekali,2025,brimo,buka akun n tidak bisa buka,0,netral
boCLAt jatenk,"Atm nya sering eror,,mesin nya kurang ok tombol nya kadang macet. trus saya mo nanya ,ke BRI,saya mo foto saldo di brimo ko bisa.tdk di perbolehkan sama BRI. kan ANEH,BIN LUCU,di saat bank lain bisa cek saldo n di screenshot. brimo yang bagus lah bikin aturan. #bri",2025,brimo,atm erormesin kurang ok tombol kadang macet mo nanya brisaya mo foto saldo brimo bisatdk boleh bri anehbin lucudi bank bisa cek saldo n screenshot brimo bagus atur bri,1,positif
MICHELLE MAGDALENA,dari pagi sampai sekarang gak bisa login sama sekali. buat bayar dadakan susah hbis di perbarui malah tambah sering error,2025,brimo,pagi tidak bisa login bayar dada susah hbis baru error,-2,negatif
rengDesa,Topup E-wallet dibikin susah. saya topup DANA masih disuruh ke aplikasi dana utk bikin virtual akun. cari referensi di group katanya suruh transaksi di jam kerja. kalau butuh nya di malam hari harus nunggu besok kan riwihtu BRI. tak seperti Bank Lain kemajuan teknologinya dann IT nya mumpuni,2025,brimo,topup ewallet bikin susah topup dana suruh aplikasi dana virtual akun cari referensi group suruh transaksi jam kerja butuh malam nunggu besok riwihtu bri bank maju teknologi dann it mumpuni,-1,negatif
Kadek Kharisma,kenapa makin banyak potongan nya ya dari 5k sampai sekarang jadi 9k jadi malas mau pakai dana sering ke Potong banyak pdhl jarang di pakai juga,2025,brimo,potong k k malas pakai dana potong jarang pakai,0,netral
RCN CHANNEL,"Tolong Untuk Brimo dibuat menjadi 24jam/7hari dong, Server sering down....kayak yang buat server anak lulusan SMP",2025,brimo,tolong brimo jam server downkayak server anak lulus smp,0,netral
Cuan Produk,saya coba beli pulsa lagi 30k tapi sama aja gak masuk dan uang saya terpotong 🥲,2025,brimo,coba beli pulsa k tidak masuk uang potong,0,netral
Komarudin,bagus sngt membantu,2025,brimo,bagus sngt bantu,1,positif
Edi S,setelah download brimo yang ini malah gak bisa login,2025,brimo,download brimo tidak bisa login,0,netral
Haritsya Natsir,"Saya ada kendala saat tranfer, nominal transferkan 10k masa saldo saya cukup tidak bisa transfer",2025,brimo,kendala tranfer nominal transfer k saldo tidak bisa transfer,-1,negatif
Nur Andika Eka Tristian,"Telp. call center bri pdahal antrian ke 1 , 10 menit hanya dengar info iklan saja. Belum sampe ke CS nya. Pulsa 50k hanya bisa cukup buat dengar iklan nya saja yang panjang",2025,brimo,telp call center bri pdahal antri menit dengar info iklan customer service pulsa k bisa dengar iklan,0,netral
Keprel Punk,"verifikasi KTP selalu gagal, ini mau daftar ulang karena nomer sempet keblokir, dan skarang udah aktifin nomernya, udah ke cabang 2 kali, kepusat sudah, suruh coba dirumah, ga ada solusi, masalahnya sama tetep di verifikasi KTP padahal KPT baru dan tidak buram, sy udah seminggu dan ga ada solusi, mohon direspon.. saya akan reting ulang kalau udah ada solusi",2025,brimo,verifikasi ktp gagal daftar ulang nomer sempet blokir skarang aktifin nomernya cabang pusat suruh coba rumah tidak solusi tetep verifikasi ktp kpt tidak buram minggu tidak solusi mohon direspon reting ulang solusi,-1,negatif
Prastiwi tiwik,kenapa kartu saya yang satunya tertulis aktif tapi gagal,2025,brimo,kartu satu tulis aktif gagal,-1,negatif
Wijaya 007,masak app sekelas perbankan sering error,2025,brimo,masak aplikasi kelas perban error,-1,negatif
Raraseptiani,knpa tidak bisa melakukan teranfer ke dana BRIMO saya,2025,brimo,knpa tidak bisa teranfer dana brimo,0,netral
Siti Ratniwersi,"ga enak bgt pake brimo, duit gue 50k raip gtu aj, mana mau buat makan. gaji kn udh dikasi ya sama perusahaan bri, kok rakyat kecil jg dimakan uangny",2025,brimo,tidak enak banget pakai brimo uang k raip gtu aj makan gaji kn kasi usaha bri rakyat makan uangny,0,netral
Muhamad Pratama,baik,2025,brimo,,0,netral
Silva Khairunisa,apa si brimo mau daftar mbangking aja susah.. brp kali coba d bagian foto ktp susah bangt.. gagal la batas limit la padahal udah benae fotoin nya.. prbaiki lagi dong udh 3 hari bejurut stuck d vrivfksi foto ktpnya,2025,brimo,si brimo daftar mbangking susah coba foto ktp susah bangt gagal la batas limit la benae fotoin prbaiki bejurut stuck vrivfksi foto ktpnya,-3,negatif
Reza Duulun,"tidak bisa masuk,😭",2025,brimo,tidak bisa masuk,0,netral
pria insyaf,"fitur layanan bebas pulsanya tidak bisa digunakan, waktu mau menghubungi malah balik lg ke menu awal",2025,brimo,fitur layan bebas pulsa tidak bisa hubung menu,0,netral
Rosna Almiraj,"""koneksi internet kurang baik"" padahal buka aplikasi lain lancar aja",2025,brimo,koneksi internet kurang buka aplikasi lancar,1,positif
Sand Flower,"Sumpah demi apapun gw nyesel pake ini Aplikasi,Login susah,password udh bener dibilang salah,Giliran udh 1 jam login dengan username & password yg sama malah masuk..stress anying,Finger print jg gabisa btw,padahal pas awal2 pake aman2 aja ini aplikasi... untung ada ATM deket rumah",2025,brimo,sumpah apa nyesel pakai aplikasilogin susahpassword bilang salahgiliran jam login username password masukstress anyingfinger print tidak bisa btwpadahal cocok pakai aman aplikasi untung atm deket rumah,1,positif
Revi Amanda,kenapa tiba tiba tidak bisa TF min badalan udh tutup aplikasi lain.. tp tetap gak bisa juga,2025,brimo,tidak bisa transfer badal tutup aplikasi tidak bisa,0,netral
Mahmudi Mahmud,Masih menunggu tindak lanjut BRIMO atas keluahan sdr Rommy Tanjaya tgl 29 11 25...sya mengalami hal serupa😔😔😔😔,2025,brimo,tunggu tindak brimo luah sdr rommy tanjaya tgl sya alami,0,netral
Daniel Kase,mengapa brimo sulit di gunakan? klau digunakan sering ada pemberitahuan untuk memastikan aplikasi lain tolong di perbaiki aplikasinya trimakasih,2025,brimo,brimo sulit klau pemberitahuan aplikasi tolong baik aplikasi trimakasih,0,netral
Dy Nata,"saat mendaftar dan setelah memasukkan nomor telefon dan memfoto KTP tiba tiba di suruh daftar ulang kembali,setelah daftar ulang kembali malah gabisa,,,maunya apa",2025,brimo,daftar masuk nomor telefon foto ktp suruh daftar ulang kembalisetelah daftar ulang gabisamaunya,0,netral
Iqrain Syamadal Ali,"saldo saya terpotong padahal transaksi qris gagal, tolong balikin saldo saya, udah banyak saldo saya terpotong",2025,brimo,saldo potong transaksi qris gagal tolong balikin saldo saldo potong,-1,negatif
Awall Pratama,lagi butuh banget malah gak bisa kebuka😭,2025,brimo,butuh banget tidak bisa buka,0,netral
Qwamkyend Narama,"sial setelah di perbaharui malah tidak bisa login, padahal masih ada pulsa data. hanya bisa login menggunakan WiFi 😰....",2025,brimo,sial baharu tidak bisa login pulsa data bisa login wifi,0,netral
Fahrul Fahri,"brimo yang terhormat, tolong adakan fitur ganti nomor di aplikasi brimo, kalau di suruh ke kantor Mungkin sebagian orang tidak sempat ke kantor karna menghalangi pekerjaan org 🙏🙏🙏",2025,brimo,brimo hormat tolong adakan fitur ganti nomor aplikasi brimo suruh kantor orang tidak kantor halang kerja orang,0,netral
Optimum Preed,"gangguan, susah buat ngirim klo kyak gini",2025,brimo,ganggu susah ngirim kyak gin,-2,negatif
Jagoan Neon,penanganan nya lelet,2025,brimo,tangan lelet,0,netral
Saibi Kasim,"Bagus, mudah digunakan dan anti macet.. 👍👍👍",2025,brimo,bagus mudah anti macet,2,positif
Lisna “Lisna” Wati,"2 hari kemaren otomatis diupdate sejak diupdate malah gak bisa dipake alasannya koneksi internet buruk padahal signal HP kenceng kuota juga masih banyak, heran dech... coba dicek ulang donk aplikasi nya kalo ky gini terus bener bener susah mau pake buat bayar atau transfer",2025,brimo,kemaren otomatis diupdate diupdate tidak bisa dipake alas koneksi internet buruk signal handphone kenceng kuota heran dech coba cek ulang donk aplikasi ky gin susah pakai bayar transfer,-2,negatif
Edo Pratama,Klo kata sandi kita lupa buat login cara nya gmna ya sedangkan nmor yg terdaftar sudah hilang,2025,brimo,sandi lupa login gmna nmor daftar hilang,0,netral
Ibnu Andika,"ayo BRI kenapa TF ke dana gak bisa mempersulit nasabah ,kecewa berat",2025,brimo,ayo bri transfer dana tidak bisa sulit nasabah kecewa berat,-2,negatif
Gilang Arlianda,saya ingin melupakan kata sandi dan pin tapi tidak ada bantuan,2025,brimo,lupa sandi pin tidak bantu,0,netral
Eko Wahyu,tolong sitem dievaluasi. untuk transaksi sangat lama!! terkadang sampe 1 hari baru masuk,2025,brimo,tolong sitem evaluasi transaksi sangat lama terkadang masuk,-1,negatif
Nazir Yulia,"Aneh catatan mutasi atau Riwayat transaksinya gk langsung muncul aneh banget padahal bank"" digital lain yg masih kecil"" bisa langsung keluar Riwayat transaksinya",2025,brimo,aneh catat mutasi riwayat transaksi tidak langsung muncul aneh banget bank digital bisa langsung riwayat transaksi,0,netral
achmad dachlan,sering troble saat penarikan tunai tanpa kartu,2025,brimo,troble tari tunai kartu,0,netral
asfa syafiq,"parah sih 2 hari tidak bisa log in, sdah diperbaruhi selalu pemberitahuan. Mohon maaf kami belum bisa proses transaksimu.",2025,brimo,parah tidak bisa log in sdah baruh pemberitahuan mohon maaf bisa proses transaksi,-1,negatif
Zul Kyfly,Username sama kata sandi tidak terdaftar terimakasih,2025,brimo,username sandi tidak daftar terimakasih,0,netral
Yohan Jowo,Tolong lah Benahi lagi.. sering transaksi TF ke Dana gangguan terus.. saya jadi gak bisa transaksi,2025,brimo,tolong benah transaksi transfer dana ganggu tidak bisa transaksi,-1,negatif
Sarkani 09,saya sdh punya rekening BRI malah gak bisa pake rekening saya,2025,brimo,rekening bri tidak bisa pakai rekening,0,netral
Zaki Rizki,apk ini makin kesini ko makin aneh.saya mau transfer pas sesuai saldo ko gak bisa malah ada pemberitahuan saldo tidak cukup.pdhal saya sisasin 10rb tapi tetap ga bisa untuk admin yng 2500,2025,brimo,aplikasi kesini anehsaya transfer cocok sesuai saldo tidak bisa pemberitahuan saldo tidak cukuppdhal sisasin ribu tidak bisa yng,0,netral
Dimas Erlangga,"Makin aneh Sinyal bGaus GK bisa login belum lagi akun ortu kena bajak padahal tidak ad sama sekali pemberitahuan di google maupun di nomor telpon yg terkait tau"" kena bajak Transaksi terus"" Ampe kering saldo emng aneh makin aneh",2025,brimo,aneh sinyal bgaus tidak bisa login akun ortu kena bajak tidak ad pemberitahuan google nomor telpon kait kena bajak transaksi ampe kering saldo emng aneh aneh,0,netral
arwan setyabudi,"kurang aman, hrs spt yg lain ada pin wat login dan password wat transaksi",2025,brimo,kurang aman hrs spt pin wat login password wat transaksi,1,positif
Nordik K Poludu,"masalah jaringan tolong diperbaiki, jaringan bagus gak bisa login, padahal buka apk lain lancar",2025,brimo,jaring tolong baik jaring bagus tidak bisa login buka aplikasi lancar,3,positif
MandadaRh.,"sudah 1 minggu ini apk brimo selalu crash saat mau dibuka ta coba buat pengaturan izin tetep gabisa, tolong solusinya biar bisa dibuka lagi",2025,brimo,minggu aplikasi brimo crash buka ta coba atur izin tetep tidak bisa tolong solusi bisa buka,-1,negatif
Taroq 552,apalah nyimpan uang di afk ini tiga jam sekali selalu ke potong itu setiap hari kepotong terus terus lumayan banyak juga je potong nya kadang 6 Rb kadang 10 ribu 👎,2025,brimo,apa nyimpan uang afk jam potong potong lumayan je potong kadang ribu kadang ribu,0,netral
Mhd Raihan,"ini ada bug apa gimana sih, kok gua gak bisa ngetik tanda titik ya, pas masukin username nya, jadi gak bisa login lah",2025,brimo,bug tidak bisa ngetik tanda titik cocok masukin username tidak bisa login,0,netral
Widya Nur aulia,"ini knp brimo skrng jdi bermasalah tdk bisa login padahal sdah 4x dtang ke bank BRI langsung buat urus biar bisa login TPI malah tetap ga bisa..padahal sy pake brimo sdah lama kurang lebih 3-4 THN padahal email dan password di hafal tapi tetap minta KTP,,KTP sdah ad TPI tetap TDK bisa login hadehhh capek 4x ke bank buat urus itu TPI ga bisa2 login bahkan cs bank pun tdk bisa bantu",2025,brimo,brimo skrng masalah tidak bisa login sdah dtang bank bri langsung urus bisa login tidak bisapadahal pakai brimo sdah lama kurang thn email password hafal ktpktp sdah ad tidak bisa login hadehh capek bank urus tidak bisa login customer service bank tidak bisa bantu,-2,negatif
Eghy FX,"mutasi rek tidak sesuai dengan saldo, penyedot duit",2025,brimo,mutasi rekening tidak sesuai saldo sedot uang,0,netral
Aris Munandar,hari ini 27 november jam 13.23 BRimo ngga bisa di akses pas lg darurat.. ngeselin,2025,brimo,november jam brimo tidak bisa akses cocok darurat ngeselin,0,netral
Anggoro Martono,"susah sekali login internet kurang baik terus, padahal jaringan bagus. susah untuk transaksi.",2025,brimo,susah login internet kurang jaring bagus susah transaksi,-1,negatif
Nuzzaiq Bike,"untuk biaya tarik tunai di brilink cukup mahal, admin nya 2 kali.",2025,brimo,biaya tarik tunai brilink mahal,0,netral
fandy nadine,"potongan otomatis sendiri,susah ACC kartu kredit",2025,brimo,potong otomatis sendirisusah acc kartu kredit,0,netral
Remy Escort27,perbaiki Ceria kalian itu.. kok eror,2025,brimo,baik ceria error,0,netral
Hafidz Muzzaki,"sering eror sya jdi sering bolak-balik ngurusin mbanking ke bank karna pasword tiba-tiba gx bisa login padahal blm lama masih bisa login, tolong dong di perbaiki lg aplikasinya ini bank gede loh bukan bank yg recehan.",2025,brimo,error sya bolakbalik ngurusin mbanking bank pasword tibatiba gx bisa login lama bisa login tolong baik aplikasi bank gede bank receh,-1,negatif
Sai Nk,saya suka ksai 2,2025,brimo,suka ksai,1,positif
Rahmalia Ellena,brimoo eror mulu,2025,brimo,brimoo error,-1,negatif
Tofa Wae,"setelah di update ,,for close",2025,brimo,update for close,-1,negatif
Wiw Diyah,kenapa kalau di buat transfer ke dana selalu eror ya,2025,brimo,transfer dana error,-1,negatif
Rafly Ariditya,"padahal mau ngambil gaji, eh malah koneksi internetmu kurang baik terus, padahal sinyal lancar pake wifi juga tetep aja gabisa",2025,brimo,ngambil gaji eh koneksi internetmu kurang sinyal lancar pakai wifi tetep tidak bisa,1,positif
Asisten AI,kocak tranfer di batasi jamnya,2025,brimo,kocak tranfer batas jam,0,netral
Nizaa Ramadhani,"kenapa pas daftar itu notifikasinya g masuk² yah? plis lahhh. gimana mau daftar kalau notifikasi kode otp nya g masuk², udah cek berkali-kali nomornya udh bener tpi emang apknya yg bug💩",2025,brimo,cocok daftar notifikasi tidak masuk tolong lahh daftar notifikasi kode one time password tidak masuk cek berkalikali nomor apknya bug,0,netral
Pitra Putra,sekarang sering eror. tiap kali mau bayar lewat briva. eror terus .. tunggu beberapa saat giliran potongan terus gak ngotak. saldo 53.000. dalam dua minggu tinggal 37.000. . sekarang brimo banyak pembaharuan.. yg gak guna.,2025,brimo,error bayar briva error tunggu gilir potong tidak ngotak saldo minggu tinggal brimo baharu tidak,-2,negatif
ical ananda,kadang internet tidak stabil padahal jaringan kita bagus dan ga ngeleg. Saldo tiba-tiba berkurang padahal kita tidak melakukan transaksi.,2025,brimo,kadang internet tidak stabil jaring bagus tidak ngeleg saldo tibatiba kurang tidak transaksi,2,positif
Rangga Epra Lukas,aplikasi suka error.,2025,brimo,aplikasi suka error,0,netral
diena salsabila,"kadang transaksi gagal dhl jaringan bagus, dana balik stlh bbrp hari, kdng macet d tengah aplikasi d kembalikan tdk bisa, lanjut juga gabisa hp harus di restart (krna muncul notifikasi)",2025,brimo,kadang transaksi gagal dhl jaring bagus dana stlh bbrp kdng macet aplikasi kembali tidak bisa tidak bisa handphone restart krna muncul notifikasi,0,netral
Aprilianti 01,"sya kurang puas karna gak bisa masuk,",2025,brimo,sya kurang puas tidak bisa masuk,1,positif
Glenna Gabriella Lanita Anna yati,belum berpengalaman,2025,brimo,alam,0,netral
profil gypsum OKE,gak bisa login,2025,brimo,tidak bisa login,0,netral
Yuyun Yuyun121,gimna cara daftar susah kali,2025,brimo,gimna daftar susah,-1,negatif
Bastian Syahier,"aplikasi dajjal ada tuyulnya gak berenti"" uang keluar sendiri ..",2025,brimo,aplikasi dajjal tuyul tidak renti uang,0,netral
Ben Tara,tidak bisa daftar,2025,brimo,tidak bisa daftar,0,netral
Ladoot Caseel,"saldonya sering hilang tiap minggunya,, cek mutasi gak ada keterangannya",2025,brimo,saldo hilang minggu cek mutasi tidak terang,0,netral
Ueng Saja,brimo sedang gangguan kah?,2025,brimo,brimo ganggu kah,-1,negatif
Defita Dwi,tolong jangan dipersulit saat mau ganti akun dan masuk lagi diakun yang berbeda no rek. cukup verifikasi dari otp yg dikirim lewat sms or wa tanpa harus verifikasi dng foto ktp & swafoto lagi. Data sdh benar tp tidak bisa digunakan karna bermasalah di foto ktp.(ktp asli bkn fc) hrs menunggu 1x24 jam baru bisa digunakan lagi saat berapa kali terjadi kesalahan sistem dlm perekaman ktp,2025,brimo,tolong sulit ganti akun masuk akun beda no rekening verifikasi one time password kirim pesan or wa verifikasi dng foto ktp swafoto data tidak bisa masalah foto ktpktp asli bkn fc hrs tunggu jam bisa salah sistem dlm rekam ktp,-2,negatif
SQ 7,"secara visual oke scara inovasi biasa aja mungkin perlu di tingkatkan seperti aktivasi mandiri, dan beberapa bag lainnya",2025,brimo,visual oke scara inovasi tingkat aktivasi mandiri bag,0,netral
Novia Rahmadani,"kecewa sama pelayananya, salah kirim krna nomor muncul di tap yang sering transaksi dana padahal sudah tidak pernah transaksi nomor tidak aktif dan sudah tidak terdaftar tapi tetep berhasil transaksi, dan respon di aduan juga ga nyambung!!",2025,brimo,kecewa pelayananya salah kirim krna nomor muncul tap transaksi dana tidak transaksi nomor tidak aktif tidak daftar tetep hasil transaksi respon adu tidak nyambung,-1,negatif
Evi Evi,sering susah untuk trnsver dan tarik uang.,2025,brimo,susah trnsver tarik uang,-1,negatif
Famili 22,knpa sih jaringan stabil kok loading terus,2025,brimo,knpa jaring stabil loading,0,netral
Umi Umayroh365,tiap mau update Brizzi ko invalid request terus ?? kenapa sih itu,2025,brimo,update brizzi invalid request,0,netral
Adil Alfala,"BRImo memalukan sekali ! Rupanya belum ada fitur pembelian pulsa/paket data Smartfren. Segera perbaiki, Min",2025,brimo,brimo malu fitur beli pulsapaket data smartfren baik,1,positif
Asis Rayandra,mau login susahnya minta ampun,2025,brimo,login susah ampun,-1,negatif
edi iswanto,ngak bisa di buka.nelpon cs malah mgabisin pulsa saja.,2025,brimo,ngak bisa bukanelpon customer service mgabisin pulsa,0,netral
Maun 0233,tambah kesini tambah jelek amat. tf ke Dana saldo ke potong tapi gagal,2025,brimo,kesini jelek transfer dana saldo potong gagal,-2,negatif
Aziz Siregar,tidak bisa login padahal sinyal bagus,2025,brimo,tidak bisa login sinyal bagus,1,positif
Mas B,"cicilan emas nya kalau bisa jangan menunggu bulan depan , seharusnya mau bayar cicilan emas nya bisa kapan pun,toh adminnya tetap ada,ini setelah pembayaran cicilan,tagihan berikutnya akan muncul di bulan depan,kelamaan menunggu,zaman sekarang ini semua mesti serba cepat lah",2025,brimo,cicil emas bisa tunggu bayar cicil emas bisa puntoh adminnya adaini bayar cicilantagihan muncul depankelamaan menungguzaman mesti serba cepat,1,positif
Crypton Nite,"gagal bayar qris... ktx...tp saldo terpotong n hilang.... udh tanya Sabrina.. kirim email ga ada kejelasan sma sekali... bnr"" mengecewakan! pengaduan blm ada kejelasan.. smpe 3hari berikutnya baru ada refund saldo dr transaksi qris yg gagal... maaf.. bintang 2 dl",2025,brimo,gagal bayar qris ktxtp saldo potong n hilang sabrina kirim email tidak jelas bnr kecewa adu jelas smpe refund saldo transaksi qris gagal maaf bintang dl,-3,negatif
#oNoK 07,gak jelasss,2025,brimo,tidak jelass,0,netral
Dedy Indra P,"brimo brimo , bentar2 gagal login bentar2 koneksi buruk pdhl lancar akan jaya, etdah pas lg di butuh2in gak bisa dibuka gini terus dah",2025,brimo,brimo brimo bentar gagal login bentar koneksi buruk lancar jaya etdah cocok butuh in tidak bisa buka gin,-1,negatif
nawawi jewelery,sudah bagus tapi tlpn costumer servis bagian kartu kredit tidak perna di angkat walau sudah menunggu 10 menit,2025,brimo,bagus tlpn costumer servis kartu kredit tidak perna angkat tunggu menit,1,positif
Frendy Adytya,kenapa gak bisa login,2025,brimo,tidak bisa login,0,netral
Ayu Ferasya,"tolong lh kenapa susah masuk, dibilang GK ad koneksi internet lah jaringan lemah lah, pdhl wifi dan data baik2 saja, sangat tidak membantu",2025,brimo,tolong lh susah masuk bilang tidak ad koneksi internet jaring lemah wifi data sangat tidak bantu,-1,negatif
Slvi Gugere,ga bisa masuk salah muluh di foto,2025,brimo,tidak bisa masuk salah muluh foto,0,netral
Bocah Brumbung,"kenapa ya malam ini apknya ndak bisa digunakan, 3 dulu lah",2025,brimo,malam apknya ndak bisa,0,netral
Yanti Chomel,knpa sih udah bener daftar nya TPI g bisa masuk ke akun nya.,2025,brimo,knpa daftar tidak bisa masuk akun,0,netral
Rizki Simorangkir,saldo tertahan tolong di perbaiki dong,2025,brimo,saldo tahan tolong baik,1,positif
Asbi Poseidon,habis update ke versi terbaru setelah login tdan mau topup Tara... peringatan disuruh tutup semua aplikasi oke lanjut gwe tutup login ulang tapi taraaa sama aja dan peringatan itu ada detikanya 5detik tapi detikanya gak jalan stak di 5 aja gak mau berkurang + saya gak bisa ke home hp dan buka aplikasi lainya alis brimonya stak gak bisa dipencet sama sekali nyesel? iya udah chat cs gak ada solusi solusinya sama suruh tutup apk lain tapi gak ngaruh,2025,brimo,habis update versi baru login tdan topup tara ingat suruh tutup aplikasi oke gwe tutup login ulang taraa ingat detikanya detik detikanya tidak jalan stak tidak kurang tidak bisa home handphone buka aplikasi lai alis brimonya stak tidak bisa pencet nyesel iya chat customer service tidak solusi solusi suruh tutup aplikasi tidak ngaruh,0,netral
Maria Elva,ini knpa aplikasinya gk bisa di bukak yha,2025,brimo,knpa aplikasi tidak bisa bukak yha,0,netral
rizal rohman,we detected something blocking the application screen. to make sure your data is safe. please close up popups and other overlays. if Nothing is Obstructing the application screen. try to restart the application and perform a malware scan. kenapa ada tulisan seperti itu ya?,2025,brimo,we detected something blocking the application screen to make sure your data is safe please close up popups and other overlays if nothing is obstructing the application screen try to restart the application and perform a malware scan tulis,-1,negatif
Taryono Atph,tolong ada in listrik/token,2025,brimo,tolong in listriktoken,0,netral
Haffizh Bayu,"apa apaan ni tiba "" ada potongan dgn dalih biaya notifikasi mana lumayan lagi 2000 an lebih padahal saya ga ada make buat apa "" lho woy admin di perbaiki donk sistem nya",2025,brimo,potong dalih biaya notifikasi lumayan an tidak make lho woy baik donk sistem,1,positif
Kasni Mangar,"tiba"" eror BRIMO bingung juga gimana solusinya ini",2025,brimo,error brimo bingung solusi,-2,negatif
Diyahh Indahsary0924,kenapa ewallet dibrimo tiba2 tidak bisa digunakan .biasanya lancar2 aja,2025,brimo,ewallet dibrimo tidak bisa lancar,1,positif
Irfan,sudah lumayan bagus,2025,brimo,lumayan bagus,1,positif
t_omat,kenapa brimo tidak bisa dibuka dihape Motorola?,2025,brimo,brimo tidak bisa buka dihape motorola,0,netral
Azzam Saefudin R,"tolong benerin min, gabisa login ni min",2025,brimo,tolong benerin tidak bisa login,0,netral
Nong Dewi,"knp brimo ga visa di update?, setiap buka selalu nge bug ""apk telah berhenti""",2025,brimo,brimo tidak visa update buka nge bug aplikasi henti,0,netral
Good Nawaitu,BI Fast tidak bisa di gunakan,2025,brimo,bi fast tidak bisa,0,netral
Nur syafiqoh,"please deh, saya lagi jutuh tf ga bisa kenapa dah sering troble",2025,brimo,please jutuh transfer tidak bisa troble,0,netral
nabila cania,"kenapa ya setelah update brimo kok ga bisa masuk ya ""selesaikan panggilan telepon dahulu""demi mengaja keamaan brimo akses di batasi""kenapa ya gitu kemaren pas lagi telefonan tetap bisa transaksi sekaranag kok ga bisa ya jadi ribet gitu susah jd nya. bahkan saya sudah hapus ulang tetap sama, kenapa semakin di update semakin ribet.",2025,brimo,update brimo tidak bisa masuk selesai panggil telepon dahuludemi aja ama brimo akses batasikenapa gitu kemaren cocok telefon bisa transaksi sekaranag tidak bisa ribet gitu susah hapus ulang update ribet,-3,negatif
Fe Bian,"tidak bisa login, aplikasi sudah diperbarui tetapi tidak bisa masuk",2025,brimo,tidak bisa login aplikasi baru tidak bisa masuk,0,netral
Julianti Khalif,kalau bisa ditambahkan fitur isi nominal untuk penarikan diagen brilink karna kami agak kesusahan kalau menarik namun nominalnya tdk ada dipilihan jadi kami dobel untuk penarikannya,2025,brimo,bisa fitur isi nominal tari agen brilink susah tarik nominal tidak pilih dobel tari,-1,negatif
GWEN PANGAN PERSADA,tiba2 ngga bisa d buka,2025,brimo,tidak bisa buka,0,netral
arie imyut,"Min aplikasi brimonya udah update tapi gak bisa buat bayar PDAM, mau masukan ID Pelanggan gak bisa ketik HURUF, gimana ini?",2025,brimo,aplikasi brimonya update tidak bisa bayar pdam masuk id langgan tidak bisa ketik huruf,0,netral
Syahrul 123,"saya mau masuk ke akun saya, pas memasukan kata sandi katanya kata sandi atau username yang Anda masukan salah, padahal belum di ganti, mohon bantuan dan informasinya, saya mau transaksi bukan nya mempermudah malah jadi lambat mohon perbaikannya , Terima kasih",2025,brimo,masuk akun cocok pasu sandi sandi username masuk salah ganti mohon bantu informasi transaksi mudah lambat mohon baik terima kasih,1,positif
Yessi Purwati16,"ini kenapa habis di update mau log in susah banget baru mau masukkan kata sandi apk.nya sudah log out sendiri,, beri saya solusi",2025,brimo,habis update log in susah banget masuk sandi apknya log out solusi,-1,negatif
novita sari,"saya kok akhir akhir ini kurang begitu nyaman pake brimo, saya biasa tf ke lain bank pake bi fast itu enak lo, la ini tadi 2 kali kok saldo udah brkurang, kok si penerima sampe sekarang blm ada notif tf masuk. kok jd begini y brimo",2025,brimo,kurang nyaman pakai brimo transfer bank pakai bi fast enak la saldo brkurang si terima notif transfer masuk y brimo,1,positif
MUH Amran,maaf BRImo kenapa tiap hari muncul notif sering Tf sedangkan sya tdk pernah tf ....dan setia hari saldo hilang 1.500 smpai 3.500 .... paham sya tdk melalukan apa² ...tlong di perhatikan🙏🙏🙏,2025,brimo,maaf brimo muncul notif transfer sya tidak transfer setia saldo hilang smpai paham sya tidak lalu tlong perhati,0,netral
Sari Mulia,"tiba""tak bisa login masalah pasword tidak cocok,padahal pasword nyaa bener",2025,brimo,tibatak bisa login pasword tidak cocokpadahal pasword nyaa,0,netral
Sukma Jaya,"ko ke sini ke sini eror aja, log out mulu",2025,brimo,error log out,-1,negatif
sintaayu lestari,bagus tapi minta update terus.,2025,brimo,bagus update,1,positif
Tomi Romadon,Kenapa tidak bisa buat akun,2025,brimo,tidak bisa akun,0,netral
ikadek suputra 2suputra,apa sih gunanya di update terus Brimo nya ada aja masalah nya untuk setor tunai eror terus,2025,brimo,guna update brimo setor tunai error,-1,negatif
Hendi Yansyah,"saldo aku tiba tiba hilang ,semuanya, tolong dibantu min",2025,brimo,saldo hilang tolong bantu,0,netral
Agung Mundok,BRImo sangat membantu kami,2025,brimo,brimo sangat bantu,0,netral
Syawal Tpl,setiap saya buka aplikasi ini sungguh sangat menyebalkan...sy tidak mau lagi nabung di sini 🙏,2025,brimo,buka aplikasi sungguh sangat menyebalkansy tidak nabung,0,netral
yosense baos,BRIMO sy tidak bisa di akses,2025,brimo,brimo tidak bisa akses,0,netral
Siti Fatimah,"semakin GK jelas nih BRImo, mau daftar aja ribet, apa apa ribet, Halah... malas jadinya mau pke bri, tolong dong kalau ada orng yg mau daftar brimo itu jgn di persulit lagi, dengan banyaknya peraturan GK jelas. trimakasih",2025,brimo,tidak brimo daftar ribet ribet halah malas pakai bri tolong orng daftar brimo sulit banyak atur tidak trimakasih,-3,negatif
Ryan Hidayatulloh,"Tidak bisa verifikasi wajah, padahal sudah memenuhi syarat verifikasinya. Mohon memberikan solusinya. Terima kasih.",2025,brimo,tidak bisa verifikasi wajah penuh syarat verifikasi mohon solusi terima kasih,0,netral
Inggit Wd,kenapa ya notifikasi pemberitahuan aq gk mncul jd susah klu transaksi uda masuk blm gk ada notifikasi ya msti kita buka dulu aplikasi br tau klu masuk enggk ya gimana ya,2025,brimo,notifikasi pemberitahuan tidak mncul susah transaksi uda masuk tidak notifikasi msti buka aplikasi br masuk enggk,-1,negatif
PRAJA MANURU,mengapa Aplikasi Sering Ketutup sendiri bahkan tidak Menanggapi,2025,brimo,aplikasi tutup tidak tanggap,0,netral
Yudhi Prasetya,memuaskan sih cuma pas bagian login mau ketik pasword selalu muncul rekomendasi itu bahaya banget kalo pas hp jatuh ketemu orang bisa langsung di kuras tuh rekening untuk orang yg pw dengan pin sama(mirip),2025,brimo,muas cocok login ketik pasword muncul rekomendasi bahaya banget cocok handphone jatuh ketemu orang bisa langsung kuras rekening orang pw pin samamirip,0,netral
Bahrudin A,tidak bisa mentransfer dengan keterangan di suruh menutup aplikasi lain yg sedang di berjalan di latar belakang padahal sudah tidak ada sama sekali..,2025,brimo,tidak bisa transfer terang suruh tutup aplikasi jalan latar tidak,0,netral
dede Kamaludin,ko ga bisa daftar brimo sih kenapah,2025,brimo,tidak bisa daftar brimo kenapah,0,netral
P Eyy,"ini gimana sih min brim, aku udah top up saldo dana tapi error mulu transaksi (fp69) kok gak bisa2 tolong bantuanya",2025,brimo,brim top up saldo dana error transaksi fp tidak bisa tolong bantuanya,0,netral
SRI RAHAYU,"kenapa saat membuka aplikasi brimo nya sekarang susah?ada tulisan ""selesaikan paggilan telepon dulu"",jadi disaat pas mau berkepentingan jadi rumit. tolong diperbaiki 🙏",2025,brimo,buka aplikasi brimo susahada tulis selesai paggilan telepon dulujadi saat cocok penting rumit tolong baik,1,positif
Anggi Lingga Radana,"ya bagus lah, kurangnya dibandingkan dengan bank lain, ga bisa bayar ukt untuk UB dan ga bisa bayar pajak daerah sih",2025,brimo,bagus kurang banding bank tidak bisa bayar ukt ub tidak bisa bayar pajak daerah,1,positif
Shusanto Heru,"setelah upgrade tiap transaksi ga.bisa buka detail.transaksi,, kao.dibuka aktivts langsung keluar",2025,brimo,upgrade transaksi tidak bisa buka detailtransaksi kaodibuka aktivts langsung,0,netral
Penthoell,setelah di update knapa gk bisa buat transfer harus menutup aplikasi lain pdhal tidak sedang membuka apl lain,2025,brimo,update knapa tidak bisa transfer tutup aplikasi pdhal tidak buka apl,0,netral
Fauzi Kidzzz,brimo GX bisa di buka slalu ada tulisa selesaikan pang telpon anda dahulu padahal hp saya GX ada panggilan Sama sekali,2025,brimo,brimo gx bisa buka slalu tulisa selesai pang telpon handphone gx panggil,0,netral
Ozil Affan,"knapa hampir tiap dbuka selalu suruh update ke versi baru, padahal baru 2 hari habis di update kadang seminggu samlai 2 kali..",2025,brimo,knapa dbuka suruh update versi habis update kadang minggu samlai,0,netral
Irene Bl,Memudahkan dan Bagus👍,2025,brimo,mudah bagus,2,positif
Zainal Arifin,totong di perbaiki apikasi suka close sendiri tidak dapat di akses,2025,brimo,totong baik apikasi suka close tidak akses,1,positif
Ikhwan Alwan,kurangi potongannya bunga,2025,brimo,kurang potong bunga,0,netral
Riman Rima,"maaf developer,saya terpaksa mengembalikan aplikasi ini ke play store.saya tidak bisa menggunakannya,karena kamera hp saya bermasalah.jadi untuk pengambilan photo KTP, tidak jelas.",2025,brimo,maaf developersaya paksa kembali aplikasi play storesaya tidak bisa menggunakannyakarena kamera handphone bermasalahjadi ambil photo ktp tidak,0,netral
Rulli Ananda,"Uang yg sy pinjam dari BRI CERIA knpabelum masuk kerekening BRI sya , smentara jadwal pembayaran sudah muncul , bgaimna ini ?? coba tolong diperbaiki",2025,brimo,uang pinjam bri ceria knpabelum masuk rekening bri sya smentara jadwal bayar muncul bgaimna coba tolong baik,1,positif
Azmhya azmhya,semoga bisa membantu..,2025,brimo,moga bisa bantu,0,netral
Weliman Ndruru,"Apk nya bagus aman, cepat untuk pengiriman dan penarikan dana",2025,brimo,aplikasi bagus aman cepat kirim tari dana,3,positif
Dyah Ratna Sari,sering banget terjadi gangguan disaat butuh,2025,brimo,banget ganggu saat butuh,-1,negatif
Sarman truus,"Saya kurangin bintang nya, karena ke sulitan untuk login, bahkan baru pencet masuk belum sempat masukin user ID udah langsung keluar dari aplikasi. makin kesini bukan nya makin bail malah makin bobrok ni aplikasi",2025,brimo,rangin bintang sulit login pencet masuk masukin user id langsung aplikasi kesini bail bobrok aplikasi,-1,negatif
Put Xin,good,2025,brimo,good,0,netral
ANDIK PRASETYO,"Saya harap dari Tim pengembang untuk memperbaiki segera, aplikasi nggak bisa masuk selalu keluar saat mau login",2025,brimo,harap tim kembang baik aplikasi tidak bisa masuk login,1,positif
Nur Hikmah,"aplikasi BRImo saya tidak bisa dibuka sudah lebih dari 4 hari ini, klo mau dibuka pasti muncul notifikasi nonaktifkan aksesibilitas pada ponsel ada BLA BLA bla padahal, semua notifikasi aksesibilitas sudah saya nonaktifkan sejak lama tapi tetep saja setiap buka brimo pasti muncul notifikasi seperti diatas yang saya jelaskan, tolong bantuannya 🙏🏻",2025,brimo,aplikasi brimo tidak bisa buka buka muncul notifikasi nonaktif aksesibilitas ponsel bla bla bla notifikasi aksesibilitas nonaktif lama tetep buka brimo muncul notifikasi atas tolong bantu,-1,negatif
Joandi Saputra,knpa sih minta update terus 🥴,2025,brimo,knpa update,0,netral
FiorFata,"min ukuran kode QR pembayaran nya setelah di update malah jadi kecil min, jadi nya susah saat bayar pas di scan di Indomaret ama Alfamart",2025,brimo,ukur kode qr bayar update susah bayar cocok scan indomaret ama alfamart,-1,negatif
Paksi Wahyu,"ada masalah ketika verifikasi wajah, ""tidak ada kamera"" padahal ijin sudah diberikan, koneksi internet baik tapi juga muncul alasan koneksi internet buruk. proses jadi lama dan tidak efisien. mohon diperbaiki. terimakasih",2025,brimo,verifikasi wajah tidak kamera ijin koneksi internet muncul alas koneksi internet buruk proses lama tidak efisien mohon baik terimakasih,-1,negatif
Nardi 2019,"Saya Ralat dari bintang satu je bintang tiga dulu.. karena Brimo sy sudah aktif & Hanya terpotong satu notif 700 rp, & yg bikin tidak nyaman kenapa setelah aktifkan Brimo bnyk Yg tlpn 2 Spam yg tdk jelas penawaran2 dll...",2025,brimo,ralat bintang je bintang brimo aktif potong notif rp tidak nyaman aktif brimo bnyk tlpn spam tidak tawar dll,1,positif
dirgaadinugraha 06,"halo kak,butuh bantuan saya ga bisa verifikasi wajah",2025,brimo,halo kakbutuh bantu tidak bisa verifikasi wajah,0,netral
Komeng,"overall bagus.. tampilan gampang dimengerti dan mudah melakukan transaksi, hanya saja setelh update ini agak janggal.. saat ingin melakukan topup dana selalu error? ""akun tidak ditemukan "" selang beberapa hari, barulah bisa melakukan transaksi seperti bisanya?",2025,brimo,overall bagus tampil gampang erti mudah transaksi setelh update janggal topup dana error akun tidak temu selang baru bisa transaksi bisa,1,positif
Abhel Bray,"minta update mw di coba dulu, mudah²n lebih lancar & transaksi lebih mudah. kasih bintang sgini dulu klw bagus di tambahin lagi.",2025,brimo,update mw coba mudahn lancar transaksi mudah kasih bintang sgini klw bagus tambahin,3,positif
Ahmad S77,"msih Suka lmbat nangkap Sinyal, Pdahal Sinyal bgus. dobleh",2025,brimo,msih suka lmbat nangkap sinyal pdahal sinyal bgus dobleh,1,positif
Rus Ma,"Ribet dah.. ganti pisik kartu sim, dengn nomer yg sama.. malah gak bisa di akses ini brimo 🥱",2025,brimo,ribet ganti pisik kartu sim dengn nomer tidak bisa akses brimo,-1,negatif
Anggi Mega Rizki,"sering nutup sendiri aplikasinya, jangankan mau masuk, baru mau isi username dan pass langsung nutup sendiri. mohon bantuannya",2025,brimo,nutup aplikasi masuk isi username pass langsung nutup mohon bantu,0,netral
Alfian Riswanto,"Maaf, kenapa brimo menutup sendiri atau tidak bisa di buka ya",2025,brimo,maaf brimo tutup tidak bisa buka,0,netral
Rianto Derman Ganda,bintang 3 dulu; notifikasi BRINS OTO SANGAT mengganggu; APALAGI MALAM2,2025,brimo,bintang notifikasi brins oto sangat ganggu malam,-1,negatif
Irfan Irfan,knapa ya pendaptaran di vrifikasi wajah kamera tida muncul.,2025,brimo,knapa pendaptaran vrifikasi wajah kamera tida muncul,0,netral
Saras Suratmi,kenapa aplikasi brimo eror slalu muncul tulisan notifikasi,2025,brimo,aplikasi brimo error slalu muncul tulis notifikasi,-1,negatif
Ri no,gimna ini cara memperbaikinya keluar langsung tanpa bisa masuk sama sekali,2025,brimo,gimna baik langsung bisa masuk,1,positif
Bili Abdilah,notifikasi bisa sat set gak si,2025,brimo,notifikasi bisa sat set tidak si,0,netral
Siti Zumrotun,riwayat transaksi banyak yang TDK tersimpan pembayaran gagal tapi saldo tidak kembali isi saldo yang masuk cuma notifikasi saldonya ga.,2025,brimo,riwayat transaksi tidak simpan bayar gagal saldo tidak isi saldo masuk notifikasi saldo tidak,-1,negatif
Davina Djiantara,Di-update malah susah dibuka!,2025,brimo,diupdate susah buka,-1,negatif
Muh Samirin,Baru masuk mau nyoba in,2025,brimo,masuk nyoba in,0,netral
Asep Muhamad99,"Kasih bintang 1 buat apk ini , karna makin sini makin banyak eror nya ,begitu transaksi pembayaran gagal atau di proses , di situlah saldo kita terpotong dan tida masuk lagi , minta bantuan ke callservice nya juga percuma kaga di proses""",2025,brimo,kasih bintang aplikasi error transaksi bayar gagal proses situ saldo potong tida masuk bantu callservice kaga proses,-2,negatif
darling jhie,heran sudah update aplikasi brimo malah sering eror klo dikampung dipakainya lancar aja tp ketika di bawa ke kota kabupaten nda bisa kebuka padahal harusnya makin bagus karena jaringan di ibukota kabupaten bagus,2025,brimo,heran update aplikasi brimo error kampung pakai lancar bawa kota kabupaten nda bisa buka bagus jaring ibukota kabupaten bagus,2,positif
kang happy,hayo we terus update. meni bosen. apk bank lain ga se sering bri. herman deh,2025,brimo,hayo we update meni bosen aplikasi bank tidak bri herman,0,netral
U N,"terlalu banyak biaya biaya yang di potong oleh pihak BRI,Mulai dari biaya adm,sms,pemeliharaan rek dll,baru tdk di infokan sebelumnya langsung main potong",2025,brimo,biaya biaya potong brimulai biaya admsmspemeliharaan rekening dllbaru tidak info langsung main potong,0,netral
Atore Ollote,kenapa selalu kembali ke layar awal begitu apknya di buka,2025,brimo,layar apknya buka,0,netral
Petrus Rohit,tolong perbaiki bug nya agak kesel mental2 trus di buka di hp Motorola,2025,brimo,tolong baik bug kesel mental buka handphone motorola,1,positif
Hardin Situmorang,masih percobaan jd blm bisa kasih bintang penuh,2025,brimo,coba bisa kasih bintang penuh,0,netral
Rino dwi Syahputro,sudah di update kenapa ga bisa dibuka,2025,brimo,update tidak bisa buka,0,netral
Khusnul Cheizart,"makin di upgrade makin susah masuknya keluar notif anda sedang dalam panggilan terus, padahal g lagi nelpon",2025,brimo,upgrade susah masuk notif panggil tidak nelpon,-1,negatif
Ibnu 5BP,Lumayan Membantu Walau Kadang_Kadang Error,2025,brimo,lumayan bantu kadangkadang error,-1,negatif
Mas Jhayy,susah untuk login di perangkat baru,2025,brimo,susah login perangkat,-1,negatif
nanda aulia azwa,nggak bisa Q- RIS,2025,brimo,tidak bisa q ris,0,netral
Raihan Official,bagus cuma sering updet,2025,brimo,bagus update,1,positif
al nats,lumayan,2025,brimo,lumayan,0,netral
JERDiE.GOMEZ.manado,Bri seharusnya menambahkan fitur Baru di DEBIT seperti pin itu seharusnya nomor rekening saja seperti E MONEY BEDANYA DENGAN LIMIT di atas BRi,2025,brimo,bri fitur debit pin nomor rekening e money beda limit bri,0,netral
Achmad Soleh,sayah achmad soleh tadi dikin data belum masuk sangat kecewa,2025,brimo,sayah achmad soleh dikin data masuk sangat kecewa,-1,negatif
Septi Ana,mohon bantuannya ka aplikasi ni nga bisa di buka,2025,brimo,mohon bantu ka aplikasi nga bisa buka,0,netral
Kiageng Reksa Pati,Aplikasinya delay delay gitu ya,2025,brimo,aplikasi delay delay gitu,-2,negatif
elisa elis,kenapa apkikasi brimo tidak bisa dibuka apakah data aman mohon penjelasannya,2025,brimo,apkikasi brimo tidak bisa buka data aman mohon jelas,1,positif
Marni Situmeang,cukup baik,2025,brimo,,0,netral
Muhammad Ubaidillah,saldo tertahan padahal tidak punya pinjaman di bri dan sy isi saldo tetap masih saldo tertahan mohon inpo min,2025,brimo,saldo tahan tidak pinjam bri isi saldo saldo tahan mohon inpo,0,netral
Dian Kurniawati,"potongan terlalu sering ..saldo lama"" habis sendiri karna selalu ada potongan tida jelas tiap Minggu ..",2025,brimo,potong saldo lama habis potong tida minggu,-1,negatif
Amland Soulisa,saya suka,2025,brimo,suka,1,positif
Rita Hendayani,kenapa sering ada uang yg keluar dr saldo kalo keseringan lumayanlah tolong diperhatiin kenapa uang selalu keluar tanpa sebab .mksh,2025,brimo,uang saldo sering lumayan tolong diperhatiin uang mksh,0,netral
Ari Yanto,min..ini cicilan briguna udah selesai.sdh 2 bulan yg lewat.mau ngajuin limit lbh besar.malah mash proses kc cianjur trs..kalau gak lolos yaa dikasih tau dong...,2025,brimo,min cicil briguna selesaisdh lewatmau ngajuin limit lbh besarmalah mash proses kc cianjur trskalau tidak lolos kasih,0,netral
Renol Asdiwinata,biaya admin kurangin lah😜,2025,brimo,biaya rangin,0,netral
kezia,keseringan minta update,2025,brimo,sering update,0,netral
Riwan Toro,kenapa saya tidak bisa masuk aplikasi brimo,2025,brimo,tidak bisa masuk aplikasi brimo,0,netral
Dini Marianti,🥰,2025,brimo,,0,netral
Arie Yoga Purnama,"Brimo blm smpurna bwt keamanan kartu kredit virtual/fisikny tdk ad pngaturan transksi yg bs d atur on/off di luar negeri, domestik dlm negeri, transksi online, fitur nonaktifkn contactles tap & blokir smentara klw trselip lupa naruh sdgkan d apk bri credit card trbtas hny bs ubah pin cc, blokir prmanen kurg worth it msh mudah hacker sklas bank BUMN yg mudah d bobol, tolonglah update upgrade sistem inovasi IT ny tim trkait pduli tmbahkn fitur sprti kartu debit ada, 2026 segera prubahan follow up.",2025,brimo,brimo smpurna bwt aman kartu kredit virtualfisikny tidak ad pngaturan transksi bs atur onoff negeri domestik dlm negeri transksi online fitur nonaktifkn contactles tap blokir smentara klw trselip lupa naruh sdgkan aplikasi bri credit card trbtas hny bs ubah pin cc blokir prmanen kurg worth it msh mudah hacker sklas bank bumn mudah bobol tolong update upgrade sistem inovasi it ny tim trkait pduli tmbahkn fitur sprti kartu debit prubahan follow up,3,positif
Grystle 69,"aplikasi udah bagus membantu sekali TAPI, yang sering terjadi adalah tiba² tidak bisa transfer muncul notif "" demi keamanan dan kenyamanan, tutup semua aplikasi terlebih dahulu"" padahal sudah ngak ada aplikasi yang berjalan... asal lu tau WAKTU itu berharga cuman karna hal konyol kek gini ganggu aktifitas orang lain. tolong ini diperbaiki / cari solusi lain terkait ini.",2025,brimo,aplikasi bagus bantu tidak bisa transfer muncul notif aman nyaman tutup aplikasi ngak aplikasi jalan harga cuman konyol kek gin ganggu aktifitas orang tolong baik cari solusi kait,3,positif
Arief Bijaksana,"setelah di update aplikasi crash terus, ngga bisa dibuka",2025,brimo,update aplikasi crash tidak bisa buka,-1,negatif
Angga putra,"knpa skrang kok sering keluar sndri pas mau login,tolonglah klo bsa di benerin",2025,brimo,knpa skrang sndri cocok logintolonglah bsa benerin,0,netral
egi maulana,"Ada bug, ga bisa di buka aplikasinya nya..",2025,brimo,bug tidak bisa buka aplikasi,0,netral
Abay gaming,tolong di permudah untuk pembuatan username nya .. susahhh,2025,brimo,tolong mudah buat username susahh,1,positif
Mass Amaa,tidak bisa login hitam trs stuck di logo brimo,2025,brimo,tidak bisa login hitam stuck logo brimo,0,netral
Ajo Gober,baru coba lumayan bagus transaksi y,2025,brimo,coba lumayan bagus transaksi y,1,positif
bagus sajalah,lagi lancar² e malah ga bisa d buat transfer e🤦🤦🤦,2025,brimo,lancar e tidak bisa transfer e,1,positif
Muhamad Riziq Maulidi,"Mohon dengan sangat kepada pihak developer aplikasi, untuk bisa memperbaiki atau menambahkan opsi suara notifikasi. Karena jujur saya sering tertipu oleh suara notifikasi apalagi pas tanggal tua. Sering tiba2 ada notif masuk ""BRIMOO.."", auto girang dan gercep buat cek,, eh setelah dicek ternyata cuman notif promo goes 🗿. Rasanya sakit hati bgt 😭😭",2025,brimo,mohon sangat developer aplikasi bisa baik opsi suara notifikasi jujur tipu suara notifikasi cocok tanggal tua notif masuk brimoo auto girang gercep cek eh cek cuman notif promo goes sakit hati banget,1,positif
SALVIA NURUL AZZAHRA,jaringannya eror mulu padahal wifi sama data juga ada,2025,brimo,jaring error wifi data,-1,negatif
Siti wihdatul Umah,tolong aku mau login tpi ga bsa karna no yg buat daftar brimo udh ga aktif dan skrng aku ga bisa buka brimo? tolong ini gimana yaa??,2025,brimo,tolong login tidak bsa no daftar brimo tidak aktif skrng tidak bisa buka brimo tolong,0,netral
Nuur Azzahra,sekarang sering eror,2025,brimo,error,-1,negatif
Plen dot,"kenapa pas telfon atau vc brimo gk bisa dibuka? ada tulisan "" demi menjaga keamanan akun, akses brimo dibatasi sementara. gimana cara supaya pas vc atau telfon bisa buka brimo??",2025,brimo,cocok telfon voice call brimo tidak bisa buka tulis jaga aman akun akses brimo batas cocok voice call telfon bisa buka brimo,1,positif
ali Imron,makin ribet,2025,brimo,ribet,-1,negatif
Ana Chasanatun,"bikin aplikasi mbok ya jangan mempersulit, sering banget tiba2 gak bisa buat transfer dengan alasan masih berada dalam aplikasi lain, pdhl sedang tidak membuka aplikasi lain apapun, alhasil harus di un instal dulu, lalu instal lagi baru bisa buat transfer, lama2 capek sendiri",2025,brimo,aplikasi mbok sulit banget tidak bisa transfer alas aplikasi tidak buka aplikasi apa alhasil un instal instal bisa transfer lama capek,-2,negatif
Valentino Aldi,mbanking yang tidak rekomen untuk transaksi tengah malam,2025,brimo,mbanking tidak rekomen transaksi malam,0,netral
kecong186 kjm,kode otp SMS lama datang nya... setelah aplikasi d uninstal susah lag masuk otp nya telat datang melalu SMS cuma d wa kek biar cepat....,2025,brimo,kode one time password pesan lama aplikasi uninstal susah lag masuk one time password telat lalu pesan wa kek cepat,-1,negatif
Nengtalia Yuhu,halo selamat malam saya merasa kecewa dengan apk brimo ini sya mau pembelian/pembayaran pake QR belum juga masukin password saldo udah hilang terus ke QR tujuan gak masuk tolonglah brimo jangan seperti itu mohon untuk kelanjutanya,2025,brimo,halo selamat malam kecewa aplikasi brimo sya pembelianpembayaran pakai qr masukin password saldo hilang qr tuju tidak masuk tolong brimo mohon kelanjutanya,-1,negatif
Ria Eriana,kenapa ga bisa di update aplikasinya?mohon bantuannya,2025,brimo,tidak bisa update aplikasinyamohon bantu,0,netral
Koongz Fc,saya akan memberi bintang 5 kalau saya sudah bisa mengunakan brimo seperti semula,2025,brimo,bintang bisa mengunakan brimo,0,netral
Afriliya Sari,Aplikasi blm bisa jalan di hp Oppo saya,2025,brimo,aplikasi bisa jalan handphone oppo,0,netral
Arif Wahyu,"bagus sih, cuman ada gangguan yang bikin saya emosi dimana app ini selalu force close, bahkan saya saat mau membayar di sebuah kafe",2025,brimo,bagus cuman ganggu emosi mana aplikasi force close bayar kafe,-2,negatif
MANG BREE TV,"saya sudah 2 kali transaksi gagal, saldo saya berkurang tapi transaksi gagal, mohon pencerahannya nya pihak BRI",2025,brimo,transaksi gagal saldo kurang transaksi gagal mohon cerah bri,-2,negatif
Putri Andini,"kenapa sekarang tidak ada notif di aplikasi nya min, notifikasi sudah di aktifkan tetep tidak muncul notif dana masuk/keluar nya minn solusi nya minnnnn",2025,brimo,tidak notif aplikasi notifikasi aktif tetep tidak muncul notif dana masukkeluar minn solusi minn,0,netral
nur jaiia,kenapa sekarang brimo gangguan terus yaaa ..,2025,brimo,brimo ganggu,-1,negatif
Moh. Abdurrozaq,"sudah update apk malah tambah erornya. mohon ditindak lanjuti. saya setiap masuk ke apknya pasti ada tulisan, apk tidak ada tanggapan. WHY?",2025,brimo,update aplikasi eror mohon tindak lanjut masuk apknya tulis aplikasi tidak tanggap why,0,netral
Risqon Risqon,agak lelet ke loging,2025,brimo,lelet loging,0,netral
Arizal Rizal,"bisakah bantu saya, kenapa aplikasi ini sering kali minta update dan susah saya ngirim pulsa tapi diproses tapi ga masuk² kenapa yaa",2025,brimo,bantu aplikasi update susah ngirim pulsa proses tidak masuk,-1,negatif
Andre Eka Saputra,tidak bisa menggunakan brimo,2025,brimo,tidak bisa brimo,0,netral
Amerta Yoga,tolong sedia kan tabungan BRItama x nya ya,2025,brimo,tolong sedia tabung britama,0,netral
Rinaldi Linggau,mengapa dari tahun 2024 sampe 2025 ini setiap mengajukan pinjaman di briguna dan lainnya tidak bisa padahal saya termasuk dalam katagori karyawan,2025,brimo,aju pinjam briguna tidak bisa katagori karyawan,0,netral
Can,"Tolong apakah nomor 14010 nomor resmi dari bank BRI? Karena saya di telfon berkali-kali, dan saat di angkat mereka mengatas namakan dari BRI. Misal ini memang nomor resmi dan merupakan program baru dari BRI, lebih baik di kirim informasi garis besar lewat email ke nasabah. Jika nasabah tertarik baru kontak langsung ke BRI. Kalau di kontak tiba-tiba begini oleh nomor tidak dikenal mengganggu sekali.",2025,brimo,tolong nomor nomor resmi bank bri telfon berkalikali angkat atas nama bri nomor resmi program bri kirim informasi garis email nasabah nasabah tarik kontak langsung bri kontak tibatiba nomor tidak kenal ganggu,-1,negatif
Andre Yulio,"Secara keseluruhan sangat membantu dan bermanfaat. Hanya ada satu masalah 'kerepotan' kecil. Aplikasi BRImo SERING menganggap bahwa ada aplikasi lain yang harus ditutup, sementara tidak ada aplikasi lain yang dibuka/berjalan, bahkan hingga saya harus restart gawai berkali-kali dan langsung membuka BRImo ini. Harap dapatnya masalah ini ditinjau, guna kenyamanan pengguna/nasabah, sehingga saat 'waktu darurat' utk bertransaksi BAYAR lebih dapat terakomodir. (kendala per 27 Okt 2025).",2025,brimo,sangat bantu manfaat kerepot aplikasi brimo anggap aplikasi tutup tidak aplikasi dibukaberjalan restart gawai berkalikali langsung buka brimo harap dapat tinjau nyaman penggunanasabah darurat transaksi bayar terakomodir kendala okt,0,netral
Imam Mauludin,coba daftar registrasi akun perlu kode referral kok ribet ya,2025,brimo,coba daftar registrasi akun kode referral ribet,-1,negatif
Januardi Sianturi,setelah di update kenapa jadi ribet ya ? tidak bisa log in di saat lagi telvonan mohon di permudah dong,2025,brimo,update ribet tidak bisa log in telvonan mohon mudah,0,netral
Deky Zulkarnain,tolong verifikasi SMS belum mendapatkan untuk pendaftaran baru BRImo Terimakasih 🙏,2025,brimo,tolong verifikasi pesan daftar brimo terimakasih,0,netral
Sutardin 123,sangat membantu,2025,brimo,sangat bantu,0,netral
Muhammad Iqbal,"Awalnya gue udah kasih bintang 5 buat aplikasi ini ya, cuma sekarang gue kurangin. Coba kalian mikir dong kalo kasih notifikasi aplikasi yang berupa promo layanan sampai dengan announcement update versi terbaru tuh mikir di jam berapa. Masa gue selalu dapet notif di jam 2 pagi kayak sekarang? Mikir ga sih lu orang lagi istirahat.",2025,brimo,kasih bintang aplikasi rangin coba mikir kasih notifikasi aplikasi promo layan announcement update versi baru mikir jam dapet notif jam pagi mikir tidak orang istirahat,0,netral
Harta Hutagalung,knapa setelah foto KTP kok langsung kembali ke awal lagi,2025,brimo,knapa foto ktp langsung,0,netral
Dhani Cimbe,"sudah selesai buat akun, nama pengguna sudah pas pasword sudah pas tapi kenapa salah terus pas mau login..????",2025,brimo,selesai akun nama guna cocok pasword cocok salah cocok login,0,netral
Putri Rifatun Nikmah,kok aku mau daftar akun ga bisa terus ya..gimana nih apa harus ke kantornya dulu??,2025,brimo,daftar akun tidak bisa yagimana kantor,0,netral
Indra Amir,"Saya transaksi antar bank pakai bi fast dana sudah di debit selama seminggu s/d saat ini laporan transaksi masih proses aja, padahal saya membutuhkan transaksi sukses sebagai bukti pembayaran untuk dikirim ke pemilik rek tujuan",2025,brimo,transaksi bank pakai bi fast dana debit minggu sd lapor transaksi proses butuh transaksi sukses bukti bayar kirim milik rekening tuju,0,netral
King Rendesvouz,"apknya bagus dan membantu, TPI mohon jangan update terus.",2025,brimo,apknya bagus bantu mohon update,1,positif
Ratih nabilaalby,"Brimo punya saya awal bikin kok fitur""ny gak ada yaa? Kenapa",2025,brimo,brimo fiturny tidak,0,netral
Tara Simbolon,kenapa aplikasi ga bisa di buka ya? hanya logo brimo dan background hitam...,2025,brimo,aplikasi tidak bisa buka logo brimo background hitam,0,netral
warina mulihatu,ok,2025,brimo,ok,0,netral
Muhammad Farhan,"apalah ini verif wajah kga bisa"" udah sejam nii ah tolong lah",2025,brimo,apa verif wajah kga bisa jam nii ah tolong,0,netral
SOBAT LENCERAN,Setelah update versi terbaru brimo saya malah error,2025,brimo,update versi baru brimo error,-1,negatif
Isnadia Filiana (Bizzle),"saya kasih bintang 3 dulu, pengaduan saya belum terselesaikan",2025,brimo,kasih bintang adu selesai,0,netral
Muhammad Syahputra,"Tidak ada fitur melihat riwayat bunga bank, potongan pajak seperti aplikasi BANK JAGO, semoga kedepannya ada, agar terlihat jelas semua, uang keluar-masuk sekecil apapun. Tks.",2025,brimo,tidak fitur riwayat bunga bank potong pajak aplikasi bank jago moga depan uang keluarmasuk apa tks,0,netral
Putra Armada,kenapa sering tidak bisa transaksi sekrg,2025,brimo,tidak bisa transaksi sekrg,0,netral
Emerensiana Sia,bagus,2025,brimo,bagus,1,positif
Elang Raya,"Dikit² minta update, terlalu keseringan minta update",2025,brimo,dikit update sering update,0,netral
Rio mahindra,"we ini kok masalah jaringan terus pas mau login, saya mau bayar ini gabisa",2025,brimo,we jaring cocok login bayar tidak bisa,0,netral
Nur Fitriyani,"setelah update kenapa buka aplikasi dan transaksi jadi lambat banget ya alias lemot banget, padahal sinyal full ram 6gb aneh banget",2025,brimo,update buka aplikasi transaksi lambat banget alias lama banget sinyal full ram gb aneh banget,-2,negatif
Sriwita,kenapa setelah diupdate. username dan password salah. . trus bikin lupa usernama.. malah tidak terdaftar.... jadi ga bisa masuk akun brimo nya,2025,brimo,diupdate username password salah lupa usernama tidak daftar tidak bisa masuk akun brimo,0,netral
Kebot Doang,oke,2025,brimo,oke,0,netral
Isfa Udin,"saat mau membuat rekening baru semua Kendala pasti ada di username tersedia tidak ceklis , semua nya di situ kendalanya apakah tidak bisa di permudah untuk ceklis nya supaya yang lain keringanan untuk membuat nya apalagi yang tidak pernah membuat secara online 🙏",2025,brimo,rekening kendala username sedia tidak ceklis situ kendala tidak bisa mudah ceklis ringan tidak online,-1,negatif
sapto priyono,"kenapa tidak bisa di buka ini , setelah maskan sandi nutup lagi",2025,brimo,tidak bisa buka mas sandi nutup,0,netral
Eka Jati,terlalu sering login,2025,brimo,login,0,netral
Agung Tri,username selalu ndak bisa,2025,brimo,username ndak bisa,0,netral
Daffa Rafian F,"setelah update kok malah makin gak optimal ya? buka aplikasi nya lama banget, sampai sistem HP saya mendeteksi kalau ""BRIMO tidak menanggapi"" dan buka menu menu lain juga lama banget",2025,brimo,update tidak optimal buka aplikasi lama banget sistem handphone deteksi brimo tidak tanggap buka menu menu lama banget,-2,negatif
Kiswanto Adi,sering muncul amplikasi brimo tidak menanggapi. tolong dong kasih saranya,2025,brimo,muncul amplikasi brimo tidak tanggap tolong kasih sara,0,netral
Arif Suka,gak bisa pinjem duit,2025,brimo,tidak bisa pinjem uang,0,netral
"Bonatua Edynata Manihuruk, S.H.","mengapa saat buka aplikasi, malah beralih ke web yang bertuliskan Brimo terus berhenti, perangkat terdeteksi tidak aman",2025,brimo,buka aplikasi alih web tulis brimo henti perangkat deteksi tidak aman,1,positif
Slap slip Slup (Bunglon),mohon info.nya ka brimo saya lupa sandi 3x ngga bisa di buka lgi cara buka.nya gimana ya ka,2025,brimo,mohon info ka brimo lupa sandi tidak bisa buka lgi buka ka,0,netral
iwan iwan,terlalu sering gangguan,2025,brimo,ganggu,-1,negatif
Candra Lasdyantoro,Cara kembalikan investasi bodong yang terlanjur dananya terkirim?,2025,brimo,kembali investasi bodong lanjur dana kirim,0,netral
Wizz Vlog,"kenapa susah banget verivikasi wajah, padahal sinyal sudah bagus",2025,brimo,susah banget verivikasi wajah sinyal bagus,0,netral
Rambutan Rambutan,ok,2025,brimo,ok,0,netral
Ismail Iryanto,"kok aplikasi ini makin bermasalah ya,,, mau masuk tapi aplikasinya malah keluar., mau masuk., keluar lagi., mau masuk., keluar lagi.,,, tolong diperbaiki updatenya aplikasi ini., kita mau transaksi tidak bisa-bisa ini,,,aaahhhk😡😡😡",2025,brimo,aplikasi masalah masuk aplikasi masuk masuk tolong baik updatenya aplikasi transaksi tidak bisabisa iniaahhk,0,netral
Muhamad Rofidin,APKnya ga bisa dibuka ini knpa ya? dibuka tb tb kluar dgn sendirinya. tolongin saya🙏 saya lg butuh bgt🥹,2025,brimo,apknya tidak bisa buka knpa buka tb tb kluar tolongin butuh banget,0,netral
Mery Pabisa,"kenapa sih login BRIMO sekarang ribet banget, harus sesuai nmor Hp terdftar jaringan internetnya. terus gmna klo kita yg pke wifi atau data selulernya beda nmorrr???? ahhh mmperibet",2025,brimo,login brimo ribet banget sesuai nmor handphone terdftar jaring internetnya gmna pakai wifi data seluler beda nmorr ahh mmperibet,-1,negatif
Panji Pradana,Kenapa setelah di Update malah gak bisa di buka aplikasi'nya,2025,brimo,update tidak bisa buka aplikasi,0,netral
Hilal pulsa Sugi,belum punya rekening coba daftar online kok gk bisa ya.. padahal data sdh lengkap sesuai KTP.. semua proses sdh diverifikasi.. giliran buat PIN terakhir kok gak bisa..,2025,brimo,rekening coba daftar online tidak bisa data lengkap sesuai ktp proses verifikasi gilir pin tidak bisa,0,netral
Erik Alber,akhir akhir ini brimo susah digunakan untuk melakukan transfer 🙏,2025,brimo,brimo susah transfer,-1,negatif
yolandha very,"Setelah update malah aneh, mau transaksi disuruh tutup semua aplikasi lain. Padahal tidak ada aplikasi lain yg sedang berjalan",2025,brimo,update aneh transaksi suruh tutup aplikasi tidak aplikasi jalan,0,netral
Septa Maulana,"ini kenapa ya? padahal nomor udh kedaftar,tapi gak bisa login katanya nomornya belum.kedaftar",2025,brimo,nomor kedaftartapi tidak bisa login nomor belumkedaftar,0,netral
Hanifa Nur rahma,transfer ke dana orang tidak bisa 😔,2025,brimo,transfer dana orang tidak bisa,0,netral
titto bagus,lumayan,2025,brimo,lumayan,0,netral
Ayatulloh Ahad Robanie,5 agustus 2025 setelah update APK jadi crash terus saat pencet login. dan sama sekali tidak bisa di gunakan sudah mencoba clear cache dan cleanup HP tapi masih tetap crash,2025,brimo,agustus update aplikasi crash pencet login tidak bisa coba clear cache cleanup handphone crash,-2,negatif
HeNcut SNP_46,akhir akhir ini apk sangat lemot,2025,brimo,aplikasi sangat lama,-1,negatif
Jack Sandrio,makin di-update makin error,2025,brimo,diupdate error,-1,negatif
Random People,mungkin sudah lebih dari 8/9 bulanan aplikasi brimo saya tidak bisa melakukan pembayaran lewat qris kalau di scan secara langsung. tapi kalau qr code nya difoto dulu baru bisa. Kira-kira masalah seperti ini penyebabnya apa? karena agak kurang nyaman,2025,brimo,bulan aplikasi brimo tidak bisa bayar qris scan langsung qr code foto bisa kirakira sebab kurang nyaman,1,positif
septa neorina,kok susah bgd masukin foto ktp sudah 2 hari mencoba...gak jadi deh pake brimo nya,2025,brimo,susah banget masukin foto ktp mencobagak pakai brimo,-1,negatif
Lilis Susanti,"kenapa harus ada top up emas sih, kadang gk ngeh otomatis nambah aja top up emas pas transfer, maksa bgt, klo mau beli kita kan bisa beli sendiri dimenu emasnyy, biar bisa atur waktu beli yg pas. gk usah mksa, gk ngeh malah tepotong aja saldo top up otomatis. hilangkan, kyk biasa aja min🙏",2025,brimo,top up emas kadang tidak ngeh otomatis nambah top up emas cocok transfer maksa banget beli bisa beli menu emasnyy bisa atur beli cocok tidak mksa tidak ngeh tepotong saldo top up otomatis hilang kyk,3,positif
Jimi Afriandi,kirim otp lewat SMS HP ga bisa email lupa pasword,2025,brimo,kirim one time password pesan handphone tidak bisa email lupa pasword,0,netral
FaizNur Amrijal,aplikasi sering eror,2025,brimo,aplikasi error,-1,negatif
Lhical Avrieo,kenapa baru di perbarui apk brimo nya gak bisa transfer gangguan tutup aplikasi lainnya demi kenyamanan atau apa lah itu padahal saya gak buka apk lain,2025,brimo,baru aplikasi brimo tidak bisa transfer ganggu tutup aplikasi nyaman tidak buka aplikasi,0,netral
Firdan abdul Malik,abis TF malah ngebug... saya mau bayar kredivo bagaimana ini,2025,brimo,abis transfer ngebug bayar kredivo,0,netral
Mahaning,"selalu gagal di tahap foto KTP, itu kenapa ya? padahal mengikuti langkah2 yang ada...",2025,brimo,gagal tahap foto ktp ikut langkah,-1,negatif
Alif Refan,kenapa harus pakai wifi untuk instal dan menjalankan apknya jadi repot,2025,brimo,pakai wifi instal jalan apknya repot,-1,negatif
Lili Andriani,kenapa suka gangguan ya kadang² mau transfer gak bisa. padahal di saat genting pun gak bisa gimana dong perbaiki brimo nya jngan begitu..,2025,brimo,suka ganggu kadang transfer tidak bisa genting tidak bisa baik brimo jngan,1,positif
Ibnu Bener,tidak bisa login KRana tidak bisa masukan titik,2025,brimo,tidak bisa login krana tidak bisa masuk titik,0,netral
Faisol Umam,ok,2025,brimo,ok,0,netral
Momo Tuzallo,kode barcode qris tidak bisa di pakai di merchant apapun🤔🤔🤔🤔bagaimana penjelasan nya???,2025,brimo,kode barcode qris tidak bisa pakai merchant apapunbagaimana jelas,0,netral
Vivi Vi,"mau dftr mandiri udh foto ktp malah ga bisa, dgn alesan nomor hp tidak sesuai hadeeh",2025,brimo,dftr mandiri foto ktp tidak bisa alesan nomor handphone tidak sesuai hadeeh,0,netral
nanda ra,"kecewa sekali, uang sering sekali semakin hari semakin berkurang. padahal tidak ada transaksi tapi uang terus menerus berkurang dengan goib",2025,brimo,kecewa uang kurang tidak transaksi uang terus kurang goib,-1,negatif
Saiful Bahari,nie kanapa aplikasi brimo jadi mental mentalan Bae aplikasinya,2025,brimo,nie kanapa aplikasi brimo mental mental bae aplikasi,0,netral
Dwi Yulianto,"Halaman Pinjaman nama tertulis otomatis, ada tanda titik dan koma, tidak bisa diedit. Saat konfirmasi muncul tulisan merah, hanya boleh alfabet. Gimana mau konfirmasi? Perbaiki lah.",2025,brimo,halaman pinjam nama tulis otomatis tanda titik koma tidak bisa edit konfirmasi muncul tulis merah alfabet konfirmasi baik,1,positif
Ajie Achmad Putra,"tidak bisa login, invalid request",2025,brimo,tidak bisa login invalid request,0,netral
Ade Rahmayanto,saat buat sesuatu selalu username tdk tersedia maunya apa sih capeeek,2025,brimo,username tidak sedia mau capeek,0,netral
Jelita Paskalina90,ini kenapa daftar selalu tidak susuai nomer hp padahal benar padahal saya belum memiliki rekening juga,2025,brimo,daftar tidak susuai nomer handphone milik rekening,0,netral
ayi hidayat,iklan masuk lewat sms di brimo di kenakan biaya pada konsumen...,2025,brimo,iklan masuk pesan brimo kena biaya konsumen,0,netral
Fabian Arshandy,oke sih,2025,brimo,oke,0,netral
Srie Nurhayatie,ko sekarang susah banget buat masuk lagi dah coba 5 ga bisa masuk knpa dah ngikutin semua ko susah cc,2025,brimo,susah banget masuk coba tidak bisa masuk knpa ngikutin susah cc,-2,negatif
syah Ardiansyah,tiba tiba for close teruss,2025,brimo,for close teruss,-1,negatif
Fillah Audy S.R,"tiba-tiba aplikasi ada yang nge blok jadi gak bisa di gunakan, untuk pembayaran dengan brimo sangat-sangat terganggu, transfer harus melalui ATM, ada yang punya pengalaman sama?",2025,brimo,tibatiba aplikasi nge blok tidak bisa bayar brimo sangatsangat ganggu transfer atm alam,-1,negatif
nuruddin toriq,kenapa kalau sdh lunas bayar pinjaman briguna tadak bisa pinjsm lg kurang membantu dan ada potongan sms yg tiba-tiba terus,2025,brimo,lunas bayar pinjam briguna tadak bisa pinjsm kurang bantu potong pesan tibatiba,0,netral
ar yo,update stelah saya ganti hp malah g bisa masuk akun. pdhal email dan pasword sudah benar,2025,brimo,update stelah ganti handphone tidak bisa masuk akun pdhal email pasword,0,netral
Agung Nura,"tolonglah di perbaiki aplikasi brimo,harus nya setelah update bagus dong.ko masa ini error terus min.",2025,brimo,tolong baik aplikasi brimoharus update bagus dongko error,1,positif
Rendy Angga,"Sebelum di-update masih enteng buka aplikasi inim setelah di update bukannya tambah enteng, malah tambah berat mau buka Brimo 😭",2025,brimo,diupdate enteng buka aplikasi inim update enteng berat buka brimo,0,netral
Heromax Max,"kenapa sih musti harus di non aktifkan aksebilitas,kan jadi repot tiap hape beda beda ma,af saya ga jadi pake brimo saya ga mau ribet.masih banyak aplikasi digital yg lain dan penggunaannya mudah dan ringan.terpercaya.",2025,brimo,musti non aktif aksebilitaskan repot hape beda beda maaf tidak pakai brimo tidak ribetmasih aplikasi digital guna mudah ringanterpercaya,0,netral
Putra hadi Tantra,saldo saya tertahan udah hampir 1 bulan ini,2025,brimo,saldo tahan,0,netral
Wahab Fadli,kalau d pakai sering keluar tulisan bromo tidak menanggapi,2025,brimo,pakai tulis bromo tidak tanggap,0,netral
Johan lsmna,untuk pihak yang mengelola aplikasi brimo saya baru akan mendaftar akun di brimo tetapi stack di step terkahir di karenakan username tidak ada yang bisa kolom username tidak kunjung ceklis biru tolong di beri penjelasan dan cara agar saya bisa melewati itu. untuk saat ini saya kasi bintang 3 kalau saya sudah bisa mendaftar akan saya up bintang nya lagi trimakasih,2025,brimo,kelola aplikasi brimo daftar akun brimo stack step terkahir karena username tidak bisa kolom username tidak kunjung ceklis biru tolong jelas bisa lewat kasi bintang bisa daftar up bintang trimakasih,0,netral
Novi Herdiyanti,aplikasinya error di saya. daftar akun brimo pakai email. tapi tidak bisa dimasukan alamat email lngkap. apakah ada pembaharuan? username tidak memakai email lagi?,2025,brimo,aplikasi error daftar akun brimo pakai email tidak bisa masuk alamat email lngkap baharu username tidak pakai email,-1,negatif
Aswin,jujur saya sedikit kesal karena setiap hari ada notifikasi biaya sms terus itu memotong dana di rekening saya.,2025,brimo,jujur kesal notifikasi biaya pesan potong dana rekening,0,netral
Nurlina,baru-baru ini aplikasinya macet,2025,brimo,barubaru aplikasi macet,0,netral
Wulan S Putri,"kenapa yaa kalo habis transaksi beli pulsa/kuota, kalo transaksi nya sudah di proses kok ga dikasih notifikasi ya?? kesannya kayak gimana gitu,, saya sampe ngalamin transaksi 2 kali perkara gadapet notif, padahal transaksi nya belum sukses tapi saldo ku melayang 153rb😭 mana paket datanya ga masuk di nomor yg aku isi lagi😭 untuk bug nya juga, minta tolong di perbaiki ya min🙏🏼 terimakasih",2025,brimo,habis transaksi beli pulsakuota transaksi proses tidak kasih notifikasi kesan gitu ngalamin transaksi perkara gadapet notif transaksi sukses saldo ku layang ribu paket data tidak masuk nomor isi bug tolong baik terimakasih,1,positif
akka sense,"kenapa gangguan min ga bisa ngirim kode masuk lagi,ini gimana jadi ga bisa masuk gini",2025,brimo,ganggu tidak bisa ngirim kode masuk lagiini tidak bisa masuk gin,-1,negatif
Marup Mugiwara,gua ngambil uang ke atm jalur mbrimo biasanya lancar malah keluar terus kocak,2025,brimo,ngambil uang atm jalur mbrimo lancar kocak,1,positif
Thomas Takimai,"Tolong diperbaiki, setelah update ini sudah gak bisa login sama sekali dari kemarin.. ada keterangan 'Mohon maaf, kami belum bisa memproses transaksimu'.. knapa, tolong dicheck..",2025,brimo,tolong baik update tidak bisa login kemarin terang mohon maaf bisa proses transaksi knapa tolong dicheck,1,positif
Fenisia Hulu,update Mulu....susah mindahin kehp lain,2025,brimo,update mulususah mindahin kehp,0,netral
saleh irawan Irawan,baik,2025,brimo,,0,netral
Johan Papilaya,ok lah,2025,brimo,ok,0,netral
dyn An,"apk ribet dari dulu sampe sekarang daftar di persulit, mau login ana udah bener padahal masukin username sama pasword nya tapi tetep di anggap salah.",2025,brimo,aplikasi ribet daftar sulit login ana masukin username pasword tetep anggap salah,-2,negatif
Rahmat Hidayat,knapa saya ga bisa masuk sblum nya ganti hp trus di hp yg lain di hapus di pake hp yg baru ga bisa masuk,2025,brimo,knapa tidak bisa masuk sblum ganti handphone handphone hapus pakai handphone tidak bisa masuk,0,netral
Emuri Tangvan,"Halo pihak Brimo, saya cukup kecewa setelah update fitur untuk mengetahui pengeluaran dan pemasukan dihilangkan, yang dimana fitur tersebut sangatlah berguna untuk memanajemen uang saya, saya tidak akan memberikan bintang 1 karena saya beberapa kali terbantu oleh aplikasi BriMo juga, saya mohon supaya fitur pemasukan dan pengeluaran dapat kembali seperti semula, terima kasih 🙏🏻",2025,brimo,halo brimo kecewa update fitur keluar pasu hilang mana fitur guna manajemen uang tidak bintang bantu aplikasi brimo mohon fitur pasu keluar terima kasih,-1,negatif
Tjandra Widjaja,lupa password malah gak bisa buka aplikasi,2025,brimo,lupa password tidak bisa buka aplikasi,0,netral
Zainal Arifin,"sering banget gangguan heran AQ sama brimo,kirim ke dana gak bisa transfer sesama BRI gak bisa,kode THIR lah,kode MIHR atau apalah",2025,brimo,banget ganggu heran brimokirim dana tidak bisa transfer bri tidak bisakode thir lahkode mihr apa,-1,negatif
malboro ji1,"setelah update, pembayaran qris mulai sedikit membingungkan. contohnya kemarin saya qris 2 kali namun terbaca gagal, tapi uang saya tetap keluar dan tetap terbaca di mutasi. ini gimana ceritanya?",2025,brimo,update bayar qris bingung contoh kemarin qris baca gagal uang baca mutasi cerita,-2,negatif
Fajarfajar Adiputra,"sandi brimo aku salah trus gua mau ambil kode otp nya gga bisa karna no hp saya keblokir, gimana cara terima pesan ferifikasi lewat watsap, soalnya sms ga bisa",2025,brimo,sandi brimo salah ambil kode one time password gga bisa no handphone blokir terima pesan ferifikasi watsap pesan tidak bisa,0,netral
Siti Supriyatin,punyaku kenapa gak bisa dibuka tabungan nya ini di aplikasi,2025,brimo,punya tidak bisa buka tabung aplikasi,0,netral
Timson Manulang,tidak bisa di buka aplikasi brimo nya setelah di update mohon bantuannya supaya bisa terbuka terimakasih,2025,brimo,tidak bisa buka aplikasi brimo update mohon bantu bisa buka terimakasih,0,netral
Kwr Poldo,daftarnya ribet banget,2025,brimo,daftar ribet banget,-1,negatif
Siti nur Faiqoh,"min , ini kenapa ya setiap mau buka aplikasi brimo selalu keluar. Coba tutor malah gak bisa . terimakasih",2025,brimo,buka aplikasi brimo coba tutor tidak bisa terimakasih,0,netral
I kill you,buat transfer kok GK bisa ya saran nya gimana ini,2025,brimo,transfer tidak bisa saran,0,netral
M.Ferdi Fernando,sering trouble,2025,brimo,trouble,0,netral
DINNN,"aplikasi brimoku error, susah dibuka, kenapa yah",2025,brimo,aplikasi brimoku error susah buka,-2,negatif
Putra tri arifin wardiman Gulo,apk ini sangat bagus dan memudahkan pengguna.,2025,brimo,aplikasi sangat bagus mudah guna,2,positif
Nadia Rahmadina,mudah dan cepat,2025,brimo,mudah cepat,2,positif
apeng andrian,"saya to up gopay dari brimo , saldo aidah terpotong dan d mutasi ada dan di aktivasi masih d proses , itu kenapa ya",2025,brimo,to up gopay brimo saldo aidah potong mutasi aktivasi proses,0,netral
Adhy Jhy,kenapa setelah di update brimo nya gk bisa ke buka?,2025,brimo,update brimo tidak bisa buka,0,netral
Freya X,kemungkinan saya ingin mengajukan pinjaman buat modal kerja mohon respon developer,2025,brimo,aju pinjam modal kerja mohon respon developer,0,netral
Sahyo 83,"setelah update aplikasi sering keluar2 sendiri tidak bisa login,mohon di perbaiki",2025,brimo,update aplikasi tidak bisa loginmohon baik,1,positif
Laras Com,"baru juga selesai daftar malah gak bisa di buka lagi, udah di bikin pasword yg sama, sama username yg sama malah gak bisa 😭😭😭jadi aku harus gimana......tolong itu verifikasi lupa password jangan cuma pakai SMS, tolong Adain wa juga biar nomor yg gak aktif biar mudah perbaiki pasword, aku dah capek dari tadi perbaiki pasword yg sama tapi gak bisa mau ganti tapi nomor gak aktif lagi ( gak sengaja daftar yg gak aktif karena cuma itu nomor yg ada)",2025,brimo,selesai daftar tidak bisa buka pasword username tidak bisa gimanatolong verifikasi lupa password pakai pesan tolong adain wa nomor tidak aktif mudah baik pasword capek baik pasword tidak bisa ganti nomor tidak aktif tidak sengaja daftar tidak aktif nomor,3,positif
fafan asmara,"Saran, saat mau ambil Uang dipilihan ATM ada pilihan 50rb,",2025,brimo,saran ambil uang pilih atm pilih ribu,0,netral
Hutapea 009,aplikasi nya kek babi sering bermasalah,2025,brimo,aplikasi kek babi masalah,-1,negatif
Lulu Fabiansky,"Komplain Terlalu sulit diJaman era digital seperti ini,, Harus ini Harus itu lah",2025,brimo,komplain sulit jam era digital,-1,negatif
Maya Diana Wati,ini kenapa ya brimo tidak bisa di buka padahal tadi malam bisa pagi sudah tidak bisa di buka 🙏,2025,brimo,brimo tidak bisa buka malam bisa pagi tidak bisa buka,0,netral
egha acox,maaf uang saya sering tenggelam . kalau ada transaksi yang gagal uang nya gak di balikin biasa nya reversal eh ini gak ada yang balik,2025,brimo,maaf uang tenggelam transaksi gagal uang tidak balikin reversal eh tidak,-1,negatif
Junior Djami Lay,tolong agar tdk ada saldo dasar biar kami bisa tarik smua uangnya......percuma dong punya saldo 50 tapi ngak bisa ditarik,2025,brimo,tolong tidak saldo dasar bisa tarik uangnyapercuma saldo ngak bisa tarik,0,netral
Brewew Brewew,ribett daftar nya,2025,brimo,ribett daftar,0,netral
Novan Hilmansyah,saldo tertahan padahal lg butuh tarik tunai??? solusi? di arahkan ke kantor cabang BRI terdekat...,2025,brimo,saldo tahan butuh tarik tunai solusi arah kantor cabang bri dekat,0,netral
Muhammad fadil Akbar,"bisa dibobol juga,sampe""tiap gajian ditf ke dana tanpa sepengetahuan sayaa,tlg min sarannya biar gabisa dibobol lg🙏",2025,brimo,bisa bobol jugasampetiap gaji ditf dana tahu sayaatlg saran tidak bisa bobol,0,netral
Sop Yandi,lumayan bagus tapi buat pinjaman gk ada limit yang kecil ada juga limit yang gede sekitar 5ratus juta waduh yang bener ajah aku butuhkan limit yang sedeng sedeng saja biar bisa ke jangkau untuk membayar cicilan ples bunganya maaf ya kepada yang punya apk ini di mohon pertimbangkan ke bijakan ini supaya pihak bank dan nasabah saling kerjasama saling menguntungkan terimakasi,2025,brimo,lumayan bagus pinjam tidak limit limit gede ratus juta ajah butuh limit sedeng sedeng bisa jangkau bayar cicil ples bunga maaf aplikasi mohon timbang bijak bank nasabah kerjasama untung terimakasi,1,positif
Bella Channel,"pendaftaran aplikasi mandiri sulit, banyak gagal di verifikasi ktp 😭 dan solusi untuk di coba kembali di rentang waktu 1x24 jam",2025,brimo,daftar aplikasi mandiri sulit gagal verifikasi ktp solusi coba rentang jam,-2,negatif
Wanto Betara,gak bisa di buka,2025,brimo,tidak bisa buka,0,netral
Game dan anime,tolong segera di perbaiki. kenapa selalu tidak bisa di buka pas pakek jaringan seluler. kenapa harus pake wifi dulu baru bisa masuk,2025,brimo,tolong baik tidak bisa buka cocok pakek jaring seluler pakai wifi bisa masuk,1,positif
NIKEN AYU ULAM LESTARI,kenapa yaa setiap mau login ke brimo sering ga bisa masuk akunya padahal udah punya akun sendiri password nya pun katanya salah katanya coba perbaiki,2025,brimo,login brimo tidak bisa masuk aku akun password salah coba baik,1,positif
Juliana,sangat puas,2025,brimo,sangat puas,1,positif
PRIBADI,cara ubah kata sandi gmn min saya lupa 3 bintang dulu kalo sudah 5 bintang,2025,brimo,ubah sandi gmn lupa bintang bintang,0,netral
mar sella,kemarin2 sebelum aplikasi di-update masih bisa saya pakai buat top up e wallet sekarang malah gak bisa di pakai. diminta instal ulang saya sudah install tapi tetap tidak bisa dipakai mau pembayaran listrik/ pun air tetap tidak bisa pembayaran,2025,brimo,kemarin aplikasi diupdate bisa pakai top up e wallet tidak bisa pakai instal ulang install tidak bisa pakai bayar listrik air tidak bisa bayar,1,positif
Rafie Djack,sementara bintang 3 dulu.. apakah aplikasi kedepannya enak dipakai.. kok katanya setelah diupdate.. menjadi tidak memuaskan..,2025,brimo,bintang aplikasi depan enak pakai diupdate tidak muas,0,netral
Endar Doank,kenapa brimo tiba tiba tidak bisa login padahal pakai sidik jari kode eror RZPO mohon di tindak lanjuti admin,2025,brimo,brimo tidak bisa login pakai sidik jari kode error rzpo mohon tindak lanjut,-1,negatif
Jendela Samar4n,banyak bugnya tolong di optimalkan lagi,2025,brimo,bugnya tolong optimal,0,netral
Danil Vanjelo,woi catatan keuangan kok malah dihapus? min ini knp setiap jam 1 malam selalu ada notifikasi,2025,brimo,woi catat uang hapus jam malam notifikasi,0,netral
bdhi ekha89,saya suka dengan aplikasi ini namun yang saya keluhkan kenapa pada detail pinjaman untuk masa baik berupah bulan dan tahun jatuh temponya tidak dicantumkan..,2025,brimo,suka aplikasi keluh detail pinjam upah jatuh tempo tidak cantum,1,positif
Saya,"sekarang aplikasinya gak bisa di buka atau login karna suka keluar sendiri,mohon perbaikan nya trimakasih",2025,brimo,aplikasi tidak bisa buka login suka sendirimohon baik trimakasih,2,positif
Muhammad hendri,"Sering kebnyakan ganguan untuk aplikasi brimo ini sekarang, padahal enak banget loh udah pake brimo ini tapi akhir"" ini sering banget ganguan, tlong dong kalo di aplikasi brimo seperti ini jan sampe lah ada ganguan soalnya ribet banget ganguan, mana lama banget juga nunggu nya sekali lagi tolong ya untuk aplikasinya jgan sampe lah ada ganguan"" lagi terimakasih 🙏🏻🙏🏻🙏🏻",2025,brimo,kebnyakan ganguan aplikasi brimo enak banget pakai brimo banget ganguan tlong aplikasi brimo jan ganguan ribet banget ganguan lama banget nunggu tolong aplikasi jgan ganguan terimakasih,-2,negatif
Juli Purnawan,perangkat anda tidak mendukung?? tipe android brapa minimal kalau pake brimo?,2025,brimo,perangkat tidak dukung tipe android brapa minimal pakai brimo,0,netral
Heri Yanto,Login Akun BRImo ribet harus ada kode dari nomor yg di kaitkan,2025,brimo,login akun brimo ribet kode nomor kait,-1,negatif
Azizah Fantasi,"kok tiba"" ngak bisa kebukak ya.. katanya disuruh memperbarui malak ngak bisa kebulak lagi.. mohon infonya gimana pemulihannya.. terimakasih",2025,brimo,ngak bisa kebukak suruh baru malak ngak bisa bulak mohon info pulih terimakasih,0,netral
Wawan 1986,lumayan ok,2025,brimo,lumayan ok,0,netral
Latif Azizan,cukup bagus,2025,brimo,bagus,1,positif
Fredy koko,kurangi pemotongan pajak yang besar😂,2025,brimo,kurang potong pajak,0,netral
Rizal Azril,"demi keamanan silahkan tutup aplikasi lainnya. gitu terus, padahal aplikasi lain tidak ada yang terbuka",2025,brimo,aman silah tutup aplikasi gitu aplikasi tidak buka,1,positif
Dania Primasti,hari ini lagi gak bisa di buka kenapa ya aplikasinya,2025,brimo,tidak bisa buka aplikasi,0,netral
Ricky Hardiansyah Hardiansyah,baik,2025,brimo,,0,netral
D_52_ Efraim Wiranata Rerung,"tolonglah diperbaiki, udah transfer ke rekening lain notifnya masih proses udah lama banget, terus nggk ada pengembalian dana ini kalo kek gini gimana mau bertahan make brimo😭",2025,brimo,tolong baik transfer rekening notifnya proses lama banget tidak kembali dana kek gin tahan make brimo,0,netral
setiani dewi,kenapa tdk ada notif brimo saat transaksi ??,2025,brimo,tidak notif brimo transaksi,0,netral
Udin Dekil,akun gua ke blokir jadi g bisa login coba lah perbiki,2025,brimo,akun blokir tidak bisa login coba bik,0,netral
Marlinayanti,"aku kasi bintang 3 krn jujur ak kecewa sma uang yg selalu di ambil bri setiap habis transaksi, atau bahkan tdk transaksi, paling sdikit diambil 2 kali sehari bahkan kadang diambil 6500 klw bgtu tiap hari 10 hari sdh 65 rbu, kadang ak mau narik gk ckup krn ketarik duluan sma bri. dan jika ingin ulasan saya diperbaiki, berhenti mengambil uang di brimo saya secara trus menerus, brimo bagus krn transaksi lancar, tp kurang sma uang yg selalu kurang dan kurang, setiap saat, sehari kadang 2 kali",2025,brimo,kasi bintang jujur ak kecewa uang ambil bri habis transaksi tidak transaksi sdikit ambil hari kadang ambil klw rbu kadang ak narik tidak ckup tarik duluan bri ulas baik henti ambil uang brimo terus brimo bagus transaksi lancar kurang uang kurang kurang hari kadang,2,positif
yusril febrianto,"Tolong dong nominal tarik tunai via brimo ditambah jadi 2 juta atau lebih, masak mau narik 10jt harus 10x transaksi dan setiap transaksi kena biaya notif sms 750rupiah.",2025,brimo,tolong nominal tarik tunai brimo tambah juta masak narik jt transaksi transaksi kena biaya notif pesan rupiah,0,netral
Restu Debi,ini meniadakan fitur aktivitas uang masuk atau keluar kok di hapus ? maksudnya apa yah ? apa tujuannya tidak mau transparant ?,2025,brimo,tiada fitur aktivitas uang masuk hapus maksud tuju tidak transparant,0,netral
Pandu Alfarihzi,pengambilan wajah sudah lama gagal pula capek,2025,brimo,ambil wajah lama gagal capek,-2,negatif
Irfan Nurohman,lupa paswor dan username sudah memasukkan nik KTP no rekening nama orang tua tapi tidak terdaftar dibrimo tolong bantuannya,2025,brimo,lupa paswor username masuk nik ktp no rekening nama orang tua tidak daftar dibrimo tolong bantu,0,netral
binrah,"kenapa pas verif wajah selalu gagal karena koneksi,padahal sudah pakai data +wifi",2025,brimo,cocok verif wajah gagal koneksipadahal pakai data wifi,-1,negatif
Siti Arum,"mengapa tidak muncul pilihan paket data Telkomsel yang relevan dengan kartu perdana? Ini terjadi baru-baru ini, sebelumya baik-baik saja. Tolong beri penjelasan.!",2025,brimo,tidak muncul pilih paket data telkomsel relevan kartu perdana barubaru sebelumya baikbaik tolong jelas,0,netral
Danan Dandita,Mental di MI 14T. Mohon di perbaiki,2025,brimo,mental mi t mohon baik,1,positif
Ameli User,tolong perbaiki bug nya saya sering tidak bisa login krna sinyal tidak mendukung pdhal saya pakai wifi lancar2 saja ketika buka brimo kok gk bisa masuk2,2025,brimo,tolong baik bug tidak bisa login krna sinyal tidak dukung pdhal pakai wifi lancar buka brimo tidak bisa masuk,2,positif
Ayub Destama,mau ganti password tapi ga ke direct stuck di buat password baru mulu,2025,brimo,ganti password tidak direct stuck password,0,netral
Imam Gozali,KL ada program update fitur sidik jari kok hilang ...merepotkan ...KL lupa pinnya susaaaah,2025,brimo,program update fitur sidik jari hilang repot lupa pin susaah,-1,negatif
Yusuf Bae,apknya bagus cumn kenapaa sekarang saya tidak bisa masuk ke apk nya cumn latar depanya doang tpi gk masuk2 sudah di tunggu sampe berjam2 masih gak masuk2 gimna solusinya min,2025,brimo,apknya bagus cumn kenapaa tidak bisa masuk aplikasi cumn latar depa tidak masuk tunggu jam tidak masuk gimna solusi,1,positif
Andi Izza Adyanov,"mohon maaf kak, apk brimo saya saat ini sedang ada masalah, ketika saya akan membuka apk brimo saya tidak dapat masuk ke apk tersebut, saya mencobanya berulangkali tapi tidak bisa, mohon mantuannya",2025,brimo,mohon maaf aplikasi brimo buka aplikasi brimo tidak masuk aplikasi coba berulangkali tidak bisa mohon mantu,0,netral
Megi Sudirman,"oke brimo nya, tapi biaya admin nya lebih mahal di bandingkan dengan Platform lain nya,.",2025,brimo,oke brimo biaya mahal banding platform,0,netral
rudi amin,akhir akhir ini terlalu banyak notifikasi di jam jam istirahat. pukul 1 -3 dini hari. maaf saya kasih bintang 3 dulu,2025,brimo,notifikasi jam jam istirahat maaf kasih bintang,0,netral
budi hartono,bagus,2025,brimo,bagus,1,positif
Trinina Rizkia,"bagus,tp Knpa ya notif brimoooo nya ya ada terus klo ada yg trf jugaa gaada masuk notifikasiinya",2025,brimo,bagustp knpa notif brimoo trf jugaa tidak masuk notifikasi,0,netral
TENIS MEJA SUMEDANG,"mohon menu grab dari nasabah kelolaan bisa langsung lagi bisa di proses mantri, karena pada saat lagi di wilayah kadang ada yang langsung minat prngajuan",2025,brimo,mohon menu grab nasabah kelola bisa langsung bisa proses mantri wilayah kadang langsung minat prngajuan,0,netral
made budiarsana,Aplikasi tiba tiba menghilang padahal sdh update kenapa ya bisa begitu,2025,brimo,aplikasi hilang update bisa,0,netral
Muhammad yahya Assyafiq,pulsa gua sering kesedot anjyyy,2025,brimo,pulsa sedot anjyy,0,netral
Yudha Madioen,Gak bisa dibuka aplikasinya,2025,brimo,tidak bisa buka aplikasi,0,netral
Ida Susanthy,keseringan update,2025,brimo,sering update,0,netral
Scorpio thunder,knp kok kadang di buat kirim ke apk dana eror,2025,brimo,kadang kirim aplikasi dana error,-1,negatif
gunawan wibisono,"di tiap menunya kok bisa di screenshot ya..padahal di bank mobile sebelah sudah tidak bisa lho, harus download dulu baru bisa simpan, saran demi keamanan saja, thks BRI",2025,brimo,menu bisa screenshot yapadahal bank mobile belah tidak bisa lho download bisa simpan saran aman thks bri,1,positif
Herliko Kadoang,ini kenapa saya nggak bisa upload foto udah dicoba berkali-kali salah terus padahal KTPnya nggak ada yang cacat pencahayaannya juga bagus tolong dong diperbaiki,2025,brimo,tidak bisa upload foto coba berkalikali salah ktpnya tidak cacat cahaya bagus tolong baik,2,positif
Teu Aranan,"error di saya, Motorola G45 Android 15, flutter kurang bagus pakai android 15",2025,brimo,error motorola tidak android flutter kurang bagus pakai android,0,netral
Officer Code,kenapa aplikasi brimo tidak dapat digunakan di hp Motorola G45? padahal OS android sudah 7.0,2025,brimo,aplikasi brimo tidak handphone motorola tidak os android,0,netral
Aulia Feni Isma,"qris nya gabisa dipakai, selalu eror katanya tidak ada jaringan padahal sinyal stabil",2025,brimo,qris tidak bisa pakai error tidak jaring sinyal stabil,0,netral
Bambang Iskandar,terlalu banyak potonganya,2025,brimo,potonganya,0,netral
Adang Saleh,baik dan mudah,2025,brimo,mudah,1,positif
Irpan Kurniawan,Tolong dong layanan bebas pulsa nya di perbaiki kembali,2025,brimo,tolong layan bebas pulsa baik,1,positif
Api Hanafi,top up shopee keterangan proses sampai sekarang masih dlama.proses laporan ke pengaduan bantuan tak kunjung selesai masih proses juga sudah 1 × 24 jam saya menunggu kejelasan dari pihak bank bri,2025,brimo,top up shopee terang proses dlamaproses lapor adu bantu kunjung selesai proses jam tunggu jelas bank bri,1,positif
Anto Ragi,"kenapa harus update,masuk sandi salah katanya,padahal selama ini sandinya gak diubah",2025,brimo,updatemasuk sandi salah katanyapadahal sandi tidak ubah,0,netral
Belva Sabila,Tolong Perbaiki Menu Aktivitas yang sering tidak muncul berjam-jam..,2025,brimo,tolong baik menu aktivitas tidak muncul berjamjam,1,positif
Rdwn24 Rdwn24,hampir semua yg mau daftar pasti gak bisa rekam wajah apa harus pake hp yg mahal ya,2025,brimo,daftar tidak bisa rekam wajah pakai handphone mahal,0,netral
Bujange,"ko aku gk bsa daftar stak dstu aja, knpa yak?",2025,brimo,tidak bsa daftar stak dstu knpa yak,0,netral
Emilda Emilda,"makin ribet ga jelas apknya , no hp di hp tapi dibilang no nya salah ga bisa masuk gimana maksdnya ?",2025,brimo,ribet tidak apknya no handphone handphone bilang no salah tidak bisa masuk maksdnya,-1,negatif
EyL street,setelah diupdate sering muncul notif brimo tidak menanggapi trus,2025,brimo,diupdate muncul notif brimo tidak tanggap,0,netral
Mega Sartika,terlalu bnyak potongan,2025,brimo,bnyak potong,0,netral
Alwi assegaf Assegaf,lumayan bagus aplikasi brimo ny,2025,brimo,lumayan bagus aplikasi brimo ny,1,positif
Miyuki Chanel,Pada tanggal 1 juli jam 00:03 saya melakukan pembayaran via qris sebesar 110.000 tp transaksi gagal. saya ulangin sebanyak 4x dan masih gagal. tiba tiba saldo hilang sebesar 330.000. cek mutasi pun tidak ada transaksi. Lalu aplikasi brimo tiba tiba eror. saya update di playstor tetep aja saldo hilang. saya hapus log out lalu log in lagi tetep aja saldo hilang 330.000 gak kembali. apakah perbankang seperti BRI sudah sering menghilangkan saldo nasabah?,2025,brimo,tanggal juli jam bayar qris transaksi gagal ulangin gagal saldo hilang cek mutasi tidak transaksi aplikasi brimo error update playstor tetep saldo hilang hapus log out log in tetep saldo hilang tidak perbankang bri hilang saldo nasabah,-3,negatif
arif junaedi,"saya mau buka brimo,,tp gak bisa di suruh telpon dulu baru bisa buka aplikasi brimo,, gimana ni",2025,brimo,buka brimotp tidak bisa suruh telpon bisa buka aplikasi brimo,0,netral
Mayalutfia Izza,kegagalan dalam proses transfer kemudian uang tidak kembali,2025,brimo,gagal proses transfer uang tidak,-1,negatif
Habib Samlong,Notifikasi ketika ada uang yang masuk sangat telat,2025,brimo,notifikasi uang masuk sangat telat,0,netral
An Ta-Go,"aplikasinya 2 hari ini error mutasi lambat masuk ,dan sering berubah2.. munvul mutasi terbaru tapi setelah 1 menit cek mutasi terbaru hilang berulang bgitu terus butuh waktu hampir 30 menit buat dana yg ditransfer masuk ke rekening tujuan",2025,brimo,aplikasi error mutasi lambat masuk ubah munvul mutasi baru menit cek mutasi baru hilang ulang bgitu butuh menit dana transfer masuk rekening tuju,-2,negatif
Ranggaaibrahim kastella,Saya Melakukan transaksi Qris tapi Gagal namun Saldo saya Terpotong Tolong di Perbaiki sistem ini sangat merugikan Terima kasih🙏,2025,brimo,transaksi qris gagal saldo potong tolong baik sistem sangat rugi terima kasih,0,netral
Nedriy Wijaya,bagus,2025,brimo,bagus,1,positif
JuNe Swifty,"permisi, kenapa saya mau masukin username selalu ga bisa saat mendaftar ?",2025,brimo,permisi masukin username tidak bisa daftar,0,netral
Surawan Sukosari,sering terjadi eror ketika kita transfer mau dicek aplikasi sudah kembali dan tidak bisa dikirim bukti transfernya,2025,brimo,error transfer cek aplikasi tidak bisa kirim bukti transfer,-1,negatif
shinta balqis,sering bermasalah,2025,brimo,masalah,-1,negatif
Tian R,"ngasih saran aja. di riwayat transaksi di kasih penjelasan sukses atau gagal supaya tau mana yang gagal dan yang sukses. 2 transaksi top up e-walet yang pertama gagal yang ke dua berhasil tapi saldo ke potongan dobel lagi, di riwayat yang berhasil cuma satu. minus2",2025,brimo,ngasih saran riwayat transaksi kasih jelas sukses gagal gagal sukses transaksi top up ewalet gagal hasil saldo potong dobel riwayat hasil minus,-2,negatif
Raby Btl,Kenapa ya pas di update saya gak bisa masuk lagi padahal email dan password saya sudah benar malah dibilang salah username dan password nya gimana mau download lagi bingung jadinya...masuk di lupa password atau username tapi no yg saya masukin no suami saya jadinya linknya dibagi ke hp dia jadinya saya pusing krna link gak boleh dibagikan ksembarang orang hadeh bingung mana ATM terblokir gara2 suami salah masukin password pas disuruh ambil duit...terpaksa dah saya buka dulu blokiran nya ke bank,2025,brimo,cocok update tidak bisa masuk email password bilang salah username password download bingung jadinyamasuk lupa password username no masukin no suami linknya bagi handphone pusing krna link tidak bagi ksembarang orang hadeh bingung atm blokir gara suami salah masukin password cocok suruh ambil duitterpaksa buka blokir bank,-2,negatif
Adelia Zevita,"awalnya baik baik aja, terus makin kesini makin lelet dan tulisannya ""brimo tidak menanggapi"" dan itu merresahkan bagi saya, tolong solusinya gimana brimo",2025,brimo,kesini lelet tulis brimo tidak tanggap merresahkan tolong solusi brimo,0,netral
Muchsin Haaibuan,pembayaran qris dari malam sampai pagi ini belum juga terkirim . masih dalam proses. gimana nih solusi nya,2025,brimo,bayar qris malam pagi kirim proses solusi,0,netral
palmer efotba,saldo saya berkurang dan saya mau beli paketan data tetapi saldo saya tidak cukup padahal saldo rekening saya masi lumayan .,2025,brimo,saldo kurang beli paket data saldo tidak saldo rekening mas lumayan,0,netral
Abrehom Dunyadin,Setelah update kenapa fitur tarik/setor tunai di brimo tidak bisa di buka,2025,brimo,update fitur tariksetor tunai brimo tidak bisa buka,0,netral
Chandra Evhos,"ketika pendaftaran trakhir,bikin pin, tapi selalu transaksi gagal(kode :LADCC)",2025,brimo,daftar trakhirbikin pin transaksi gagalkode ladcc,0,netral
Vita Vita,di update kok malah gak bisa top up shopeepay ya? kenapa?,2025,brimo,update tidak bisa top up shopeepay,1,positif
Merman Gian,kok rekening ku gak bisa Terima dana?,2025,brimo,rekening ku tidak bisa terima dana,0,netral
Damuh Ida,"semakin diupdate semakin tidak bagus ini aplikasi, dulunya udh bagus ada pemasukan dan pengeluaran, rinciannya jelas, skrng malah banyak hilang, dan sering gagal cek saldo.",2025,brimo,diupdate tidak bagus aplikasi dulunya bagus pasu keluar rinciannya skrng hilang gagal cek saldo,1,positif
karsimnoa noa,bagus,2025,brimo,bagus,1,positif
Nayim Hermanto,tolong dijelaskan yg dimaksud biaya sms itu maksudnya biaya apa?..karana satu bulan bisa sampe 4kali ada potongan biaya sms soalnya ada sampe 4500 potongannya,2025,brimo,tolong biaya pesan maksud biaya apakarana bisa potong biaya pesan potong,0,netral
Khairil anwar Dabutar,"Aku bayar qris ditulis gagal malah berkurang saldonya, trus di menu mutasi pembelian qris nya ada. aku jadi bayar 2 kali jadinya. gimana sihh. bisa ga saldo nya di balikin. mana 2 kali lagi, yang satu top up dana ditulis gagal tapi saldo berkurang.",2025,brimo,bayar qris tulis gagal kurang saldo menu mutasi beli qris bayar sihh bisa tidak saldo balikin top up dana tulis gagal saldo kurang,-1,negatif
Farkhaika Widiyanti,aplikasi BRImo saya ga bisa dibuka dari kemarin,2025,brimo,aplikasi brimo tidak bisa buka kemarin,0,netral
Budi Yosua Sihaloho,"ini keluar terus aplikasi mau masukin username langsung keluar tiba tiba, nge bug tolong diperbaiki.",2025,brimo,aplikasi masukin username langsung nge bug tolong baik,1,positif
Luthfi krisdyanto,kenapa saat daftar akun brimo username tidak tersedia,2025,brimo,daftar akun brimo username tidak sedia,0,netral
Cici Sanusi,"katanya brimo saldo bisa di 0 kan, tapi saya punya saldo 86000, mau di pake bayar qris 45000 katanya saldo tidak mencukupi, dan lagi saya pertama isi ke brimo 50000 pas di cek lagi jadi 44500, mohon penjelasan nya so'alnya saya pemula.",2025,brimo,brimo saldo bisa saldo pakai bayar qris saldo tidak cukup isi brimo cocok cek mohon jelas mula,0,netral
Muhammad Syahidan,aplikasi nya banyak error saya kalo mau beli kuota di persulit tolong di perbaiki lagi aplikasinya,2025,brimo,aplikasi error beli kuota sulit tolong baik aplikasi,-1,negatif
Dheathena NDaHS Budiman,"Dear developer, setelah saya disuruh update terbaru dan kok rajin banget ya hrs update, bgtpun hari ini kenapa saya tidak bisa buka aplikasinya dan tertera tulisan selesaikan telepon dulu sebelum memakai aplikasi brimo. Saya sedang buru² mau cek saldo malah hrs dihadapi sekelibet ini itu. Pdhal saya sedang TIDAK menerima panggilan apapun. Tolong diperbaiki kembali agar memudahkan pengguna saat cek saldo maupun transaksi. Ma'aV kali ini star nya saya kurangi 2. Terima kasih.",2025,brimo,dear developer suruh update baru rajin banget hrs update bgtpun tidak bisa buka aplikasi tera tulis selesai telepon pakai aplikasi brimo buru cek saldo hrs hadap sekelibet pdhal tidak terima panggil apa tolong baik mudah guna cek saldo transaksi maav star kurang terima kasih,2,positif
ocak ocak,kok susah bangttt iyaa msuk brimo nie.,2025,brimo,susah bangtt iyaa msuk brimo nie,-1,negatif
"Romlastiarma Rajagukguk,SH",yey,2025,brimo,yey,0,netral
Falna B,masa saya baru daftar dan katanya nomor tidak sesuai itu gimana y,2025,brimo,daftar nomor tidak sesuai y,0,netral
Ramlan Isnandi,"brimo saya kenapa selalu ada tulisan , ' demi keamanan transaksi harap tutup aplikasi lainnya ' , biasanya lancar lancar aja .",2025,brimo,brimo tulis aman transaksi harap tutup aplikasi lancar lancar,3,positif
Misranti Bwi,kenapa dua hari ini brimo saya pada menu tagihan GK bisa di buka mau beli token PLN sama bayar tagihan listrik GK bisa ya,2025,brimo,brimo menu tagih tidak bisa buka beli token pln bayar tagih listrik tidak bisa,0,netral
Mike Flopes,baik,2025,brimo,,0,netral
alex,buat transfer ga bisa nyoba hubungi customer servis juga lama,2025,brimo,transfer tidak bisa nyoba hubung customer servis lama,-1,negatif
Wildan Abdurrahman,"Force Close terus nih app, ayolah BUMN product, buktikan produk anak bangsa sendiri setidaknya apabila sempurna minimal jangan bikin ribet.",2025,brimo,force close aplikasi ayo bumn product bukti produk anak bangsa sempurna minimal ribet,-3,negatif
Rizky Famz,"lemot banget, padahal sebelah lancar, alesannya koneksi internet lambat padahal sebelah gk ada masalah",2025,brimo,lama banget belah lancar alesannya koneksi internet lambat belah tidak,-1,negatif
Giverun,ko udah didownload ga bisa di buka ya,2025,brimo,didownload tidak bisa buka,0,netral
Ahmad Ridwan,"punya saya kok gak bisa diakses ya, untuk masuk saja sering gagal. apakah sistem lg eror?",2025,brimo,tidak bisa akses masuk gagal sistem error,-2,negatif
Budi Hendri,3x Salah Pasword di Blokir Akun.. td Anak yg Main Hp Mknya Asal Pencet 🤦‍♂️ Mau Daftar lg Malah Lupa Pasword.. jadi Hrs ke Bank ni,2025,brimo,salah pasword blokir akun td anak main handphone mknya pencet daftar lupa pasword hrs bank,0,netral
Dini Baidhowi,lumayan bigung inputny bnyk yg harus dipelajari,2025,brimo,lumayan bigung inputny bnyk ajar,0,netral
erna wati,"username dan password itu sudah benar tapi kok masih saja gak bisa login ini gimana c, tak coba sampek 3hari sek tetep aja gak masuk sampek keblokir, yok opo yo kok cek angel temen lak ngunu a....duhh kok gak gampang kyk mbanking bank sebelah.",2025,brimo,username password tidak bisa login c coba sampek sek tetep tidak masuk sampek blokir yok opo yo cek angel temen lak ngunu aduhh tidak gampang kyk mbanking bank belah,0,netral
Siti Nurchalimah 2,"mudah cepat. kadang muncul keterangan koneksi buruk, padahal bagus aja",2025,brimo,mudah cepat kadang muncul terang koneksi buruk bagus,2,positif
Andini Nopitasari,kenapa saya tidak bisa login ya??,2025,brimo,tidak bisa login,0,netral
Ganis Permadi,pembuatan username selalu tidak tersedia,2025,brimo,buat username tidak sedia,0,netral
Andi Putri Fatimah Azzahra,"kenapa setelah update malah makin banyak masalah. fingerprintnya tidak bisa digunakan, verivikasi lupa passwordnya tidak terkirim di sms padahal jaringan bagus dan sudah coba berkali-kali. Malah akun brimo saya malah jadi terblokir",2025,brimo,update fingerprintnya tidak bisa verivikasi lupa passwordnya tidak kirim pesan jaring bagus coba berkalikali akun brimo blokir,1,positif
Ahmad Zaenudin,"saya kasih bintang 3, karna BRImo tidak bisa transfer ke dana",2025,brimo,kasih bintang brimo tidak bisa transfer dana,0,netral
Yulianti Chanmel,kok login GK bisa juga,2025,brimo,login tidak bisa,0,netral
Juna Cahyadi,hp saya rusak kapera depan nya ga bisa tapi harus melakukan kamera depan mohon infor masai nya supaya bisa mengunakan kamera belakng,2025,brimo,handphone rusak kapera tidak bisa kamera mohon infor masai bisa mengunakan kamera belakng,0,netral
AZ LAUNDRY,Potongan Banyak,2025,brimo,potong,0,netral
Aris Aprianto,"kenapa di akun saya gak bisa masuk mental mental, kalo mau masuk brimo langsung keluar sendiri",2025,brimo,akun tidak bisa masuk mental mental masuk brimo langsung,0,netral
wong sienting,transaksi sekali dipagi hari tapi notifikasinya berulang ratusan kali sampek malam hari. duh brisik mengganggu sekali,2025,brimo,transaksi pagi notifikasi ulang ratus sampek malam duh brisik ganggu,-1,negatif
Randi Roni,knp sih selalu di update terus,2025,brimo,update,0,netral
Susi La,"kenapa aplikasi BRIMO tidak bisa dibuka, mohon kasih solusi karena transaksi semuanya pakai BRIMO",2025,brimo,aplikasi brimo tidak bisa buka mohon kasih solusi transaksi pakai brimo,0,netral
Jarot Endarto,"error...., nggak bisa masuk. sudah di hapus terus download lagi masih sama ,nggak bisa masuk.",2025,brimo,error tidak bisa masuk hapus download tidak bisa masuk,-1,negatif
Edy Edy,ok,2025,brimo,ok,0,netral
Rudi S,"aplikasi ini memang memudahkan lw kitu mau tf kmn pun, tpi kenapa sering eror kaya sekarng ni sya mau pake tpi g bisa ke buka",2025,brimo,aplikasi mudah lw kitu transfer kmn error kaya sekarng sya pakai tidak bisa buka,0,netral
Aul Lia,username tidak tersedia Mulu anehh,2025,brimo,username tidak sedia anehh,0,netral
Firman Wijaya,mesin ATM BRI kadang² suka bermasalah. tarik tunai nya. yang pernah saya alami waktu penarikan. saya tarik tunai 1.250.000. saldo terdebit tapi uang gak keluar. tapi saya penasaran. saya coba tarik tunai 50rb malah bisa. dari situ saya langsung ke kantor BRI terdekat saya minta pengajuan. Alhamdulillah di proses selama 7 hari pemrosesan. ke empat hari nya saya Cek saldo. uang saya sudah masuk. Alhamdulillah 🤲,2025,brimo,mesin atm bri kadang suka masalah tarik tunai alami tari tarik tunai saldo debit uang tidak penasaran coba tarik tunai ribu bisa situ langsung kantor bri dekat aju alhamdulillah proses pemrosesan cek saldo uang masuk alhamdulillah,0,netral
Yani Suraini,kenapa saya tidak bisa login di tablet saya yang tidak memiliki simcard,2025,brimo,tidak bisa login tablet tidak milik simcard,0,netral
Hendra Gunawan,"tiap aplikasi dijalankan, muncul notif untuk update, tapi tidak ada opsi update di google playstore, serta aplikasi jadi lambat dan sesekali muncul notifikasi brimo not respond, mohon pencerahan.",2025,brimo,aplikasi jalan muncul notif update tidak opsi update google playstore aplikasi lambat muncul notifikasi brimo not respond mohon cerah,-1,negatif
Zidan Syabani,kalau pin ke blokir apakah ada solusi,2025,brimo,pin blokir solusi,0,netral
Jubaedah Bedah,kenapa gak bisa login,2025,brimo,tidak bisa login,0,netral
Rini Sudjarwati,lancar n cepat krn sy sdh bisa operasikan sendiri 😊,2025,brimo,lancar n cepat bisa operasi,2,positif
Nur Asih,mau bikin username aja susah bgt😭,2025,brimo,username susah banget,-1,negatif
Sedana Putu,mohon diperbaiki karna tidak bisa screenshot transaksi,2025,brimo,mohon baik tidak bisa screenshot transaksi,1,positif
RHpedia,"harus dibenahi lagi sistemnya, karena satu2nya aplikasi bank yang mengharuskan masukkan kartu sim dan mengaktifkan data sellular ketika login pertama, bagaimana kalau kita lagi liburan keluar negeri mau login di device lain tapi tidak ada signal..?? atau bagi pemakai hp internasional yg dipakai di indonesia yg jaringannya kena blokir otaomatis tidak bisa menggunakan aplikasi BRIMO, tolong bagi devloper atau pihak bank ditinjau ulang",2025,brimo,benah sistem aplikasi bank harus masuk kartu sim aktif data sellular login libur negeri login device tidak signal pakai handphone internasional pakai indonesia jaring kena blokir otaomatis tidak bisa aplikasi brimo tolong devloper bank tinjau ulang,0,netral
Patmawati Putri2,baguss,2025,brimo,baguss,0,netral
A- Purnama kawit ti tasikmalaya,sangat bagus,2025,brimo,sangat bagus,1,positif
Tasya Aca,aneh tidak bisa tf ke dana biasanya aman aman aja kenapa kemarin sama sekarang aneh tidak bisa tf,2025,brimo,aneh tidak bisa transfer dana aman aman kemarin aneh tidak bisa transfer,2,positif
Muhamad nur Anwar,nice,2025,brimo,nice,0,netral
agusjaya BAN,ok,2025,brimo,ok,0,netral
Agos Aja,sangat mudah,2025,brimo,sangat mudah,1,positif
Elinda Putri,aneh bngt uang nya berkurang 50 RB di ambil tiba tiba KAtnya aman malah ngga aman bngt aneh ihhhhh gjls,2025,brimo,aneh banget uang kurang ribu ambil katnya aman tidak aman banget aneh ihh gjls,2,positif
Narendra Narendra,ok,2025,brimo,ok,0,netral
Hoki Channel,Brimo error boss.. lagi genting gentingnya 😩,2025,brimo,brimo error boss genting genting,-1,negatif
Res Ki,ok,2025,brimo,ok,0,netral
Celvin,memuaskan dan mudah,2025,brimo,muas mudah,1,positif
thanithin 68,sangat membantu saya dan untuk keamanan jga baik dan cepat jika terjadi eror,2025,brimo,sangat bantu aman jga cepat error,1,positif
Truck Harrno,Baik,2025,brimo,,0,netral
Arsyad tanjung,"Kenapa gak bisa login sebelumnya bagus"" aja malah pas login lansung pemberitahuan ""maaf sedang terjadi kendala sistem kami""",2025,brimo,tidak bisa login bagus cocok login lansung pemberitahuan maaf kendala sistem,0,netral
Dwi Nur,sampe sekarang sih bagus tidak ada kendala apapun,2025,brimo,bagus tidak kendala apa,0,netral
Alif Aljupri,lebih gacor jika poin bri bisa ditukar dengan di mini mart apa saja,2025,brimo,gacor poin bri bisa tukar mini mart,0,netral
Wida Restiana,kenapa saat saya memasukan pin untuk verivikasi ulang sistem eror mulu,2025,brimo,pasu pin verivikasi ulang sistem error,-1,negatif
Eva Sinaga,"kenapa di HP ku yg baru brimo nya tidak ada tampilan fingerprint nya ya? padahal dihp lama ada jadi agak lama kalau masuk, padahal di pengaturan sudah diaktifkan mode login fingerprintnya",2025,brimo,handphone ku brimo tidak tampil fingerprint dihp lama lama masuk atur aktif mode login fingerprintnya,-2,negatif
Aa n,"masih menggunakan dan mempelajari dulu, sekiranya bagus ditambah bintangny",2025,brimo,ajar bagus tambah bintangny,1,positif
Saifulloh Komarudin,kok g bisa dibuka padahal barusan saya transfer,2025,brimo,tidak bisa buka barusan transfer,0,netral
Reska Prima Nanda,"Ada baik nya fitur Bi fast sama transfer online di pisah min, biar ada pilihan.",2025,brimo,fitur bi fast transfer online pisah pilih,0,netral
Herian Zozali,simpel,2025,brimo,simpel,0,netral
Kuli Bank Media,susah klo buat log in setelah registrasi ...ga bs terima otp terpaksa mentok di awal...saat registrasi ok... saat log in payah...,2025,brimo,susah log in registrasi tidak bs terima one time password paksa mentok awalsaat registrasi ok log in payah,-1,negatif
Risky Mariyanah,membantu sekali,2025,brimo,bantu,0,netral
Server 002,eror terus... giliran login kembali.. sesi waktu habis...,2025,brimo,error gilir login sesi habis,-1,negatif
Babene Fairus,puas,2025,brimo,puas,1,positif
Ibnu Sina,Good,2025,brimo,good,0,netral
Oppo A5pro,oke juga,2025,brimo,oke,0,netral
rizki ibrahim,ok simple,2025,brimo,ok simple,0,netral
Ref KR,Mudah,2025,brimo,mudah,1,positif
robby djawa,mantap,2025,brimo,mantap,1,positif
billa UwU,cepat,2025,brimo,cepat,1,positif
Nain,semoga kedepanya lebih banyak promo voucer diskon pembelian/pembayaran. tidak kalah dengan app oren sebelah,2025,brimo,moga depa promo voucer diskon pembelianpembayaran tidak kalah aplikasi oren belah,0,netral
susanto paramma bilolo,sangat cepat pengiriman,2025,brimo,sangat cepat kirim,1,positif
Raden Nugroho,bagus tapi kalau bisa berikan opsi registrasi pengiriman password jangan dari SMS doang soal ny ga selama ny kartu aktif seperti saya sedang d luar negeri jagi ga bisa ganti pasword karna di kirim lewat SMS kalau ada opsi lewat WhatsApp lebih baik karna WhatsApp aktif terus,2025,brimo,bagus bisa opsi registrasi kirim password pesan ny tidak ny kartu aktif negeri jagi tidak bisa ganti pasword kirim pesan opsi whatsapp whatsapp aktif,1,positif
Desi Nurhidyati,bagus tpi apakah klo transfer hanya bisa satu kali ssja,2025,brimo,bagus transfer bisa ssja,1,positif
Kasmila wati,kenapa enggak bisa pilih penerima dana dari transaksi ewallet,2025,brimo,bisa pilih terima dana transaksi ewallet,0,netral
Aris Matte,Alhamdulillah lancar,2025,brimo,alhamdulillah lancar,1,positif
Mita Puspita,bagus,2025,brimo,bagus,1,positif
Rizky Aji,rada ribet buat proses pemindahan tapi gpp dah buat keamanan juga,2025,brimo,rada ribet proses pindah tidak apa aman,0,netral
Ayub Sintang,mempermudah 😃👍,2025,brimo,mudah,1,positif
Wendi Wenda,tuk kedepan nya mohon di tindak cepat klo ada kendala.,2025,brimo,tuk depan mohon tindak cepat kendala,0,netral
M. Agus Kurnia,Alhamdulillah sangat membantu dalam setiap transaksi,2025,brimo,alhamdulillah sangat bantu transaksi,0,netral
Hasan Mata,bagus,2025,brimo,bagus,1,positif
Andhika Prasetya,mantul pokoknya...mantap betul 👍👍👍,2025,brimo,mantap pokoknyamantap,1,positif
Sopian Jaelani,p kenapa ya aku gabisa transfer sekarang katanya batas limit harian padahal gapernah transaksi,2025,brimo,p tidak bisa transfer batas limit hari gapernah transaksi,0,netral
Syuhada Anwar,di tingkat lagi sistem Nya dengan baik dan benar.,2025,brimo,tingkat sistem,0,netral
Bagas Doang98,walaupun kadang lag tpi oke lah,2025,brimo,kadang lag oke,0,netral
iwan iswanto,sangat membantu,2025,brimo,sangat bantu,0,netral
Pendik,sangat membantu,2025,brimo,sangat bantu,0,netral
Markus Sabat Marhynce,mantap,2025,brimo,mantap,1,positif
erik ruhyat,"𝒎𝒂𝒖 𝒃𝒊𝒌𝒊𝒏 𝒃𝒓𝒊𝒎𝒐 𝒃𝒂𝒓𝒖 𝒌𝒐 𝒈𝒌 𝒃𝒊𝒔𝒂"" 𝒚𝒂 𝒑𝒂𝒔 𝒊𝒎𝒆𝒍 𝒏𝒚𝒂 𝒈𝒌 𝒃𝒊𝒔𝒂 𝒅 𝒌𝒆𝒕𝒊𝒌 ... 𝒊𝒕𝒖 𝒌𝒏𝒑𝒂 𝒚𝒂 𝒌𝒌",2025,brimo,,0,netral
Chandra Tanjung,"layanan BI fast nya sering eror, kadang2 di alihkan transfer mode online, biaya transaksi ke bank lain jadi mahal.",2025,brimo,layan bi fast error kadang alih transfer mode online biaya transaksi bank mahal,-1,negatif
Marly Retadar,"Baru nyoba,mudah2an pelayanannya bagus.",2025,brimo,nyobamudah an layan bagus,1,positif
Aba Fauzi,bagus,2025,brimo,bagus,1,positif
Aryanto,"semoga nanti kalau mau ganti nomor HP bisa lewat brimo, jadi tidak perlu ke bank ribet",2025,brimo,moga ganti nomor handphone bisa brimo tidak bank ribet,-1,negatif
Rudhi Adi,oke banget cuman biaya SMS di bebenkan ke penguna,2025,brimo,oke banget cuman biaya pesan bebenkan penguna,0,netral
Samsul Sitanggang,sangat membantu,2025,brimo,sangat bantu,0,netral
Aliashaikal Alias,terbaik,2025,brimo,baik,1,positif
Diyas Yas,sangat mudah digunakan.,2025,brimo,sangat mudah,1,positif
Keyla Ilham,"kenapa apl brimo nya gak bisa d buka. sedih banget rasa nya. padahal udah seneng banget ada brimo, biar gak bolak balik ATM, semoga secepat nya bisa d perbaiki.🙏🏻🙏🏻",2025,brimo,apl brimo tidak bisa buka sedih banget neng banget brimo tidak bolak atm moga cepat bisa baik,2,positif
Rusni “Rsal29” Salamah,cepat,2025,brimo,cepat,1,positif
ahmd syhwal,"mau tanya,kan brimo saya ga ada saldo nya intinya ada sampe mines gitu,terus saya langsung tf ke brimo saya dari bank nya sama juga tapi kenapa belum ada masuk ya sampe sekarang?",2025,brimo,brimo tidak saldo inti mes gituterus langsung transfer brimo bank masuk,0,netral
Eis Muhapilah,maaf ka ko mau masuk gak bisa ya harus pake data seluler sedangkan di daerah saya gak ada sinyal data ka adanya sinyal wifi mohon solusinya ka,2025,brimo,maaf ka masuk tidak bisa pakai data seluler daerah tidak sinyal data ka sinyal wifi mohon solusi ka,0,netral
Seli Fera,bagus sekali pertahankan!!!,2025,brimo,bagus tahan,1,positif
Miftahul Arifin,lebih praktis,2025,brimo,praktis,1,positif
Terasabdulmajid,"kenapa saya login brimo , harus kode otp trus, dipoto KTP,",2025,brimo,login brimo kode one time password dipoto ktp,0,netral
Jojeck 16,"Min,bagaimana cara mengatasi Aplikasi Brimo ini Min, login bisa,tapi pas masuk mau cek atau buka menu dimana saja gabisa,keterangan nya koneksi kurang baik,padahal koneksi kuat dan bagus.",2025,brimo,minbagaimana atas aplikasi brimo login bisatapi cocok masuk cek buka menu mana gabisaketerangan koneksi kurang baikpadahal koneksi kuat bagus,1,positif
Nurul Arifin,okk cukup membantu,2025,brimo,okk bantu,0,netral
Astari Rini,cepat mudah,2025,brimo,cepat mudah,2,positif
ASMARANI DONRI,"min saya ini pengguna brimo udah dari lama dan semuanya selalu aman tanpa ada kendala sedikitpun tetapi kenapa ketika saya ganti rekening baru malahan notifikasi transaksi saya tidak masuk lagi padahal pengaturan sistem dari hp saya semua aman, tapi ketika saya chat sabrina di wa malahan CSnya slowrespn terus ketika disuruh isi data, kan baru di ketik nih belum semenit gak dibales udah di akhir gitu ajah, jadi gimana ini",2025,brimo,guna brimo lama aman kendala sedikit ganti rekening notifikasi transaksi tidak masuk atur sistem handphone aman chat sabrina wa csnya slowrespn suruh isi data ketik menit tidak dibales gitu ajah,0,netral
Resa Sasmita,biaya transoernya mhal,2025,brimo,biaya transoernya mhal,0,netral
Mochammad Tjipto,Bagus pelayanan Brimo,2025,brimo,bagus layan brimo,1,positif
Nalifa fhelicia Yaya,baik bnar,2025,brimo,bnar,0,netral
Adisuseno Seno,Mudah dipahami,2025,brimo,mudah paham,1,positif
Puji Yanto,sangat membantu sekali,2025,brimo,sangat bantu,0,netral
Nur Asiyah,mudah dan praktis cepat,2025,brimo,mudah praktis cepat,3,positif
Ahmadal Husin,mantap,2025,brimo,mantap,1,positif
Andika Sangga,"Overall semuanya sudah bagus, cuma minusnya terletak di login fingerprint saja. Mungkin itu saja yang harus dibenahi di BRImo.",2025,brimo,overall bagus minus letak login fingerprint benah brimo,1,positif
Eliz Tailor,lancar,2025,brimo,lancar,1,positif
Era Wati,"drtd pk sy mau buka m.banking tp ktk di klik log in pasword gk bisa2, mslh ny ap gk tau .. tlg ksi solusi min 🙏",2025,brimo,drtd pk buka mbanking ktk klik log in pasword tidak bisa mslh ny ap tidak tlg ksi solusi,0,netral
Bon Nek,ok,2025,brimo,ok,0,netral
Dea Amelia Putri,"akun brimoku masih di batasi sementara terus, ga bisa login",2025,brimo,akun brimoku batas tidak bisa login,0,netral
Dennis Manopo,okelah.,2025,brimo,oke,0,netral
Wawan Suwandi,cukup puas. dan mudah,2025,brimo,puas mudah,2,positif
Emy Siregar,Semakin mudah Transaksinya,2025,brimo,mudah transaksi,1,positif
Muhammad Ihsan,bagus,2025,brimo,bagus,1,positif
Nurul Desyana,memudahkan kita bertransaksi dimanapun dan kapanpun,2025,brimo,mudah transaksi mana,1,positif
Masamune,sangat bgus dan simpel,2025,brimo,sangat bgus simpel,0,netral
Gandung Minto,"Untuk pendaftaran brimo susah di sesi verifikasi wajah. Type kamera hp sudah bagus, namun hasilnya selalu gagal, coba chat cs brimo, solusi tidak memuaskan. Adakah solusi yang bagus agar verifikasi tidak sulit?.",2025,brimo,daftar brimo susah sesi verifikasi wajah type kamera handphone bagus hasil gagal coba chat customer service brimo solusi tidak muas ada solusi bagus verifikasi tidak sulit,-1,negatif
ida farida,ok. pay later donks,2025,brimo,ok pay later donks,0,netral
Fierdhauz Sanz,potongannya gede bet,2025,brimo,potong gede bet,0,netral
Romli Tohir,ok.. kren..,2025,brimo,ok kren,0,netral
Siti Juwariyah,cepat mudah aman dan gk ribet,2025,brimo,cepat mudah aman tidak ribet,2,positif
yanz viyanz,sangat mudah,2025,brimo,sangat mudah,1,positif
Abdulbasirr,mantaaaap pokoknya,2025,brimo,mantaap pokok,0,netral
DG gaming,bagus,2025,brimo,bagus,1,positif
wirsam asram,mantap,2025,brimo,mantap,1,positif
Nank Al-Qosim,Terimakasih,2025,brimo,terimakasih,0,netral
Jar Wono,Transaksi lancar tanpa kendala,2025,brimo,transaksi lancar kendala,0,netral
Ucup Cliring,loginny kok ribet,2025,brimo,loginny ribet,-1,negatif
wawa mulyana,sangat bagus,2025,brimo,sangat bagus,1,positif
Mang Dakrie,sejauh ini bagus bisa mempermudah transfer antar bank manapun.tks,2025,brimo,bagus bisa mudah transfer bank manapuntks,2,positif
Abi,sangat memuaskan,2025,brimo,sangat muas,0,netral
dwiy kawai,kenapa tidak bisa transfer.,2025,brimo,tidak bisa transfer,0,netral
kang togar,sangat membantu costumer .... masalah mudah teratasi TRIms BRImo,2025,brimo,sangat bantu costumer mudah atas trims brimo,1,positif
Ka Ka,agak lelet buat Qris,2025,brimo,lelet qris,0,netral
Susilo Ndari,"saya mengecek saldo di BRImo, tidak ada saldonya.bagaimana solusinya",2025,brimo,ecek saldo brimo tidak saldonyabagaimana solusi,0,netral
Ade Candra,lumayan cukup membantu untuk pembayaran tagihan,2025,brimo,lumayan bantu bayar tagih,0,netral
Herlina Herlina,mudah,2025,brimo,mudah,1,positif
Durce Walo,di coba dulu,2025,brimo,coba,0,netral
Elisabeth dingur,lumayan,2025,brimo,lumayan,0,netral
Dedi Nuraydi,jangan lemot,2025,brimo,lama,-1,negatif
Madong Arizona,kenapa mutasi tidak bisa di screenshot. bukti Terima tidak bisa di screenshot. kenapa?,2025,brimo,mutasi tidak bisa screenshot bukti terima tidak bisa screenshot,0,netral
AKBAR ILLAFI 94,"aku dftr udh slh 3x karna bukan masukin no rekening tp no debit di kartunya, gimna ya cara betulinnya? mau ke bank tp ngk bisa karena krja",2025,brimo,dftr slh masukin no rekening no debit kartu gimna betulinnya bank ngk bisa krja,0,netral
Idil Mokodompit,mudah,2025,brimo,mudah,1,positif
muaz aulia,suport bank rakyat Indonesia!!! Danantara yes,2025,brimo,suport bank rakyat indonesia danantara yes,0,netral
Anhyie Alyha (Ani),terima ksih in sngat membntu,2025,brimo,terima ksih in sngat membntu,0,netral
budhi hantoro,mempermudah transaksi,2025,brimo,mudah transaksi,1,positif
Salwa Tamiawa,"Email, no handphone sdh ku daftarin smua, tapi ko ga bisa masuk, pdhl udh slesai smua d daftar, why?",2025,brimo,email no handphone ku daftarin tidak bisa masuk slesai daftar why,0,netral
Syemnulebay Tea,"bagus,jadi mudah urusan pmbayaran apapun",2025,brimo,bagusjadi mudah urus pmbayaran apa,1,positif
Bia Andy,"singkat aja cepat,Cepit,Ceput,cepot sangat easy, semoga sukseskan negara,melayani masyarakat dengan baik,ramah dengan integritas mumpuni, cuma 1 jangan KORUP, oke🤭 gw selalu pantau perkembangan BBRI di bursa,",2025,brimo,singkat cepatcepitceputcepot sangat easy moga sukses negaramelayani masyarakat baikramah integritas mumpuni korup oke pantau kembang bbri bursa,0,netral
Nur Shodiqnote,lumayan,2025,brimo,lumayan,0,netral
Bim patahe,Sangat Baik,2025,brimo,sangat,0,netral
Khoirul Anwar,Bagus dan muda. cuma beberapa hari ini layanan saya tidak dapat mengaktifkan fitur FINGERPRINT. Mohon bantuannya,2025,brimo,bagus muda layan tidak aktif fitur fingerprint mohon bantu,1,positif
Bang Amet,"error, harus login dan verivikasi terus menerus setelah keluar",2025,brimo,error login verivikasi terus,-1,negatif
Wawan Azizah,sangat membantu,2025,brimo,sangat bantu,0,netral
Ibnu Mashduqi,"sangat membantu,dan baik untuk transaksi keuanganku",2025,brimo,sangat membantudan transaksi uang,0,netral
Muhammad Saleh,kita kasih bintang 4 dulu soalnya pemula,2025,brimo,kasih bintang mula,0,netral
Riyan Syah,lumayan membantu transaksi,2025,brimo,lumayan bantu transaksi,0,netral
M.Ali Shadikin,keren simpel,2025,brimo,keren simpel,0,netral
Sam Hedi,mantap apknya,2025,brimo,mantap apknya,1,positif
Dodi Dodi,tolong dong aplikasi nya di respon,2025,brimo,tolong aplikasi respon,0,netral
Rahma wati,Assalamualaikum Maaf yah saya kasih dua binyang dulu. Kemarin saya senang ada aplikasi ini bisa mempermudah transaksi tapi sekarang ko aplikasinya ndk bisa di buka y padahal jaringan saya bagus ajha,2025,brimo,assalamualaikum maaf kasih binyang kemarin senang aplikasi bisa mudah transaksi aplikasi ndk bisa buka y jaring bagus ajha,2,positif
April Pwr,tidak bisa dibuka,2025,brimo,tidak bisa buka,0,netral
Vikyarya26,lumayan atas transaksi cukup menyenangkan,2025,brimo,lumayan transaksi senang,0,netral
Agum Zulkifli,ada yg sama kek aku ngak..saldo aku selalu terpotong padahal nga transaksi loh,2025,brimo,kek ngaksaldo potong nga transaksi,0,netral
Srilian dama,mudah dan praktis,2025,brimo,mudah praktis,2,positif
M Bagas Murtadho,bagus,2025,brimo,bagus,1,positif
Mutri sari,sudah daftar tp blm bisa login itu datanya amana nggak ya,2025,brimo,daftar bisa login data amana tidak,0,netral
Ucup Setro,"Top up E Wallet keterangan sedang di proses tp sudah 24 jm lebih tetap tdk berubah,saldo berkurang dan tdk segera di kembalikan Mohon Solusi Terima kasih",2025,brimo,top up e wallet terang proses jm tidak berubahsaldo kurang tidak kembali mohon solusi terima kasih,1,positif
Khoirul New,"Hallo mind. Semalam saya setor tunai tanpa kartu di Atm,transaksi berhasil tapi kok saldo saya tidak bertambah sampai sekarang?",2025,brimo,hallo mind malam setor tunai kartu atmtransaksi hasil saldo tidak tambah,0,netral
ade nugroho,ok bagus,2025,brimo,ok bagus,1,positif
Pa roni 01,Ok,2025,brimo,ok,0,netral
Karsono Hadi,sangat mudah dan nyaman dibuat transaksi apapun,2025,brimo,sangat mudah nyaman transaksi apa,2,positif
Sriwullan Sary,sangat memuaskan pokonya mantap BRImo semoga trus berkembang apk BRImo,2025,brimo,sangat muas poko mantap brimo moga kembang aplikasi brimo,1,positif
M. Ridwan Ali,"Saya tidak bisa login karena lupa password, karena biasanya saya menggunakan fingerprint tapi sekarang error, namun nomor saya juga tidak bisa menerima SMS karena nomor saya sudah mati, tolong beri opsi kirim ke WhatsApp 😭",2025,brimo,tidak bisa login lupa password fingerprint error nomor tidak bisa terima pesan nomor mati tolong opsi kirim whatsapp,-1,negatif
Jul Afandi 0609,sangat bagus,2025,brimo,sangat bagus,1,positif
Ruhiyat,"bagus ,lumayan serba ada",2025,brimo,bagus lumayan serba,1,positif
Al-fatih Kebab24,tingakatkan lage,2025,brimo,tingakatkan lage,0,netral
Syarif Muhammad,SEMOGA Saja Kedepannya Lebih baik Lagi.,2025,brimo,moga depan,0,netral
Tubagus Munir,Oke semakin lengkap,2025,brimo,oke lengkap,0,netral
bray generasi,Mantap,2025,brimo,mantap,1,positif
azizi pratama,𝐬𝐞𝐥𝐚𝐦𝐚 𝐢𝐧𝐢 𝐬𝐚𝐧𝐠𝐚𝐭 𝐦𝐞𝐦𝐛𝐚𝐧𝐭𝐮 𝐝𝐚𝐧 𝐩𝐮𝐚𝐬,2025,brimo,,0,netral
edy sulistiyo,sangat membantu,2025,brimo,sangat bantu,0,netral
Maulana Ishaq,sering kali terdapat kendala atau metode tranfer tidak bisa mau transaksi ke baik lain atau ke dana,2025,brimo,kendala metode tranfer tidak bisa transaksi dana,-1,negatif
Toha Indah,"bri sekarang sudah jauh lebih baik dengan aplikasi Brimo semua jadi mudah dan gampang, semoga terus konsisten memberikan pelayanan yang baik.",2025,brimo,bri aplikasi brimo mudah gampang moga konsisten layan,1,positif
Wahyu 08,Bagus,2025,brimo,bagus,1,positif
Karl S,cepat dan mudah,2025,brimo,cepat mudah,2,positif
Andri Riski,oke baik,2025,brimo,oke,0,netral
Alfa Teknik,mambantu,2025,brimo,mambantu,0,netral
Ade Putra,Bagus,2025,brimo,bagus,1,positif
Ruang Kreasi Pemuda,mantap,2025,brimo,mantap,1,positif
Arbani Arbani,Mantul.... mantap betul dah sangat membantu,2025,brimo,mantap mantap sangat bantu,2,positif
Riena A. Dewi,mudah,2025,brimo,mudah,1,positif
Menyala,mntap aplikasinya buat transper enak jos kemana²,2025,brimo,mntap aplikasi transper enak jos mana,0,netral
Zein Halim,bagus sangat membantu,2025,brimo,bagus sangat bantu,1,positif
Hidayat,cpat kilat tfnya makasih bro,2025,brimo,cpat kilat tfnya makasih bro,0,netral
ahmad R076,sangat berguna dan sangat membatu,2025,brimo,sangat guna sangat batu,0,netral
dodi aktori,sangat baik,2025,brimo,sangat,0,netral
Akhyar Kemuning,mantap,2025,brimo,mantap,1,positif
Andri Maliki,BAIK SANGAT MEMBANTU,2025,brimo,sangat bantu,0,netral
Afia Waimuri,sangat membantu apalagi di tempat tinggal saya yg jauh dari mesin ATM,2025,brimo,sangat bantu tinggal mesin atm,0,netral
Levi Diesernova,"simpel dan mudah buat aplikasi nya , mantab",2025,brimo,simpel mudah aplikasi mantab,1,positif
Iannone,Aplikasi mudah cepat dan aman,2025,brimo,aplikasi mudah cepat aman,3,positif
Muhammad Risal,bagus,2025,brimo,bagus,1,positif
Saifudin Saifudin,mantap,2025,brimo,mantap,1,positif
Frengky Barabe,sangat membatu dalam segala transaksi,2025,brimo,sangat batu transaksi,0,netral
wisnu gunadi,keren,2025,brimo,keren,0,netral
jaraa tusitta,",,,pasti terdepan",2025,brimo,depan,0,netral
Alaric Begundal Byos,"Mudah, murah, gampang",2025,brimo,mudah murah gampang,1,positif
Nelida Purba,apk mantap,2025,brimo,aplikasi mantap,1,positif
zamrud creation,mudah cepat,2025,brimo,mudah cepat,2,positif
Karmila Fuji,sejauh jauh ini aku pakai brimo sangat cepat tanpa lemot mantul,2025,brimo,pakai brimo sangat cepat lama mantap,1,positif
Rahono No,"terimakasih brimo, sekarang semua transaksi jadi mudah",2025,brimo,terimakasih brimo transaksi mudah,1,positif
Murni Widiyowati,sangat puas dan nyaman dg aplikasi ini,2025,brimo,sangat puas nyaman dg aplikasi,2,positif
Ajenggupita Dede,praktis dan muda,2025,brimo,praktis muda,1,positif
JOSH Hasya Video Production Campurasri,Lebih efisien,2025,brimo,efisien,0,netral
Riandy Maringka,sangat membantu,2025,brimo,sangat bantu,0,netral
Umi Listyowati,sangat membantu,2025,brimo,sangat bantu,0,netral
Ronal Togo,saya ksih bintang 5 cepat sekali mantap semoga bagus terus..,2025,brimo,ksih bintang cepat mantap moga bagus,3,positif
belati3 robieth,baik,2025,brimo,,0,netral
garena 1995,trimakasih brimo sangat membantu dan mudah untuk transaksi,2025,brimo,trimakasih brimo sangat bantu mudah transaksi,1,positif
Muhammad Ihsan Fadillah,so far so good,2025,brimo,so far so good,0,netral
Lilys Fitria,mantab,2025,brimo,mantab,0,netral
farian amrulloh,"sangat mudah, aman, dan cepat",2025,brimo,sangat mudah aman cepat,3,positif
MArif Ramadhan,bagus,2025,brimo,bagus,1,positif
Paldi Saputra,bagusss,2025,brimo,baguss,0,netral
Yosef Rufiansah,jangan lah memudah kan,2025,brimo,mudah,1,positif
MOHAMMAD IKHWANUDIN 1990,kenapa sejak sidik jari yg lama di hapus terus ganti sidik jari baru gak bisa di aktifkan,2025,brimo,sidik jari lama hapus ganti sidik jari tidak bisa aktif,-1,negatif
Palse Jun,mudah cepat aman,2025,brimo,mudah cepat aman,3,positif
Andi marwati Nur,wowluar biasa,2025,brimo,wowluar,0,netral
Nur Hanna,bagus banget buat,2025,brimo,bagus banget,1,positif
sarah sarah,sangat memuaskan,2025,brimo,sangat muas,0,netral
Dede Taryana,mantap layanan nya 👍,2025,brimo,mantap layan,1,positif
Partono Arom,Sangat nyaman.,2025,brimo,sangat nyaman,1,positif
Sf Fauzi,sistem pembayaran sangat terbantu sekali dengan BRI Mobile trm kash,2025,brimo,sistem bayar sangat bantu bri mobile trm kash,0,netral
Ajun Joens,Mantap,2025,brimo,mantap,1,positif
Zaara Audio,brimo emang inthebes,2025,brimo,brimo inthebes,0,netral
Yuniarsi Novi,sangat membantu. suka banget.,2025,brimo,sangat bantu suka banget,1,positif
Lita Nurhayati,Simple 🤗,2025,brimo,simple,0,netral
Iin nur Inayah,aplikasi terbaik,2025,brimo,aplikasi baik,1,positif
cahya lee,keren,2025,brimo,keren,0,netral
Samsudin 123,Sangat membantu cepat praktis..,2025,brimo,sangat bantu cepat praktis,2,positif
Aditya Nugraha,nice,2025,brimo,nice,0,netral
Dodolan 123,mantap.cepat,2025,brimo,mantapcepat,0,netral
HappyForLife? Yes.,pengiriman praktis ga usah pergi ke ATM/ antri,2025,brimo,kirim praktis tidak pergi atm antri,1,positif
Azka Brylian,sangat mudah dan cepat,2025,brimo,sangat mudah cepat,2,positif
Yunani Purnawirawati,Mudah dan cepat pelayanan nya. Makasih BRI.. makin jaya dan berkembang.,2025,brimo,mudah cepat layan makasih bri jaya kembang,2,positif
Haji tata Haji tata,Sangat baik dan memudahkan bisnis saya,2025,brimo,sangat mudah bisnis,1,positif
ILHAM HIDAYAT,"Bagus, setelah datang ke Teller dibantu beberapa permasalahan akun BRI saya",2025,brimo,bagus teller bantu masalah akun bri,0,netral
rian syah,BRI terbaik,2025,brimo,bri baik,1,positif
Lhina Marlhina,"memudahkan segala urusan di rumah, walaupun cuma isi pulsa",2025,brimo,mudah urus rumah isi pulsa,1,positif
Jales Rhoges,jos gandos pokok nya,2025,brimo,jos gandos pokok,0,netral
Fahrizal Rizal,sangat puas,2025,brimo,sangat puas,1,positif
M. Khairunnasihin (Nasihin),Aplikasi Mudah Digunakan dan ATM Tersebar di Berbagai Daerah,2025,brimo,aplikasi mudah atm sebar daerah,1,positif
Iyul Ratnaningsih,memberikan kemudahan bertransaksi,2025,brimo,mudah transaksi,1,positif
Onny Daeli,Good,2025,brimo,good,0,netral
Rian Albert,sangat sempurna 🎉,2025,brimo,sangat sempurna,0,netral
dewa nantas,sangat berguna,2025,brimo,sangat guna,0,netral
finsen herikson,good,2025,brimo,good,0,netral
Pocce Kumaniren,bagus aplikainya,2025,brimo,bagus aplikainya,1,positif
DESTA ANANDA PRATAMA,memudahkan untuk transaksi sehari hari,2025,brimo,mudah transaksi hari,1,positif
Anak Bangsa,memudahkan bertransaksi,2025,brimo,mudah transaksi,1,positif
Roman Reigns,Sangat simpel,2025,brimo,sangat simpel,0,netral
Ahmad Junaidi,alhamdulillah transaksi uang menjadi lbh gampang dan terpercaya,2025,brimo,alhamdulillah transaksi uang lbh gampang percaya,0,netral
Marchel Ridwan,keren banget 💯💯💯 pelayanan cepat banget,2025,brimo,keren banget layan cepat banget,1,positif
Lilis Amelia,Aplikasi nya bagus dan pelayanan nya juga terbaik Terimakasih 😊😊😊,2025,brimo,aplikasi bagus layan baik terimakasih,2,positif
DEDIE HANDRICO,Luar biasa Brimo,2025,brimo,brimo,0,netral
Ami Pikri,"okeee bngettt,,TPI klo pemula saran akuu harus ada pembimbing ngebuat akun nya okeee gesss,,KRNA klo salah bisa fatal ges",2025,brimo,okee bngetttpi mula saran akuu bimbing ngebuat akun okee gesskrna salah bisa fatal ges,0,netral
Jani Bow,simple mudah praktis mantap,2025,brimo,simple mudah praktis mantap,3,positif
erik fahrurozy,sangat puas,2025,brimo,sangat puas,1,positif
Dony Febrianto,"semogah dengan ada nya, transaksi brimo, ini. membuat lebih baik lagi ke depan nya",2025,brimo,semogah transaksi brimo,0,netral
Ahmad Firdaus,sangkat baik,2025,brimo,sangkat,0,netral
Endang Sri wahyuni,memuas kan,2025,brimo,muas,0,netral
#kemal sarkodes,akun brimo sya tidak bisa login gi mana cara supaya saya bisa login lagi🙏,2025,brimo,akun brimo sya tidak bisa login gi bisa login,0,netral
Syafa Azka,mohon solusi nya ko ga bisa terdaftar ya.. no hp nya tidak sesuai,2025,brimo,mohon solusi tidak bisa daftar no handphone tidak sesuai,0,netral
anies fulaila,bagus banget,2025,brimo,bagus banget,1,positif
RANI SHOLIHAH,simpel dan gampang gk ribet pakai brimo,2025,brimo,simpel gampang tidak ribet pakai brimo,-1,negatif
Rosdha Niar,praktis,2025,brimo,praktis,1,positif
Khrisna Pinatih,good,2025,brimo,good,0,netral
Lea channel,sangat membatu,2025,brimo,sangat batu,0,netral
Muhammad Fahmi,baik,2025,brimo,,0,netral
Bajing Loncat,good,2025,brimo,good,0,netral
Wiguna Tani,terimakaih untuk pelayanan cs nya yang ramah dan jelas 🙏🙏🙏,2025,brimo,terimakaih layan customer service ramah,0,netral
Sulfikar Syam,baik,2025,brimo,,0,netral
Tini Tini,tranfer lebih mudah,2025,brimo,tranfer mudah,1,positif
Kurniawan Heri,sangat membantu transaksi nya,2025,brimo,sangat bantu transaksi,0,netral
Dominikus Dedi,mantap,2025,brimo,mantap,1,positif
Putri,Good,2025,brimo,good,0,netral
Abdul Rohim,aplikasi ok,2025,brimo,aplikasi ok,0,netral
Grace Kopeuw,aplikasi ini sangatembantu,2025,brimo,aplikasi sangatembantu,0,netral
barsup Hamzah,cepat dan tepat,2025,brimo,cepat,1,positif
Aditya Rizky,👍,2025,brimo,,0,netral
Saadol Adol,memper mudah dalam melakukan transaksi transfer anti ribet,2025,brimo,memper mudah transaksi transfer anti ribet,0,netral
Land Maslan,memudah kan pengguna dlm bertransaksi,2025,brimo,mudah guna dlm transaksi,1,positif
Melsa Melsa,agak sedikit susah,2025,brimo,susah,-1,negatif
Wawan Darmawan,mantap,2025,brimo,mantap,1,positif
Saha Bat,5 bintang saya berikan.karena mang bagus,2025,brimo,bintang berikankarena mang bagus,1,positif
Ephipania Grace020,trimksh apk ini sangat membantu 👍👍,2025,brimo,trimksh aplikasi sangat bantu,0,netral
Vivin Yudha ariyanti,josss,2025,brimo,joss,0,netral
Jesika Gabreila Taro,mempermudah tranksaksi,2025,brimo,mudah tranksaksi,1,positif
Surya_ Audio,aplikasi brimo ini sangat berguna banget buat TF lebih gampang dan mudah pokok rekomendasi bget dehh🤩,2025,brimo,aplikasi brimo sangat guna banget transfer gampang mudah pokok rekomendasi bget dehh,1,positif
GACOR DOR,ini sangat bermanfaat.... semoga BRI selalu BERMANFAAT...AAMIIN,2025,brimo,sangat manfaat moga bri bermanfaataamiin,0,netral
Sebastian Nugroho,Untuk tampilan sangat ramah sekali bagi pengguna baru/ org tua...,2025,brimo,tampil sangat ramah guna orang tua,0,netral
Sunala Samsidi,mantap,2025,brimo,mantap,1,positif
resti utami putri,"cukup puas, pelayanan cepat, transaksi apapun mudah terimakasih.",2025,brimo,puas layan cepat transaksi apa mudah terimakasih,3,positif
Hanez Tabuni,puas dan sangat membantu,2025,brimo,puas sangat bantu,1,positif
Didi Pramono,mudah digunakan,2025,brimo,mudah,1,positif
Mahatma Berlianto,Sangat membantu disaat butuh transaksi cepat dgn sedikit waktu yg ada dan ditengah kesibukan kerja,2025,brimo,sangat bantu saat butuh transaksi cepat tengah sibuk kerja,1,positif
Dauddelapansatu 81,"brimo sekarang bukan nya mempermudah nasabah umum mau buka tabungn atau nasabah kelas menengah kebawah mau buka tabungan .. sekarang brimo cuma, bisa buka tabungn britama .. simpedes tidak ada lgi .. seturan awal mahal .. bgaimna orng mau milih .. sdng kan langsung kebank antrian lama",2025,brimo,brimo mudah nasabah buka tabungn nasabah kelas tengah bawah buka tabung brimo bisa buka tabungn britama simpedes tidak lgi tur mahal bgaimna orng milih sdng langsung bank antri lama,0,netral
Doni,apakah BRI mobile ada sekuritas dan bisa beli saham BRI?,2025,brimo,bri mobile sekuritas bisa beli saham bri,0,netral
Vixion R155,baik,2025,brimo,,0,netral
Khana Firdaus,sangat membantu untuk menyimpan uang dan untuk mentransfer uang,2025,brimo,sangat bantu simpan uang transfer uang,0,netral
Fato Su,mempermudah,2025,brimo,mudah,1,positif
Nano Nirma,cept skli transaksinya,2025,brimo,cept skli transaksi,0,netral
Degi triyagi,bagus dan mantap rekomen pokoknya,2025,brimo,bagus mantap rekomen pokok,2,positif
Marda,sangat memuaskan,2025,brimo,sangat muas,0,netral
miq dam,"Bri mo Sangat Memuaskan Bagi kami karena Transaksi lebih Cepat, mudah dan Aman Tidak Me nghabiskan Waktu banyak Cukup Dari Rumah Langsung Oke Tanpa Ribet Ayoo pake,BRImo .",2025,brimo,bri mo sangat muas transaksi cepat mudah aman tidak me nghabiskan rumah langsung oke ribet ayoo pakebrimo,2,positif
Angga dwi Christian simbolon,lebihh muda,2025,brimo,lebihh muda,0,netral
Hilda24,aplikasi mudah terbaik,2025,brimo,aplikasi mudah baik,2,positif
Venti revita Van gobel,sangat membantu,2025,brimo,sangat bantu,0,netral
Atik Bone,APKIKASI JUGA PELAYANAN LUAR ANGGKASA MUDAH NYAMAN TERPACAYA,2025,brimo,apkikasi layan anggkasa mudah nyaman terpacaya,2,positif
Ipanzz 99,terbaik brimo,2025,brimo,baik brimo,1,positif
Dhany Susanto,mantap👍,2025,brimo,mantap,1,positif
abi Hamud,bagus sekali saya suka,2025,brimo,bagus suka,2,positif
Permata Sari,layana memuaskan,2025,brimo,layana muas,0,netral
Wayan Agus,lebih ditingkatkan lagi biar gak bag,2025,brimo,tingkat tidak bag,0,netral
Sportavengers,ok brimo,2025,brimo,ok brimo,0,netral
Aris Sunandar,sudah sekali,2025,brimo,,0,netral
Andii Cuyy,Tolong turunin Fee admin Bulanannya,2025,brimo,tolong turunin fee bulan,0,netral
Kunti Merah,sangat membantu,2025,brimo,sangat bantu,0,netral
Yohanna Sembiring,mantap,2025,brimo,mantap,1,positif
gondrong bontang,kalau salah pin gmn ya jln keluarnya,2025,brimo,salah pin gmn jln keluar,0,netral
Pajar Cahya pratama,mantap,2025,brimo,mantap,1,positif
Andi Arwan,mantap,2025,brimo,mantap,1,positif
syawel ciecie,Sangat membantu,2025,brimo,sangat bantu,0,netral
Freddy Santoso,mantapz,2025,brimo,mantapz,0,netral
Miguel Leki mau pinto,bagus,2025,brimo,bagus,1,positif
Mukhtar Lampar,lengkap dan sangat udah sekali,2025,brimo,lengkap sangat,0,netral
Desi Cahyani,sangat cepat dan efisien,2025,brimo,sangat cepat efisien,1,positif
melyana ekawati,asal amanah dan aman bintang 5,2025,brimo,amanah aman bintang,1,positif
namanya anom,sangat baik,2025,brimo,sangat,0,netral
ibhenk rachman,best apk,2025,brimo,best aplikasi,0,netral
Rafha Polisi,nice,2025,brimo,nice,0,netral
Rahman Hakim,sngat baik,2025,brimo,sngat,0,netral
Firman Fendy,mantap saat berguna,2025,brimo,mantap guna,1,positif
Sarman Dan,cepat mudah dan menyenangkan,2025,brimo,cepat mudah senang,2,positif
diki kadir,mantap,2025,brimo,mantap,1,positif
Danar Bagus Wijayanto,mantab,2025,brimo,mantab,0,netral
nur afifa,sangat baik untuk transaksi online,2025,brimo,sangat transaksi online,0,netral
Soraya Soraya adha,"BRI ,,terbaik",2025,brimo,bri baik,1,positif
firda krisyanti,mantap💋,2025,brimo,mantap,1,positif
Denchy Bukifan,sangat mudah membantu sekali,2025,brimo,sangat mudah bantu,1,positif
Rudi Apriadi,GOOD JOBSSSS👍👍👍,2025,brimo,good jobss,0,netral
Esau Wasanggai,baik,2025,brimo,,0,netral
Fitrya Ningsih,sangat membantu,2025,brimo,sangat bantu,0,netral
Ady Azach,ok bos,2025,brimo,ok bos,0,netral
Fauzi Fazira,baru mencoba,2025,brimo,coba,0,netral
Sitikulsum Sumiati,untuk keamanan dan kenyamanan ditingkatkan lagi,2025,brimo,aman nyaman tingkat,2,positif
Adi Sasongko,Proses cepat dan mudah tidak ribet,2025,brimo,proses cepat mudah tidak ribet,1,positif
adrianus indramio,"sederhana,mudah,cepat..",2025,brimo,sederhanamudahcepat,0,netral
Aku Kasih,praktis g perlu ribet,2025,brimo,praktis tidak ribet,0,netral
Susi Ana,transaksi lebih mudah,2025,brimo,transaksi mudah,1,positif
Tajwid D,proses lancar cepet mudah,2025,brimo,proses lancar cepet mudah,2,positif
Khairan Rahardyan,ok,2025,brimo,ok,0,netral
Uciha Shisui,good,2025,brimo,good,0,netral
Ika Noviasari,mantap,2025,brimo,mantap,1,positif
Andi,sangat baik dn memuaskan,2025,brimo,sangat dn muas,0,netral
Edo,Aplikasinya sudah bagus. Terus tingkatkan. 👍,2025,brimo,aplikasi bagus tingkat,1,positif
suherdi hafizh,sangat membantu lbh praktis,2025,brimo,sangat bantu lbh praktis,1,positif
Bojong Rawa,keren,2025,brimo,keren,0,netral
Ibal Ibul,baik,2025,brimo,,0,netral
Rizky Mobilindo Salatiga,ok,2025,brimo,ok,0,netral
Reno Azzha,mantap,2025,brimo,mantap,1,positif
Ahmad Syarif,mantap,2025,brimo,mantap,1,positif
Suryadi Al batawi,mantap,2025,brimo,mantap,1,positif
Arman Saputra,kop,2025,brimo,kop,0,netral
Al Fah,aplikasinya sngat membantu,2025,brimo,aplikasi sngat bantu,0,netral
indra fajar,Bagus,2025,brimo,bagus,1,positif
Trisatyo Nugroho,mantab Brimo,2025,brimo,mantab brimo,0,netral
oxshy star Putra,"Simpel,jelas,transparan,mudah",2025,brimo,simpeljelastransparanmudah,0,netral
Arif Permana,perfect dah pokoknya nya,2025,brimo,perfect pokok,0,netral
OPPO A3 PRO 5G 2024,"mantab, sangat membantu",2025,brimo,mantab sangat bantu,0,netral
Nrobbyyans Thelib,sangat membantu,2025,brimo,sangat bantu,0,netral
Muhammad Tarosin,"memuaskan, lebih ditingkatkan lagi untuk",2025,brimo,muas tingkat,0,netral
Yes Oke,lebih muda,2025,brimo,muda,0,netral
Anak Bontot,sangat memuaskan,2025,brimo,sangat muas,0,netral
Hariyanto Firman28,sangat membantu,2025,brimo,sangat bantu,0,netral
Sobirin,bagus,2025,brimo,bagus,1,positif
Anak Dongeng,jadi gampang,2025,brimo,gampang,0,netral
Teti Eriyani,lebih mudah untuk transaksi,2025,brimo,mudah transaksi,1,positif
Ridhuan Kid & law,bagus,2025,brimo,bagus,1,positif
Devil hunterzz,ok,2025,brimo,ok,0,netral
Ojo Didol,jos jis,2025,brimo,jos jis,0,netral
Khairul Erwin,"proses cepat, tak pakai ruwet",2025,brimo,proses cepat pakai ruwet,1,positif
Wandi,sangat membantu,2025,brimo,sangat bantu,0,netral
Firmansyah 1989,i like,2025,brimo,i like,0,netral
Tri Hartanti,membantu banget untuk transaksi saya.,2025,brimo,bantu banget transaksi,0,netral
Sri Yani,urusan transfer2 jd lebih mudah🥰,2025,brimo,urus transfer mudah,1,positif
Mika Olindia,mantap manfaat untuk kt,2025,brimo,mantap manfaat kt,1,positif
Ahmad ihzal Musthofa,sangat membantu masalah keuangan dll.,2025,brimo,sangat bantu uang dll,0,netral
Sandy Pasaribu,"mantap sekali,gak bikin ribet",2025,brimo,mantap sekaligak ribet,0,netral
Ahmad Riyadi,sangat bermanfaat,2025,brimo,sangat manfaat,0,netral
hendra Hendra,terimakasih,2025,brimo,terimakasih,0,netral
Nudin Tanjung,"mantap, semoga sukses selalu BRImo",2025,brimo,mantap moga sukses brimo,1,positif
Redha Dwi Ledysha,"Saya sudah masukkan 3 digit kode cvv tapi selalu gagal, padahal kode nya sudah benar😥 Sudah di kosongkan, sudah ketik 0 3x tetap aja gak bisa",2025,brimo,masuk digit kode cvv gagal kode kosong ketik tidak bisa,-1,negatif
Mukarto Munir,sangat membantu d era yg sekarang serba digital,2025,brimo,sangat bantu era serba digital,0,netral
Donny Marcellino ammar,terbaik,2025,brimo,baik,1,positif
Arif Saepurrohman,ok bagus,2025,brimo,ok bagus,1,positif
Lek Hadi,baru pakai saya sudah merasa puas,2025,brimo,pakai puas,1,positif
Lusi Ana,aplikasi yang sangat membantu tanpa harus ribet dan antri,2025,brimo,aplikasi sangat bantu ribet antri,-1,negatif
Elly Murib,mantap sangat membantu,2025,brimo,mantap sangat bantu,1,positif
aries libra,bagus,2025,brimo,bagus,1,positif
Erlia Ana,👍🏻👍🏻,2025,brimo,,0,netral
dhanny mon,sangat membantu,2025,brimo,sangat bantu,0,netral
Hendrik Drik,mudah digunakan,2025,brimo,mudah,1,positif
Saipul Hidayatulloh,mntap,2025,brimo,mntap,0,netral
Takiya Jr,bagus,2025,brimo,bagus,1,positif
Zehra Zulaika,"aku ksh bintang 5 ,aku setiap transaksi hati2 banget,",2025,brimo,ksh bintang transaksi hati banget,0,netral
Reni,saya.suka app inih sudah lama pakai,2025,brimo,sayasuka aplikasi inih lama pakai,-1,negatif
Rizahara Balai,mantaf jadi lebih mudah,2025,brimo,mantaf mudah,1,positif
Yepro Daffa,bagus,2025,brimo,bagus,1,positif
Muchlisin Lizin,BAGUS BANGET,2025,brimo,bagus banget,1,positif
Aris Rinaldi,bagus.permudah transaksi,2025,brimo,baguspermudah transaksi,0,netral
Muhammad Abduhnabhan,sangat membantu,2025,brimo,sangat bantu,0,netral
Agung Budi,sangat membantu sekali,2025,brimo,sangat bantu,0,netral
Sela Aatehdew,Sangat membantu,2025,brimo,sangat bantu,0,netral
sugeng riyadi,Sangat memudahkan transaksi online,2025,brimo,sangat mudah transaksi online,1,positif
Samm Wicky,mantab,2025,brimo,mantab,0,netral
Darus Salam,luar biasa..,2025,brimo,,0,netral
Adul Dona,semoga bagus,2025,brimo,moga bagus,1,positif
Rheena Riyadi,"sangat membantu sekali aplikasi ini, keren",2025,brimo,sangat bantu aplikasi keren,0,netral
Ajat Legen,pembayaran apapun lebih gampang,2025,brimo,bayar apa gampang,0,netral
Adhy Tugiono,sangat memudahkan,2025,brimo,sangat mudah,1,positif
Rafly Yanawasa,sangat membantu transaksi,2025,brimo,sangat bantu transaksi,0,netral
Adli Heriyansyah,oke,2025,brimo,oke,0,netral
zakk,layanan sangat memuaskan,2025,brimo,layan sangat muas,0,netral
Abdul Latif,mudah dan cepat,2025,brimo,mudah cepat,2,positif
Yana Argya,mantab,2025,brimo,mantab,0,netral
M awhyi,semua jadi gampang,2025,brimo,gampang,0,netral
cahaya ilmu,mantap aplikasinya,2025,brimo,mantap aplikasi,1,positif
Balyabilalalfarizqi 25,sangat membantu,2025,brimo,sangat bantu,0,netral
Novia Ayu AmbarWati,semua terpercaya asal ada brimo 🤍🤍🤍,2025,brimo,percaya brimo,0,netral
Ketroh Haddade98,Sangat membantu jika saat tidak bisa keloket pembayaran rekening,2025,brimo,sangat bantu tidak bisa loket bayar rekening,0,netral
AA.GEDE. BHARGAWA.,mantap,2025,brimo,mantap,1,positif
Sukirno Sukirno,"trimakasih BRImo atas pelayanannya,sungguh sangat membantu kelancaran transaksi kami",2025,brimo,trimakasih brimo pelayanannyasungguh sangat bantu lancar transaksi,1,positif
Ratna Dewi,ok,2025,brimo,ok,0,netral
Eneng yixing,memudahkan disegala urusan,2025,brimo,mudah segala urus,1,positif
Winarto SST,loading berat,2025,brimo,loading berat,-1,negatif
Moris Ela,sangat membantu,2025,brimo,sangat bantu,0,netral
Taman Bacaan Alfabet,app yg skrg bagus,2025,brimo,aplikasi bagus,1,positif
Fauzi Silitonga,"Mohon bantuannya kepada pihak BRI ,kartu ponsel saya rusak ,dan saya lupa username+password,wa aktif tapi notifikasi harus menggunakan nomor ponsel ,tolong dong solusinya.??",2025,brimo,mohon bantu bri kartu ponsel rusak lupa usernamepasswordwa aktif notifikasi nomor ponsel tolong solusi,0,netral
Fhadil Nugrah,untuk pembayaran gampang pakai VA,2025,brimo,bayar gampang pakai va,0,netral
julia astuti,mudah,2025,brimo,mudah,1,positif
Nina Marlina,"Alhamdulillah semua transaksi nya lancar,sangat membantu",2025,brimo,alhamdulillah transaksi lancarsangat bantu,0,netral
Adek Rendy,sya sangat puas dengan aplikasi brimo,2025,brimo,sya sangat puas aplikasi brimo,1,positif
Bagoes Herlambang,Sangat membantu,2025,brimo,sangat bantu,0,netral
Syafanessa Paulina,sangat memudahkan transaksi,2025,brimo,sangat mudah transaksi,1,positif
Anjar rahma Malik,mantap sekali ni Bromo mantap pokoknya,2025,brimo,mantap bromo mantap pokok,2,positif
Muhamad Dani,cepat bagus praktis,2025,brimo,cepat bagus praktis,3,positif
Rusli Ikt,super cepat,2025,brimo,super cepat,1,positif
Hasnawi 17,sangat memudahkan dalam kehidupan sehari termasuk pembayaran non tunai..,2025,brimo,sangat mudah hidup hari bayar non tunai,1,positif
Nelta Fauzia Tamrin,kerennn kalii bahh,2025,brimo,kerenn kali bahh,0,netral
Ahdi Legends,oke,2025,brimo,oke,0,netral
Leon Nard,good,2025,brimo,good,0,netral
Nielton Durado,keren,2025,brimo,keren,0,netral
Aloysius T.P ALFER,Mantap,2025,brimo,mantap,1,positif
Vic Vicc,mantaaap,2025,brimo,mantaap,0,netral
Djalue Thea,Mantap pokonya sangat membantu se x dan gampang di gunakan dimanapun dan kapanpun,2025,brimo,mantap poko sangat bantu gampang mana,1,positif
Azis Iswanto,sangat mudah,2025,brimo,sangat mudah,1,positif
Juvernando yofran Effata,kerennnnn,2025,brimo,kerenn,0,netral
Subandi Ponsel,mantap,2025,brimo,mantap,1,positif
ali zarni,mudah melakukan pembayaran,2025,brimo,mudah bayar,1,positif
Yoga Surya,menyala bRI,2025,brimo,nyala bri,0,netral
Budi Ono,"cepat,mudah.",2025,brimo,cepatmudah,0,netral
Meyra Syadzili,oke,2025,brimo,oke,0,netral
Mohamad Rizki,baik,2025,brimo,,0,netral
Laber 25,"transfer, beli paket data/pulsa bayar tagihan sangat lancar",2025,brimo,transfer beli paket datapulsa bayar tagih sangat lancar,1,positif
Roni Syahroni,cepat,2025,brimo,cepat,1,positif
BROTHER BRINGKA,mantaap,2025,brimo,mantaap,0,netral
Semutraja,work it,2025,brimo,work it,0,netral
Ery Ekklesia,Tingkatkan!,2025,brimo,tingkat,0,netral
Juniadi Jhon,"ok ,mantb",2025,brimo,ok mantb,0,netral
Adi Noub,nice,2025,brimo,nice,0,netral
Anwar Pate,aplikasi sangat membantu para nasabah terimahkasih,2025,brimo,aplikasi sangat bantu nasabah terimahkasih,0,netral
Zuber Amir,sangat praktis dan mudah sangat membantu,2025,brimo,sangat praktis mudah sangat bantu,2,positif
Kun Arso,oke,2025,brimo,oke,0,netral
Apri Yanto,"ok la, mudah untuk transaksi",2025,brimo,ok la mudah transaksi,1,positif
Thoriq aziz Cahyono,sangat mudah dan membantu,2025,brimo,sangat mudah bantu,1,positif
Heavenly Iky2013,sangat membantu,2025,brimo,sangat bantu,0,netral
Samja A,aplikasi dibuka mental,2025,brimo,aplikasi buka mental,0,netral
Ragil Ragil,sangat bermanfaat,2025,brimo,sangat manfaat,0,netral
Andi Anwar,mantap,2025,brimo,mantap,1,positif
Ridayu Ridayu,sangat membantu,2025,brimo,sangat bantu,0,netral
adh Nugroz,user friendly,2025,brimo,user friendly,0,netral
Ramadan Barbershop,sangat membantu untuk tranksaksi lebih cepat,2025,brimo,sangat bantu tranksaksi cepat,1,positif
wartini ibu,bagus dan berguna,2025,brimo,bagus guna,1,positif
Gusti alfionita,"mantap , lebih mudah beraktifitas ..",2025,brimo,mantap mudah beraktifitas,2,positif
Muhammad Zayadi,mantap..,2025,brimo,mantap,1,positif
Robi Juliana Permana,good,2025,brimo,good,0,netral
Iren Baim,mantap,2025,brimo,mantap,1,positif
rafina jaya,mudah sekali di gunakan,2025,brimo,mudah,1,positif
Fendi Septyono,top,2025,brimo,top,1,positif
Ade Tommy,mantap👍,2025,brimo,mantap,1,positif
Fitri,bagus,2025,brimo,bagus,1,positif
Wirna Nst,mudah gampang dan sangat membantu..,2025,brimo,mudah gampang sangat bantu,1,positif
ersa bekti,mempermudah,2025,brimo,mudah,1,positif
Nurfatima M (Kaka onge),sangat memudahkan untuk bertransaksi,2025,brimo,sangat mudah transaksi,1,positif
Alip hafiz,sangat di mudahkan.. terima kasih Brimo,2025,brimo,sangat mudah terima kasih brimo,1,positif
kang taji,sangat membantu,2025,brimo,sangat bantu,0,netral
CV global muncul Jaya,keren,2025,brimo,keren,0,netral
Bale Suve,baguss,2025,brimo,baguss,0,netral
Imam Munajat,"simple, fitur lengkap, dan sangat praktis",2025,brimo,simple fitur lengkap sangat praktis,1,positif
asri hasni,"sangat membantu mempermudah pembayaran,, mantaaap, simpel dan praktis",2025,brimo,sangat bantu mudah bayar mantaap simpel praktis,2,positif
Kirana Wicaksono06,mantap,2025,brimo,mantap,1,positif
Hadi Prasetyo,mempermudah hidup,2025,brimo,mudah hidup,1,positif
Ardhan Qoys,"Secara umum tampilan aplikasi modern, smooth, dan tidak ada masalah. Transaksi juga aman terkendali. Namun, sepertinya dua update terakhir ini menyisakan bug berupa fast menu yang selalu kereset sendiri setelah keluar aplikasi meski sudah di-custom sebelumnya. Mohon diperbaiki segera.",2025,brimo,tampil aplikasi modern smooth tidak transaksi aman kendali update sisa bug fast menu kereset aplikasi dicustom mohon baik,2,positif
aNdRi P,bagus,2025,brimo,bagus,1,positif
Imron Rosadi,mantul..BRImo apk paling mantap,2025,brimo,mantulbrimo aplikasi mantap,1,positif
ZAINUL ADNI,sangat baik,2025,brimo,sangat,0,netral
kinan kirana,"lebih mudah, aman dan nyaman",2025,brimo,mudah aman nyaman,3,positif
Soim Hardiansyah,brimo bagus,2025,brimo,brimo bagus,1,positif
Dian Hendrayani,sangat satset .. bagus aplikasi brimo saya suka 🤗🥰🥰🥰,2025,brimo,sangat satset bagus aplikasi brimo suka,2,positif
Ahmad subhan Fadirubun,mantaapp,2025,brimo,mantaapp,0,netral
Pendenk 980,memberi kemudahan,2025,brimo,mudah,1,positif
Rendra Setyawan,sangat puas dengan Brimo Alhamdulillah,2025,brimo,sangat puas brimo alhamdulillah,1,positif
Heni Nuraeni,MaaasyaaAllah pelayanan nya bagus teller nya ramah,2025,brimo,maasyaallah layan bagus teller ramah,1,positif
Giarto Giarto,mudah dan praktis,2025,brimo,mudah praktis,2,positif
Syam 13,bagus,2025,brimo,bagus,1,positif
subhan iban,mantap dan memudahkan,2025,brimo,mantap mudah,2,positif
Bima Syaputra,sangat baik,2025,brimo,sangat,0,netral
ismail sa,Sangat memudahkan trx,2025,brimo,sangat mudah trx,1,positif
Muhammad Ilmuwan,transfer lebih cepat dan tanpa biaya admin,2025,brimo,transfer cepat biaya,1,positif
bayu irawan,melayani dengan sepenuh hati,2025,brimo,layan sepenuh hati,0,netral
Aiy Minnuuri Khoodijah,bagus lah,2025,brimo,bagus,1,positif
Yulia Kurnia,sangat terbantu,2025,brimo,sangat bantu,0,netral
Riksawan Ardhianto,bagus,2025,brimo,bagus,1,positif
Mbah Darmo,oke,2025,brimo,oke,0,netral
Sujiar Kritang,APLIKASI BRIMO saya tidak bisa di buka mohon arahannya,2025,brimo,aplikasi brimo tidak bisa buka mohon arah,0,netral
whiwie chibi,"Alhamdulillah... sangat membantu sekali,, mudah mudahan kedepannya semakin bagus",2025,brimo,alhamdulillah sangat bantu mudah mudah depan bagus,3,positif
Narendra Alhaisan,sangat puas,2025,brimo,sangat puas,1,positif
Fajar Adinugroho,cukup ok,2025,brimo,ok,0,netral
Imey Sumarni,sangat baik,2025,brimo,sangat,0,netral
Abel Rifabi,semoga di perbarui untuk hutang di brimo agas bisa,2025,brimo,moga baru hutang brimo agas bisa,0,netral
Gilda Pramasa,ok,2025,brimo,ok,0,netral
Gunawan,mantaap alhamdulilah memuaskan,2025,brimo,mantaap alhamdulilah muas,0,netral
Muhamad Zaini,"sangat membantu dalam berbagai hal,pembayaran melalui virtual acount lebih gampang.",2025,brimo,sangat bantu halpembayaran virtual acount gampang,0,netral
Topik Opi,mantap,2025,brimo,mantap,1,positif
Boss man,bagus,2025,brimo,bagus,1,positif
Adi Nugroho,sat sett,2025,brimo,sat sett,0,netral
Mar'atus Solikhah,apapun jadi lebih simple guysss,2025,brimo,apa simple guyss,0,netral
whiwy nariswari,"aplikasi yg sangat membantu,, suka🥰",2025,brimo,aplikasi sangat bantu suka,1,positif
Bagja Saputra,memuaskan,2025,brimo,muas,0,netral
Safrizal Timbul,"Transaksi cepat dan dapat dipercaya, sangat membantu sekali untuk Transaksi keuangan saya",2025,brimo,transaksi cepat percaya sangat bantu transaksi uang,1,positif
Ridwan Benua,top,2025,brimo,top,1,positif
Muhammad Wildan,oke,2025,brimo,oke,0,netral
raline divana,oke,2025,brimo,oke,0,netral
Apep Kurnia,ok,2025,brimo,ok,0,netral
AM Company,mntap,2025,brimo,mntap,0,netral
Dearaujo Ratu,menjadikan transaksin menjadi lebih muda,2025,brimo,jadi transaksin muda,0,netral
Temmy Apriyadi,nice one,2025,brimo,nice one,0,netral
Fau Fau,bagus tapi sistem kadang eror,2025,brimo,bagus sistem kadang error,0,netral
Alan Sumitra,aplikasi bagus 😃,2025,brimo,aplikasi bagus,1,positif
aji wahono,biaya sms lebih murah😏,2025,brimo,biaya pesan murah,0,netral
Uun Sleman,tagihan,2025,brimo,tagih,0,netral
M. Dzunnurra'in Al-Fatih,terbantu dgn aplikasi BRImo,2025,brimo,bantu aplikasi brimo,0,netral
alfia fitriy,gokillll,2025,brimo,gokill,0,netral
Kudung,mantaap,2025,brimo,mantaap,0,netral
Siska Wahyuni,sangat membantu untuk saya,2025,brimo,sangat bantu,0,netral
Koswara Koswara,brimo mantap,2025,brimo,brimo mantap,1,positif
Iwan Gaspool,puas karena cepat dan ga banyak iklan,2025,brimo,puas cepat tidak iklan,2,positif
Ping Pong,lebih praktis dan mudah pakai brimo,2025,brimo,praktis mudah pakai brimo,2,positif
Harianti Anti,lancar pokoknya,2025,brimo,lancar pokok,1,positif
Bangkit Gumilang,"Bagus, menarik, simple tapi sayang belum bisa akitivin kartu kredit nya",2025,brimo,bagus tarik simple sayang bisa akitivin kartu kredit,1,positif
Jimmy Jimbo,mantap mudah banyak fiturnya !!! 🔥🔥🔥,2025,brimo,mantap mudah fiturnya,2,positif
Arif mualim,terbaik memang,2025,brimo,baik,1,positif
Mudaim 1992,bagus,2025,brimo,bagus,1,positif
PARNIATAN MANALU Manalu,𝘴𝘢𝘯𝘨𝘢𝘵 𝘮𝘦𝘮𝘣𝘢𝘯𝘵𝘶 𝘥𝘢𝘭𝘢𝘮 𝘵𝘳𝘢𝘯𝘴𝘢𝘬𝘴𝘪,2025,brimo,,0,netral
Zahra zahira,sangat membantu sekali dalam bertransaksi,2025,brimo,sangat bantu transaksi,0,netral
HENI HERLINA,wokeh,2025,brimo,wokeh,0,netral
Dendri Bau,sangat membatu dn mudah digunakan,2025,brimo,sangat batu dn mudah,1,positif
Erlita Vindy,"aplikasi apaan ini.... dari awal rewel terus,ini malah udah 3 hari gabisa kepake... aku pake beberapa bank mobile,cuma ini yg riweh",2025,livin,aplikasi rewel terusini tidak bisa kepake pakai bank mobilecuma riweh,0,netral
Ketapang citty,"ini livin parah nih, kartu visa saya udah dikirim tapi yang nerima bukan keluarga saya,gaada konfirmasi nya ke saya kalo gini kan saya ga tau itu kartu yang nerima siapa, minimal hubungi saya kalau kartu saya sudah mau dikirim, saldo saya juga berkurang 5.000 dan itu ga cuma sekali, ini tolong kasih penjelasan itu saldo 5.000 kemna",2025,livin,livin parah kartu visa kirim nerima keluarga sayagaada konfirmasi gin tidak kartu nerima minimal hubung kartu kirim saldo kurang tidak tolong kasih jelas saldo kemna,-1,negatif
Superbejo Cell,"tidak bisa aktivasi livin di Hp, fermuk gagal terus karna habis operasi wajal",2025,livin,tidak bisa aktivasi livin handphone fermuk gagal habis operasi wajal,-1,negatif
Indah Andah Rini,gsk bisa login selalu dalam perbaikan sudah nunggu seminggu tpi sama aja tetap dalam perbaikan,2025,livin,gsk bisa login baik nunggu minggu baik,2,positif
Tanjury Devkhan,aplikasi gak jelas suka error mending tutup aja bank mandiri,2025,livin,aplikasi tidak suka error mending tutup bank mandiri,0,netral
Asrul Muhammad,Informasi kurang jelas terkait pemgiriman kartu atm. tolong developer diperbaiki lagi,2025,livin,informasi kurang kait pemgiriman kartu atm tolong developer baik,1,positif
Theresia Oktalina,pelayanan buruk lambat,2025,livin,layan buruk lambat,-2,negatif
Yuli Bara Langi,"beli pulsa lewat Livin ,saldo terpotong pulsa tidak masuk,, di suruh telpon 14000 untuk pengembalian dana, pke pulsa pula telponnya",2025,livin,beli pulsa livin saldo potong pulsa tidak masuk suruh telpon kembali dana pakai pulsa telpon,0,netral
REz,"saat cek detail tagihan forclose terus, tolong di perbaiki.",2025,livin,cek detail tagih forclose tolong baik,1,positif
Panji Taupik,lemot parah...,2025,livin,lama parah,-2,negatif
Rose Scent Breeze,gak bisa login,2025,livin,tidak bisa login,0,netral
Farhan Fatoni,"ribet bgt tiap mau pake harus login ulang, udah login suruh ganti password, udah ganti password suruh ganti pin , ribet bgt cuma mo tf bentar doang padhaal",2025,livin,ribet banget pakai login ulang login suruh ganti password ganti password suruh ganti pin ribet banget mo transfer bentar padhaal,-2,negatif
Natalia Endang,ganti atm susah. transaksi livin ngeLag terus. tidak user friendly,2025,livin,ganti atm susah transaksi livin ngelag tidak user friendly,-1,negatif
Muhammad Arif,tidak ada tombol login,2025,livin,tidak tombol login,0,netral
ADE YULYAWAN,livin kenapa sihhh nggak bisa login woiiii,2025,livin,livin sihh tidak bisa login woii,0,netral
Erpan Gunawan,Login lama banget,2025,livin,login lama banget,-1,negatif
Dani Mustofa (Usro cobian),"kenapa saya tidak bisa daftar livin sudah masuk otp terus pulsa ada , layanan tidak tersedia sementara kenapa..?",2025,livin,tidak bisa daftar livin masuk one time password pulsa layan tidak sedia,0,netral
Martindo Dodik,tidak ada pilihan top up KSM lagi?,2025,livin,tidak pilih top up ksm,1,positif
Dendo Se,"kenapa skrg top up dari mandiri ke dana di kenakan admin ?? dulu ny gak ada ,, biaya apa itu ? BRI aja gak ad admin2 top up ke dana ,, cba jelaskan ke email saya atau saya FU ke pak purbaya ...",2025,livin,top up mandiri dana kena ny tidak biaya bri tidak ad top up dana cba email fu purbaya,2,positif
Myblue,aplikasi kocak verifikasi mata susah bangke. org suruh kedip Ampe picek mata gue GK sukses sukses,2025,livin,aplikasi kocak verifikasi mata susah bangkai orang suruh kedip ampe picek mata tidak sukses sukses,-1,negatif
Anggra Pratama,"jelek nya livin mandiri begini,tiap jam 1 malam pasti selalu perawatan rutin/maintance . gua selalu transaki malam untuk berbisnis, kalau terus menerus begini, bisnis saham gua bakal bangkrut. kecewa bener gua pakai livin mandiri. potongan besar. sering perawatan. baguslah aplikasi dana. tanpa potongan jarang perawaran. KECEWAAA.",2025,livin,jelek livin mandiri beginitiap jam malam awat rutinmaintance transaki malam bisnis terus bisnis saham bangkrut kecewa pakai livin mandiri potong awat bagus aplikasi dana potong jarang awar kecewaa,-1,negatif
Alfitra,Hati hati ya yang punya ATM mandiri mandiri lama lama curang atau gak masuk akal masa transaksinya gagal alasan saldo kurang buat di masukin ke Shopee pay eh bukanya duit tetap malah di lahap juga sampe tadi nya 100 ribu duit nya jadi sisa 21 ribu hati hati bank bank mulai gak bener,2025,livin,hati hati atm mandiri mandiri lama lama curang tidak masuk akal transaksi gagal alas saldo kurang masukin shopee pay eh buka uang lahap ribu uang sisa ribu hati hati bank bank tidak,-3,negatif
Yandi Kurniadi,"cukup tau kinerjanya,,",2025,livin,kerja,0,netral
Fakhri Yosimura,ung saya mengendap saya dptr lvi kartunnya g keterima terus,2025,livin,ung endap dptr lvi kartun tidak terima,0,netral
OPTIK PUTRA JAYA,LEMOTTTTT,2025,livin,lemott,0,netral
Tatang Mahdudi,"skrng gangguan sampe 2 kali , mendingan di hpus apk nya, gak berguna gangguan trs , gak layak bngd apknya",2025,livin,skrng ganggu mending hpus aplikasi tidak guna ganggu tidak layak bngd apknya,-2,negatif
Putra stepArt,kenapa sekarang LIVIN Mandiri tambah buruk tiap tengah malam selalu ada perawatan apalah gitu jadi kalo sudah tengah malam sudah gak bisa dipake Sumpah makin lama bikin emosi nih aplikasi LIVIN BY MANDIRI SANGAT BURUK DAN TIDAK BAGUS SAMPAAHHHHHH,2025,livin,livin mandiri buruk malam awat apa gitu malam tidak bisa dipake sumpah lama emosi aplikasi livin by mandiri sangat buruk tidak bagus sampaahh,-2,negatif
hendri Ansyah,"tabungan rencana livin ga masuk, pdhl saldo udh ke potong 😌",2025,livin,tabung rencana livin tidak masuk saldo potong,0,netral
Khusen Ahmad,"apk tidak bisa di buka, warna putih di layar terus keluar keluar sendiri terus, gimana ini ahhh gak guna banget",2025,livin,aplikasi tidak bisa buka warna putih layar ahh tidak banget,0,netral
Nur Yahna,"mau masuk susah bgt pas bagian isi nomer hp, terus isi kode otp gagal terus gagal terus, tulisannya layanan tidak tersedia terus tuh gimana sih min! padahal saya isi dengan benar sesuai tata caranya! tolong segera diperbaiki. aku udah berkali kali coba masih tetap tidak bisa, saya ga akan memperbaiki ulasan ini jika pihak mandiri masih tetep ngga mau buat memperbaiki kesalahannya!, tolong min diperbaiki! kalo dah bener nanti saya kasih bintang 5 dan untuk saat ini bintang 1 dulu!",2025,livin,masuk susah banget cocok isi nomer handphone isi kode one time password gagal gagal tulis layan tidak sedia isi sesuai tata tolong baik kali coba tidak bisa tidak baik ulas mandiri tetep tidak baik salah tolong baik kasih bintang bintang,1,positif
Rido,"kenapa mau buat rekening malah ga bisa verifikasi muka,udh 1000 kali coba vermuk ttep aja ga bisa knapa ini",2025,livin,rekening tidak bisa verifikasi mukaudh coba verifikasi muka ttep tidak bisa knapa,0,netral
Chairul Nizam,"gara"" hp saya ganti emmc, giliran download Livin lagi mau login ga bisa, katanya tidak tersedia di perangkat anda,, dulu bs kok skrg ga bisa",2025,livin,gara handphone ganti emmc gilir download livin login tidak bisa tidak sedia perangkat bs tidak bisa,0,netral
Aflstr Aflstr,verifikasi wajah susah banget.payah,2025,livin,verifikasi wajah susah bangetpayah,-1,negatif
Widiya Mulatif,saya cek saldo ada tulisan saldo valid,2025,livin,cek saldo tulis saldo valid,0,netral
Kocheng Lanang,"Tolong perbaiki lagi masa tiap mau login selalu ""Belum berhasil terhubung trus"" padahal kondisi jaringan lancar jaya 5G selalu kayak gitu bikin kesel ini orang mau cepat jadi lambat gara² masalah jaringan atau memang apk nya rusak ini. tolong lebih di perhatikan lagi develover. masa aplikasi kayak gini ribet banget mau di bukak.",2025,livin,tolong baik login hasil hubung kondisi jaring lancar jaya tidak gitu kesel orang cepat lambat gara jaring aplikasi rusak tolong perhati develover aplikasi gin ribet banget bukak,1,positif
Fahrul Khuzy,tidak bisa login katanya layanan tidak tersedia mohon diperbaiki,2025,livin,tidak bisa login layan tidak sedia mohon baik,1,positif
Hendri Maulana,"apk anjng ga jelas,setiap mau login ribet,kadang susah buat login,mau cek saldo gimana susah kartu debit mahal",2025,livin,aplikasi anjng tidak jelassetiap login ribetkadang susah loginmau cek saldo susah kartu debit mahal,-2,negatif
Sadiyah Salimah,tidak bisa digunakan transfer² kmna aja aball,2025,livin,tidak bisa transfer kmna aball,0,netral
Nia,"tengah malam selalu maintenance, tapi masih aja lemot.",2025,livin,malam maintenance lama,-1,negatif
Yoki Ojianto,perifikasi wajah susah alhasil suruh ke kantor cabang,2025,livin,perifikasi wajah susah alhasil suruh kantor cabang,-1,negatif
Kiki Choirul Febiantoro,"pembayaran via Qris sudah seminggu ini selalu gagal setiap kali dipakai, mohon untuk segera diperbaiki",2025,livin,bayar qris minggu gagal pakai mohon baik,0,netral
nasai hasbi,"aplikasi saya 3 bln sudah tidak bisa diakses, RPT-02 sdh laporan ke bank cabang 3 kali, tidak ada hasil, telpon Mandiri 14000 juga gak ada hasil, nihil ... percuma,, mereka sendiri yang blokir mereka sendiri yang gak bisa buka, suruh nunggu, dll kan aneh. gak ada kejelasan. Layan terburuk dari bank mandiri dibaning yang lainnya",2025,livin,aplikasi bln tidak bisa akses rpt lapor bank cabang tidak hasil telpon mandiri tidak hasil nihil blokir tidak bisa buka suruh nunggu dll aneh tidak jelas layan buruk bank mandiri baning,-1,negatif
Riko Pratama,kenapa punya saya gk bisa di buka,2025,livin,tidak bisa buka,0,netral
Ief Rahman,pay laternya malah ilang wkwkwkw gak dapat kesempatan ngolah uang yg digelontorkan menkeu..😅😅,2025,livin,pay laternya ilang wkwkwkw tidak sempat ngolah uang gelontor menkeu,0,netral
Regita Ade,"lemot parah, gara2 aplikasi jelek ini aku sering buat antrean dan kena tegur orang gara2 lama kl bayar pakai qris dan pembayaran online, ga niat buatnya sih",2025,livin,lama parah gara aplikasi jelek antre kena tegur orang gara lama bayar pakai qris bayar online tidak niat buat,-4,negatif
jimmi enamsembilan,teruninstal sendiri aplikasinya dari ponsel ku dan tidak bisa d install lagi d ponsel ku,2025,livin,teruninstal aplikasi ponsel ku tidak bisa install ponsel ku,0,netral
Silvi Amanda,"ampas banget ni apk,2 bulan lalu bikin,gak pernah salah masukin pin di ATM maupun mbanking nya,malah ke blokir,kocak ni apk",2025,livin,ampas banget aplikasi bikingak salah masukin pin atm mbanking nyamalah blokirkocak aplikasi,0,netral
Sony Rocketrockfrends182,BANK MANDIRI sedang Trouble ( Gangguan ) Se Nasional mohon ditunggu secara berkala Terimakasih atas perhatiannya.,2025,livin,bank mandiri trouble ganggu nasional mohon tunggu kala terimakasih perhati,-1,negatif
Dwi lestari,"dikit"" blokir"" terlalu rumit harus ke kantor mandiri tidak kyk bri",2025,livin,dikit blokir rumit kantor mandiri tidak kyk bri,0,netral
Rouf Arifin,"untuk sementara bintang 1 dulu. saya download sampai 2kali, tapi bolak balik saya mau masuk selalu berhenti di pengisian nomer hape, dan livin tidak bisa mengirim kode otp ke nomor saya. malah dibilang untuk sementara harus melakukan pengecekan, tapi masa dari pagi sampai malam sih? bener bener kecewa. edit nih, gila yah udah 3hari coba masuk ke livin, tetep aja gangguan dan gak bisa masuk. sebenarnya bank mandiri tuh niat gak sih mempermudah nasabahnya? kok ya punya aplikasi ndableg amat.",2025,livin,bintang download bolak masuk henti isi nomer hape livin tidak bisa kirim kode one time password nomor bilang kece pagi malam kecewa edit gila coba masuk livin tetep ganggu tidak bisa masuk bank mandiri niat tidak mudah nasabah aplikasi ndableg,-1,negatif
Khoirul Fahmi,"kok ada transaksi qris tapi gak masuk saldonya sih? aneh banget, padahal ada notifikasinya tapi pas dibuka gaada TF masuk",2025,livin,transaksi qris tidak masuk saldo aneh banget notifikasi cocok buka tidak transfer masuk,0,netral
Nafi Wae,pemeliharaan terus,2025,livin,pelihara,0,netral
Rifal Fadhilah,"Tolong di perbaiki untuk verifikasi wajahnya masa pake wajah sendiri gagal mulu padahal pencayaan udah jelas sampe kedip mata tengok kanan lah, dll. tetep aja gagal. 😌",2025,livin,tolong baik verifikasi wajah pakai wajah gagal pencayaan kedip mata tengok kanan dll tetep gagal,-1,negatif
Cagra Jauhari Mochtar,"Mau buka rekening aja susahnya minta ampun, foto ktp berkali2 baru bisa, eh pas nunggu nomor otp nunggu hampir setengah jam ga juga dikirim2 otpnya. alhasil gajadi pakai mandiri. baru mau mulai aja diribetin apalagi nanti pas transaksi hariannya",2025,livin,buka rekening susah ampun foto ktp kali bisa eh cocok nunggu nomor one time password nunggu jam tidak kirim otpnya alhasil gajadi pakai mandiri diribetin cocok transaksi hari,-1,negatif
Hobi PC,perbaikin noh bug nyaa kebiasaan bgt waktu mau top up ewalet pasti ga ketemu nomor nya padahal udah jelas bener nomor nya,2025,livin,perbaikin noh bug nyaa biasa banget top up ewalet tidak ketemu nomor nomor,1,positif
Gia Mulyana,gangguan Mulu bikin kaga nyaman pake,2025,livin,ganggu kaga nyaman pakai,0,netral
deddy hermawan,"lama2 ga jelas, biaya bulananya aja yg tambah mahal, fasilitas yg diberikan dibatasi. tdnya paylater bisa buat beli bbm dipom sekarang jd ga bisa..",2025,livin,lama tidak biaya bulananya mahal fasilitas batas tdnya paylater bisa beli bbm dipom tidak bisa,-1,negatif
Andi Fihky,tolong dibantu ini gmna saya mau ganti pin susah amat(selalu ada peringatan pin belum di simpan),2025,livin,tolong bantu gmna ganti pin susah amatselalu ingat pin simpan,-1,negatif
Andina Risda Khaulla,"mau login ga bisa woi😵, memori masih banyak, jaringan juga kuat, stepnya udah sampai kode otp habis itu keluar sendiri dari apk. udah beberapa Minggu seperti ini.😾",2025,livin,login tidak bisa woi memori jaring kuat step kode one time password habis aplikasi minggu,0,netral
Fahmi Serwin,ga jelas asli gua bayar pesanan malah saldo ke potong terus penjual ga menerima uang nya pas cek resi malah ga ada resi pembayaran nya,2025,livin,tidak asli bayar pesan saldo potong jual tidak terima uang cocok cek resi tidak resi bayar,0,netral
Pataki Gabriella,eror trus ga bisa transaksi payah,2025,livin,error tidak bisa transaksi payah,-1,negatif
Ulfah Maria,"makin lama aplikasi ini makin busuk, susah banget login nya, entah dari kapan skg mau bayar ecomerce dari aplikasi livin nya kena biaya admin lagi, pernah sampai 5ribu biaya admin nyaa gileeeeeee ,",2025,livin,lama aplikasi busuk susah banget login skg bayar ecomerce aplikasi livin kena biaya ribu biaya nyaa gilee,-2,negatif
Yansyah Fernando,pemelihaan livin terlalu lama dan memakan waktu pas sedang mendaftar .harap minta di perbaiki lagi semoga cepet gampang di akses,2025,livin,pemelihaan livin lama makan cocok daftar harap baik moga cepet gampang akses,0,netral
Arrip,tambah kesini tambah kacau lipin,2025,livin,kesini kacau lipin,0,netral
Achmad Muarif,perbaikan tiap jam 12 keatas tapi monoton tidak ada perbaikan sama sekali,2025,livin,baik jam atas monoton tidak baik,2,positif
Arif sumberjaya bikeshop,verifikasi wajah sulitnya minta ampun.... aplikasi sampah...,2025,livin,verifikasi wajah sulit ampun aplikasi sampah,-1,negatif
Ratna Ningsih,"bank mandiri awal nya bagus kok sekarang ada potongan sebulan sampai dua 2 x,apa maksud nya,dpt TF kok malah saldo ku yg kena potong tolong ya jgn seperti itu,",2025,livin,bank mandiri bagus potong bulan xapa maksud nyadpt transfer saldo ku kena potong tolong,1,positif
Om Roim,"mengecewakan ,minta nomer kartu buat login aja susah nya minta ampun ...saldo menguap ... cukup sekali simpan uang disini.",2025,livin,kecewa nomer kartu login susah ampun saldo uap simpan uang,-2,negatif
Musthofa Neverdie,ganti HP mlah gk bisa login. lama malah bilang kartu d blokir padahal kartu msh aktif,2025,livin,ganti handphone mlah tidak bisa login lama bilang kartu blokir kartu msh aktif,-1,negatif
Feby Imam Fauzi Ardiputra,maintenance jam 23:00 gk jelasss,2025,livin,maintenance jam tidak jelass,0,netral
Yusril Mahendra,Tolong disini saya ingin penutupan polis!,2025,livin,tolong tutup polis,0,netral
nindia cahya purwanti,knp d hyper os g bisa,2025,livin,hyper os tidak bisa,0,netral
Ade Dzp,waktu mau transaksi kalau dini hari di butuhkan gangguan aja terus payah,2025,livin,transaksi butuh ganggu payah,-1,negatif
Yogi Firdaus,"kebijakan blokir saldo sangatlah mengecewakan,terutama bagi nasabah yg taat (baik)",2025,livin,bijak blokir saldo mengecewakanterutama nasabah taat,0,netral
Oktaviana Saputra,"BANGSAATT... APLIKASI BUSSUUKK MAU MASUK SUSAHNYA MINTA AMPUN CUMA MUTER2 DOANG, DARI TADI BOLAK BALIK VERMUK SAMA BIKIN PASWORD GA SELESAI2 NAJIISS...",2025,livin,bangsaatt aplikasi bussuukk masuk susah ampun muter bolak verifikasi muka pasword tidak selesai najiiss,-1,negatif
Rama Kianu,tolong dong masa sekarang klo mau login hrus masukin nomer kartu sedangkan blm cetak kartu yg biasa aja dong login biasa kecewa mana ada uang nya lagi,2025,livin,tolong login hrus masukin nomer kartu cetak kartu login kecewa uang,-1,negatif
Endang Aziz,"sangat merugikan nasabah, kronologi awal saya tiba'' ditelvon great jakarta dan mengaku staf mandiri katanya ada asuransi kesehatan dan lain"" ehh kok tiba tiba saldo saya kepotong 207 RB sangat tidak adil",2025,livin,sangat rugi nasabah kronologi ditelvon great jakarta aku staf mandiri asuransi sehat ehh saldo potong ribu sangat tidak adil,0,netral
BS5M OK,"semua nya ada biaya admin, bank lain gak ada tu bayar online shop ada biayanya admin bayar VA ada admin, parah semua layanan berbayar",2025,livin,biaya bank tidak tu bayar online shop biaya bayar va parah layan bayar,-1,negatif
Achmad Chairudin,Aktifasi Visa Platinum Edisi Spesial Tidak Bisa Aktivasi Pakai Livin by Mandiri Sudah 10 Kali Lebih Coba Tidak Bisa Juga Kartu Untuk Pajangan Saja 🙏🙏,2025,livin,aktifasi visa platinum edisi spesial tidak bisa aktivasi pakai livin by mandiri coba tidak bisa kartu pajang,0,netral
amartya aliadra,saya tidak muncul paylater padahal pembayaran gaji pun via mandiri,2025,livin,tidak muncul paylater bayar gaji mandiri,0,netral
Amanda Manopo,"Belum layak dikasih bintang 5, 1 bintang aja saya males. mau login aja susah. ribet",2025,livin,layak kasih bintang bintang males login susah ribet,-2,negatif
Reza Fauzi,aplikasi busuk android 10 ga bisa masuk livin mandiri..kalo bri bisa...hadeehh otomatis indah bank bri,2025,livin,aplikasi busuk android tidak bisa masuk livin mandirikalo bri bisahadeehh otomatis indah bank bri,0,netral
Thomas W Christiyanto,vermuk muka gagal terus!!!!!,2025,livin,verifikasi muka muka gagal,-1,negatif
Agus Aditya,apk aneh tidak ada suara notif,2025,livin,aplikasi aneh tidak suara notif,0,netral
ma shuffah,saya buka livin tapi loading terus kenapa Mim,2025,livin,buka livin loading mim,-1,negatif
Gusti Nugroho,"sekarang apa"" kenak admin padahal kemarin ga ngeri banget yaa",2025,livin,nak kemarin tidak ngeri banget,0,netral
Radiffa Rastafara,verifikasi wajah aja susah apaan dah ni aplikasi,2025,livin,verifikasi wajah susah aplikasi,-1,negatif
Ashura,"ku kasih bintang 1 dulu karna di tempat ku ATM mandiri masih sulit untuk di jangkau dan sedikit tempat yang ada terkendala sering mesin tidak bisa di gunakan karna kehabisan duit atau kerusakan pada mesin seperti kartu yang tersangkut di pintu kartu,penanganan yang lambat dan juga perawatan terhadap mesin ATM yang kurang jauh dari kata layak untuk Bank Mandiri",2025,livin,ku kasih bintang ku atm mandiri sulit jangkau kendala mesin tidak bisa habis uang rusa mesin kartu sangkut pintu kartupenanganan lambat awat mesin atm kurang layak bank mandiri,-3,negatif
Isti nur Hakiki,"kenapa saldo saya tiba"" berkurang yaa,, mohon penjelasannya",2025,livin,saldo kurang mohon jelas,0,netral
Vincent Rahadian,"Tolong diperbaiki lagi, setiap saya login padahal kata sandi dan pinnya sudah benar tapi aplikasinya malah keluar mulu.",2025,livin,tolong baik login sandi pin aplikasi,1,positif
raran ranti,"tiap minggu gangguan terus, maunya apa sih lu bank plat merah? duit gue susah di pake ah elah kesel",2025,livin,minggu ganggu mau bank plat merah uang susah pakai ah elah kesel,-2,negatif
Arya Wiraraja,setelah update malah nutup sendiri di tampilan intip saldo,2025,livin,update nutup tampil intip saldo,0,netral
Munte Rudi,mana kontak operator,2025,livin,kontak operator,0,netral
Nur Amalia Fitri,"mau bayar ini itu lewat midtrans sama va lainnya sekarang ada biaya adminnya, top up dana biasanya cmn 10.500 minimal sekarang harus 20.5000 minimal jelek banget upgradenya",2025,livin,bayar midtrans va biaya adminnya top up dana cmn minimal minimal jelek banget upgradenya,0,netral
Ivan Proprty,verifikasi wajah susah,2025,livin,verifikasi wajah susah,-1,negatif
abc def,"pembayaran PGN selalu tidak bisa, apakah ada solusi ? tapi ketika bayar melalui Indomaret bisa.",2025,livin,bayar pgn tidak bisa solusi bayar indomaret bisa,0,netral
Falisabilqs Bilqistini,tidak bisa d update,2025,livin,tidak bisa update,0,netral
master giovani,sering eror,2025,livin,error,-1,negatif
Ayattz Halilintar,"perbaikan kok 1 BLN gimana sih playstore aplikasi kaya gini masih di edarkan,bikin banyak kerugian saja,",2025,livin,baik bln playstore aplikasi kaya gin edarkanbikin rugi,1,positif
Desy Desy,kenapa saldo di potong tapi tidak ada keterangan bayar apa atas apa pemotongan saldo saya... tolong lah jngan suka potong sembarangan biar pun sedikit,2025,livin,saldo potong tidak terang bayar potong saldo tolong jngan suka potong sembarang,1,positif
Kirana Kayla,Susah amat cih login dari aplikasi baru..😡😡,2025,livin,susah cih login aplikasi,-1,negatif
Ahmad Syukron,"selalu susah di buka, lama lelet, uda lama mau kasi ulasan gini, tapi beberapa hari ini, susah kali kembali sendiri ni livin mandiri, susah kali mau bayar apa² parah sekali apk ini sekarang",2025,livin,susah buka lama lelet uda lama kasi ulas gin susah livin mandiri susah bayar parah aplikasi,-6,negatif
Bachtiar Asyhari,baru buka aplikasi dan hendak isi token listrik.. kenapa yg tarif 20rb d hpus.. mlh skrng isi hrus minim yg 50rb..mahal,2025,livin,buka aplikasi isi token listrik tarif ribu hpus mlh skrng isi hrus minim rbmahal,0,netral
boby duck,"makin ke sini makin buruk apa apa harus bayar dulu ambil uang di sesama atm bank negri gratis, skrg bayar dulu top up ewallet gratis, skrg bayar dulu bayar virtual account gratis, skrg bayar dikit2 harus bayar bank apaan dah pakai mandiri sejak 2018 sampai skrg, baru kali ini kecewa berat maandiri udah waktu nya kali pindah ke bank swasta",2025,livin,buruk bayar ambil uang atm bank negri gratis bayar top up ewallet gratis bayar bayar virtual account gratis bayar dikit bayar bank pakai mandiri kecewa berat maandiri pindah bank swasta,-1,negatif
Godril Kecil,sekarang transaksi apa saja pakai biaya admin beda sama brimo bca terpaksa pkai livi krn payrol aja. b1 dah .,2025,livin,transaksi pakai biaya beda brimo bca paksa pkai livi payrol b,0,netral
Regista Cahyani,"tolong perbaiki segera. aplikasi tak bisa dibuka, nge bug.",2025,livin,tolong baik aplikasi bisa buka nge bug,1,positif
IRFANSYAH,"gak bisa login , layanan TDK tersedia utk sementara mohon diperbaiki segera yah",2025,livin,tidak bisa login layan tidak sedia mohon baik,1,positif
Ali Arhap,"sudah satu minggu mau login tapi selallu error, makin hancur apk ini",2025,livin,minggu login selallu error hancur aplikasi,-1,negatif
Muhammad Amri Yusuf,"Masih bintang 1, selalu loading pas mau login. Padahal jaringan internet ngebut. Aplikasi sudah diupdate.",2025,livin,bintang loading cocok login jaring internet ngebut aplikasi diupdate,-1,negatif
Prayogi Permadi,semakin ribet mau login aja harus ke bank mandiri nya dulu. pindah bank ajalah,2025,livin,ribet login bank mandiri pindah bank aja,-1,negatif
Lingkar Badai,knp limit payleter mandiri g bisa di pakai padahal sedang dlm ke ada sangt membutuhkannya ke uangan coba donk di cari solusinya saya nasabah sudah lama dari 2012 di bank mandiri,2025,livin,limit payleter mandiri tidak bisa pakai dlm sangt butuh uang coba donk cari solusi nasabah lama bank mandiri,-1,negatif
Fitri Affiliate,JELEK BGT ERROR MULU GA JELAS@!!!!!,2025,livin,jelek banget error tidak,-2,negatif
Adi Supriyadi,kenapa semenjak di perbaharui..ga bisa daftar lagi,2025,livin,semenjak perbaharuiga bisa daftar,0,netral
Moon light,"Gimana ini setelah update jadi ga bisa di buka loading trus padahal internet bagus,duit gua di livin semua lagi merugikan",2025,livin,update tidak bisa buka loading internet bagusduit livin rugi,-1,negatif
Evan Choerul,"Maaf ketika saya ingin mendaft/membuka tabungan terjadi kendala Hp tidak di dukung sedangkan hp saya sudah android 13 dan resmi, terimakasih",2025,livin,maaf mendaftmembuka tabung kendala handphone tidak dukung handphone android resmi terimakasih,-1,negatif
ARIF official,error mau ganti password langsung error,2025,livin,error ganti password langsung error,-2,negatif
Andrynsyhs,kapan bisa kaya BCA yg gapernah nahan saldo?,2025,livin,bisa kaya bca gapernah nahan saldo,0,netral
Mas Tyar,uang saya 10 juta tidak cair cair udah lebih dari 2x24 jam. bintang 1 dl. dari kmrn kmrn respon cuma sekedar pengecekan terus tapi ga cair cair,2025,livin,uang juta tidak cair cair jam bintang dl kemarin kemarin respon dar kece tidak cair cair,0,netral
Dani Subekti,hati2 suka m@ling duit,2025,livin,hati suka mling uang,1,positif
M Rizky,"saat mau verifikasi wajah selalu gagal , waktu habis , aplikasi nya gak jelas , tolong pihak bank mandiri perbaiki lagi tu aplikasi",2025,livin,verifikasi wajah gagal habis aplikasi tidak tolong bank mandiri baik tu aplikasi,0,netral
Sam Sudin,"Aplikasi sampah, verifikasi wajah hampir sejam gagal terus",2025,livin,aplikasi sampah verifikasi wajah jam gagal,-1,negatif
Sifa Siti fatimah,lebih di perbaiki lagi sistem nya slalu delay... bikin kesel,2025,livin,baik sistem slalu delay kesel,0,netral
Romi Romi,saya transfer ke no yg sudah di blokir apakah uang saya kembali lagi,2025,livin,transfer no blokir uang,0,netral
Property Banten,kenapa sekarang suka eror tidak bisa untuk top up parah bukan nya semakin baik malah semakin buruk,2025,livin,suka error tidak bisa top up parah buruk,-1,negatif
Fendi Cool,habis update jarak 10 hari update lagi trs udh isi ulang data masih g bisa masuk yang bener aja donk ini masih jm 07.00 masih kayak gini,2025,livin,habis update jarak update isi ulang data tidak bisa masuk donk jm gin,0,netral
Arfin 123,"tgl 20 tahun 2025, ada Masalah apa dengan Livin Mandiri? 2 hari lalu logout sendiri dari aplikasi, setalah tu hari ini mau login kok ngk bisa?lawak bener ni permasalahan di livin, makin ngk jelas aja ni Livin mandiri",2025,livin,tgl livin mandiri logout aplikasi seta tu login ngk bisalawak masalah livin ngk livin mandiri,-2,negatif
Andre Pratama,GK bisa di masukan,2025,livin,tidak bisa masuk,0,netral
ASH STORY,Kapan ada rencana bank mandiri untuk buka Tabungan Emas seperti bank lain ?????,2025,livin,rencana bank mandiri buka tabung emas bank,0,netral
Arazi Arazi,bermasalah mlu livin kocak,2025,livin,masalah mlu livin kocak,-1,negatif
Aba Anom,sangat buruk sekali.... gak ada fitur login....setelah instal ulang aplikasi. hanya bisa di lakukan dg kartu debit/kredit. sementara bagi yg blm mempunyai kartu tidak bisa login sama sekali.,2025,livin,sangat buruk tidak fitur loginsetelah instal ulang aplikasi bisa laku dg kartu debitkredit kartu tidak bisa login,-1,negatif
Sandra 24,login ya ampun susahnya,2025,livin,login ampun susah,-1,negatif
Nur Immang,mau daftar udah berulang ulang tetep gabisa sangat tidak disarankan,2025,livin,daftar ulang ulang tetep tidak bisa sangat tidak saran,0,netral
Annan Tasya,kebanyakan trobel kalo malam,2025,livin,banyak trobel malam,0,netral
S Ayu,baru instal di buka loding,2025,livin,instal buka loding,0,netral
Heh Cuk,"login sering tidak bisaa, lama pindah bank sebelah kalo kaya gini terus",2025,livin,login tidak bisaa lama pindah bank belah kaya gin,-1,negatif
Dewiayu Rahmawati,"hari ini dapat kabar dari tetangga kalau dia di antarkan kartu mandiri ke rumahnya tapi malah ke rumah saya, jadi dia kerumah untuk meminta kartunya dengan tertera poto saya yang ada disitu dan itu adalah poto saya di beberapa bulan lalu memang di waktu itu juga dari pihak mandiri mengantar kartu saya. ini bagaiama ya? bisa pencemaran nama baik poto saya bisa kesebar diamana-mana. saya selaku yg punya poto tidak senang poto saya bisa kesebar",2025,livin,kabar tetangga antar kartu mandiri rumah rumah rumah kartu tera poto situ poto mandiri antar kartu bagaiama bisa cemar nama poto bisa sebar diamanamana poto tidak senang poto bisa sebar,0,netral
Saepudin Nn,pembayaran qris suka gagal refund nya lama harus ini harus itu.,2025,livin,bayar qris suka gagal refund lama,-1,negatif
MR. KiOe,rese bet ada pemeliharaan rutin tiap jam 12 mlm bangke,2025,livin,rese bet pelihara rutin jam mlm bangkai,0,netral
Coba Coba,knp tidak bisa masuk padahal baru diperbarui,2025,livin,tidak bisa masuk baru,0,netral
Widi Arul,"menyusahkan saat registrasi ulang. setelah scan wajah balik lagi buat kata sandi, lalu setelah buat kata sandi ke scan wajah lagi..begitu terus tidak jelas",2025,livin,susah registrasi ulang scan wajah sandi sandi scan wajah lagibegitu tidak,-1,negatif
Muhamad Rifqi,"makin lama makin ga jelas, ga ngapa"" in ke blokir aneh bngtt, G pernah salah pin G pernah macem"" emang aneh sistem nya",2025,livin,lama tidak tidak ngapa in blokir aneh bngtt tidak salah pin tidak macem aneh sistem,-1,negatif
Bang DP Channel,jangan banyak iklan dong,2025,livin,iklan,0,netral
Ziliwu 88,"terlalu banyk perawatan rutin ,saya mau ambil uang malam ,maupun tengh malam gak bisa ,bagaimana uang buat biaya berobat kecewa saya dengn livin mandiri ini",2025,livin,banyk awat rutin ambil uang malam tengh malam tidak bisa uang biaya obat kecewa dengn livin mandiri,-1,negatif
ilham ulail muhyi,"maaf nih min gimana nih ,saya login di tendang terus berlalu kali ga bisa masuk,perbaiki nanti saya kasih bintang lebih",2025,livin,maaf login tendang tidak bisa masukperbaiki kasih bintang,0,netral
Bajol88 Wedos88,sulit untuk login dan keluar kata.PROSES BELUM DAPAT DI LANJUTKAN..gitu terus🥲,2025,livin,sulit login kataproses lanjutkangitu,-1,negatif
Azka Syahreza,sangat susah buat verif wajah bikin orang jengkel doang ini aplikasi,2025,livin,sangat susah verif wajah orang jengkel aplikasi,-1,negatif
Addy Wibowo,"loading awal buka aplikasi super lemot, padahal jaringan stabil, coba aplikasi beberapa bank lain lgsg kebuka",2025,livin,loading buka aplikasi super lama jaring stabil coba aplikasi bank lgsg buka,-1,negatif
Bella Wanda77,verifikasi wajah gagal terus padahal saya sudah melakukan sesuai saran,2025,livin,verifikasi wajah gagal sesuai saran,-1,negatif
Reksa Adi,"dulu aplikasinya bagus sekarang jelek banget, masa sistem operasi di hp saya tiba"" ga mendukung penggunaan livin",2025,livin,aplikasi bagus jelek banget sistem operasi handphone tidak dukung guna livin,0,netral
Aditiya Maulana,aplikasi tidak bisa login,2025,livin,aplikasi tidak bisa login,0,netral
devi kristi purba,"login aplikasi selalu lama. lelet banget, padahal udh update. lebih bagus pakai bca",2025,livin,login aplikasi lama lelet banget update bagus pakai bca,0,netral
Nur Rivai,ini kenapa ya ko m baking nya gak bisa di buka,2025,livin,m baking tidak bisa buka,0,netral
Margoo Mulyo,aplikasi tempek gak jelas lama lama,2025,livin,aplikasi tempek tidak lama lama,-2,negatif
FaradayBeam,mau login susah banget padahal lagi urgent mau ngisi gopay 🫩👎👎👎👎👎,2025,livin,login susah banget urgent ngisi gopay,-1,negatif
Andri Iskandar,fitur lu susah,2025,livin,fitur susah,-1,negatif
Aditya Iskandar,Knp selalu maintenance pas lagi butuh2 nya,2025,livin,maintenance cocok butuh,0,netral
Ai Nurasyah,Jelek. Udah beberapa bulan gangguan aistem tidak tersedia,2025,livin,jelek ganggu aistem tidak sedia,-2,negatif
Ahmad Syadik,"aplikasi sangat buruk, mau kirim uang aja susah kalau sudah jam 12 malam",2025,livin,aplikasi sangat buruk kirim uang susah jam malam,-2,negatif
Dwi Pangesti,sering tidak bisa di buka,2025,livin,tidak bisa buka,0,netral
Agus Dn,"tidak bisa di pakai, kalau pakai hp yg lain padahal no yg SM.",2025,livin,tidak bisa pakai pakai handphone no,0,netral
agguz triana,"livin sekarang sangat mengecewakan, sudah 3x mengajukan permohonan buka blokir (RPT-02) selalu tidak di kabulkan.. pelayanan sangat buruk",2025,livin,livin sangat kecewa aju mohon buka blokir rpt tidak kabul layan sangat buruk,-2,negatif
cepka Nugraha,sudah 2 tahun menggunakan livin mandiri untuk transaksi gajih dan lainya... tapi fitur paylater ga ada muncul..... diBCA aja pakai 6 bulan limit paylater sudah muncul...,2025,livin,livin mandiri transaksi gajih lai fitur paylater tidak muncul dibca pakai limit paylater muncul,0,netral
Nadya putri Syarifah satibi,mau login aja ribet banget harus verifikasi wajah. sedangkan gagal trus ini maksudnya gmna ya??,2025,livin,login ribet banget verifikasi wajah gagal maksud gmna,-2,negatif
Ferry Aptiansyah,kamprett gue klaim BPJS Ketenagakerjaan belum cair cair kapok pake mandiri.,2025,livin,kamprett klaim bpjs ketenagakerjaan cair cair kapok pakai mandiri,0,netral
Uswatun Khasanah,"mau complain kecewa banget sama KSM mandiri karena sekarang setiap ada dana atau pas gajian saldo otomatis keblokir 1 kali angsuran padahal jatuh tempo masih di awal bulan, udahlah gitu pas menjelang jatuh tempo (H-1 atau 2 hari) saldo masih kepotong angsuran jadi total perbulan keblokir setara 2 kali angsuran dan dana dikembalikan H+2 hari setelah jatuh tempo kan menyusahkan ya apalagi pas lagi butuh uang jadi di ATM ngga bisa keambil dananya udah gitu masih aja perbulan diterrror telfon 😡😡🤬",2025,livin,complain kecewa banget ksm mandiri dana cocok gaji saldo otomatis blokir angsur jatuh tempo udahlah gitu cocok jelang jatuh tempo h saldo potong angsur total bulan blokir tara angsur dana kembali h jatuh tempo susah cocok butuh uang atm tidak bisa ambil dana gitu bulan diterror telfon,-2,negatif
M Ilham Fauzi N,"dikit dikit maintenance, mau apa"" susah nih apk. Apalagi mau transaksi kalau malam. Top up pun gak bisa, susah kalau dikit dikit maintenance. Transaksi kebanyakan gagal aneh emang nih apk",2025,livin,dikit dikit maintenance susah aplikasi transaksi malam top up tidak bisa susah dikit dikit maintenance transaksi banyak gagal aneh aplikasi,-2,negatif
Arya Agung,abis update mau login malah ke blokir,2025,livin,abis update login blokir,0,netral
Rindy Antika,buat login sulit,2025,livin,login sulit,-1,negatif
Yusuf Nurzaman,aplikasi tidak bisa di buka mentok di logo,2025,livin,aplikasi tidak bisa buka mentok logo,0,netral
Agung Muhamad,"apk banyak gangguan, maintanance kaga nentu waktu, gabisa diajak kerjasama",2025,livin,aplikasi ganggu maintanance kaga nentu tidak bisa ajak kerjasama,-1,negatif
Rahman Devan,gk login lagi karena jaringan,2025,livin,tidak login jaring,0,netral
Maikel Prasethyo,"tolonglah untuk verifikasi wajahnya jgan di persulit,kita udah cape verifikasi tapi selalu gagal.",2025,livin,tolong verifikasi wajah jgan persulitkita cape verifikasi gagal,-1,negatif
Net Flix,"minta verifikasi terus,, tapi malah muter muter, bikin password, bikin pin, verifikasi muka, balik lagi bikin password, bikin pin, vermuk lagi. gitu ajah terus gak ada ujung nya. masalah begini masa harus ke Kantor nya mulu.. 😌 ribet..udah 2 kali begini mobile banking lain gak begini,,",2025,livin,verifikasi muter muter password pin verifikasi muka password pin verifikasi muka gitu ajah tidak ujung kantor ribetudah mobile banking tidak,0,netral
Ayi Anggit,sudah mau satu taun setengah saya tidak biaa mengunakan aplikaai ini. gara gara no hp yg dulu hilang. udah datang konfirmasi ke cs bank. katanya tungu sebulan. sekarang sudah satu taun setengah di coba pake no hp yg baru yg dulu di ajukan tetap tidak bisa di pake..tidak bisa masuk ke livin. dan tidak ada solusi payah sangat sangat payah,2025,livin,taun tidak biaa mengunakan aplikaai gara gara no handphone hilang konfirmasi customer service bank tungu bulan taun coba pakai no handphone aju tidak bisa paketidak bisa masuk livin tidak solusi payah sangat sangat payah,0,netral
nabila aditya,"JANGAN MAU BELI EMONEY MANDIRI GYUS, E MONEY SERING EROR, KADANG TIDAK BSA TERBACA DI TOL ATAU TIDAK MASUK SAAT DI TOP UP",2025,livin,beli emoney mandiri gyus e money error kadang tidak bsa baca tol tidak masuk top up,0,netral
Forland Rumakey,lanjutan level berikutnya.. aplikasi bagus tapi menyebalkan,2025,livin,lanjut level aplikasi bagus sebal,1,positif
Mahardisendika 123456,"transaksi gagal di jam tertentu jam 12 malam sampai ke jam 03 pagi, jam 12:00, jam 3 sore, jam 6 magrib sampai jam 7 malam terutama pakai QR",2025,livin,transaksi gagal jam jam malam jam pagi jam jam sore jam magrib jam malam pakai qr,-1,negatif
Nauli Zikrah,"Bikin malu tiap mau pembayaran QR, sinyal nggak ada yang salah, tapi login lamaaaaaaaaaaaaaaa banget. gagal mulu. giliran udah masuk, fiturnya tiba-tiba tidak tersedia. udah reinstall sama aja. tolong dibenahi dan diperbaiki. kalo terus begini bisa2 muak",2025,livin,malu bayar qr sinyal tidak salah login lamaa banget gagal gilir masuk fiturnya tibatiba tidak sedia reinstall tolong benah baik bisa muak,0,netral
Eka Putra,payleter sudah tidak dapet di gunakan kembali.. saya kecewa,2025,livin,payleter tidak dapet kecewa,-1,negatif
Chan 23,selalu saldo hangus sangat tidak di rekomendasi,2025,livin,saldo hangus sangat tidak rekomendasi,0,netral
Indra Ksf,"ribet banget pake livin, mau qeis aja susah, top up ewallet susah, niat bikin apk kagak??",2025,livin,ribet banget pakai livin qeis susah top up ewallet susah niat aplikasi kagak,-2,negatif
Ananda,kok aku gagal dak bisa kembali ke awal,2025,livin,gagal dak bisa,-1,negatif
nicolas kurnia,kenapa sekarang ada biaya transaksi ?,2025,livin,biaya transaksi,0,netral
Dhendi Rizky Mafaza,"aplnya setiap mau transaksi di jam 10 selalu pemeliharaan ga ada notif samsek, jadi setiap pembayaran atau beli selalu ga bisa.",2025,livin,aplnya transaksi jam pelihara tidak notif samsek bayar beli tidak bisa,0,netral
alfiansyah alfian,"Beli pulsa uda kepotong saldonya pulsanya ngga masuk,kecewa",2025,livin,beli pulsa uda potong saldo pulsa tidak masukkecewa,0,netral
Deri permadi,"gjls gadigunakan ko tetep kena potongan biaya 3,500 2xlagii",2025,livin,gjls gadigunakan tetep kena potong biaya xlagii,0,netral
Yudi Oxido,menjengkel....mau buka aplikasi utk bertransaksi selalu kick,2025,livin,menjengkelmau buka aplikasi transaksi kick,0,netral
Vallen Inggil p,"gak bisa masuk livin mandiri karna sedang ada perbaikan, kalo emang ada perbaikan harus secepatnya kita sebagai nasabah juga perlu buat transaksi",2025,livin,tidak bisa masuk livin mandiri baik baik cepat nasabah transaksi,3,positif
hendri cristianto,"bagian verifikasi berkedip, bikin sakit mata.",2025,livin,verifikasi kedip sakit mata,0,netral
Paman Gojek,saya download livrin tapi pas di buka gak bisa alasan nya anda sedang dalam panggilan ini livrin yg bego atau hp saya yg bego nyesel saya download nya,2025,livin,download livrin cocok buka tidak bisa alas panggil livrin bego handphone bego nyesel download,0,netral
Rioyosua Purba,sistem transaksi livin yang eror tapi nasabah yang di repotkan untuk pengembalian dana,2025,livin,sistem transaksi livin error nasabah repot kembali dana,-2,negatif
Adjie Eko,"perbaikan nya ngeselinn, sering kehilangan promo grgr pemeliharaan rutinitas malam hari dengan jangka waktu yang lumayan lama",2025,livin,baik ngeselinn hilang promo grgr pelihara rutinitas malam jangka lumayan lama,0,netral
Tryono 1933,"ini cara login gimana dah, baru daftar belum punya kartu fisik niat mau logout dulu eh gk bisa masuk lg dong",2025,livin,login daftar kartu fisik niat logout eh tidak bisa masuk,-1,negatif
DurunJy,"Kenapa susah banget login di apps ini,",2025,livin,susah banget login apps,-1,negatif
Lestari,"tiba tiba bgt saya udah terdaftar padahal baru pertama kali iniii mau daftr jadi nasabah sedangkan kalo daftar lewat mbanking pun harus pake verifikasi wajah, saya shock bgt kata CS nya di apk ini udh terdaftar udh punya rekening udh punya kartunya bahkan pdhl saya sama sekali ga pernah daftar mandiri di livin atau pun bikin kartu. Gila ya mandiri ga aman bgt",2025,livin,banget daftar ini daftr nasabah daftar mbanking pakai verifikasi wajah shock banget customer service aplikasi daftar rekening kartu tidak daftar mandiri livin kartu gila mandiri tidak aman banget,1,positif
Sudok Sudok,"data pribadi lengkap diisi sesuai dengan yang ada di ktp, tetapi tidak bisa daftar dengan alasan ada data yang belum diisi",2025,livin,data pribadi lengkap isi sesuai ktp tidak bisa daftar alas data isi,0,netral
Sabari,perkara selvi aja bikin ribet... hp kentang itu cameranya agak burem bosku. tolonglah ente permudah. kan dowloud livin mandiri paje kuota bukan pake daon..jadi permudahlah buat member ente yg bikin mbanking,2025,livin,perkara selvi ribet handphone kentang cameranya burem bos tolong ente mudah dowloud livin mandiri paje kuota pakai daonjadi mudah member ente mbanking,1,positif
ikhwanuttaqwa,"apa2an nih kok ada dana saya terblokir 200.000? selama pake mobile banking baru mandiri yg ada begini, sumpah aneh, kecewa",2025,livin,an dana blokir pakai mobile banking mandiri sumpah aneh kecewa,-1,negatif
Sugih 456,knp spaylater saya tidak bisa digunakan lagi mohon bantuannya??,2025,livin,spaylater tidak bisa mohon bantu,0,netral
Aran Vtr,Tolong Kembalikan Uang Saya Sejuta 😔😔😔,2025,livin,tolong kembali uang juta,0,netral
Noer Laila,bank selevel mandiri kok bikin event penipuan. udah punya livin point mau di tuker selalu tulisanya produk habis. selevel bank Nasional besar itu produk harusnya ga ada limit malu maluin,2025,livin,bank level mandiri event tipu livin point tuker tulisanya produk habis level bank nasional produk tidak limit malu maluin,0,netral
Leny Bae,mandiri kebanyakan gangguan sama pemeliharaan trus jlek bgt kllo bisa nol bintang nol bintang rating paling buruk saya kasih kayak ati mandiri pemeliharaaan trus kapok sbenernya bank mandiri paling buruk,2025,livin,mandiri banyak ganggu pelihara jlek banget kllo bisa nol bintang nol bintang rating buruk kasih ati mandiri pelihara kapok sbenernya bank mandiri buruk,-3,negatif
Didik Setiawan,"aplikasi yang terlalu sering update, malah tidak bisa digunakan. sistem operasi tidak mendukung aplikasi. pindah ke brimo aja dah... kacau ni livin.",2025,livin,aplikasi update tidak bisa sistem operasi tidak dukung aplikasi pindah brimo kacau livin,0,netral
Handi Suwandi,ini LIVIN masih bisa digunakan atau g sih 😔 seratus kali ada mungkin daftar ditolak terus 🤦,2025,livin,livin bisa tidak ratus daftar tolak,0,netral
Indah Septiani,"aplikasi muter trs skrng"" ini udh di update pdahal Kya berat gtu apk nya lemot . mohon di perbaiki",2025,livin,aplikasi muter skrng update pdahal kya berat gtu aplikasi lama mohon baik,0,netral
malyus cmy,"makin kesini Livin makin lemot pas mau login malah muter"" terus padahal jaringan bagus loh Kok aneh malah muter terus tolong di perbaiki lagi terimakasih",2025,livin,kesini livin lama cocok login muter jaring bagus aneh muter tolong baik terimakasih,1,positif
Fras Solmate,Lama kali lah loading aplikasi kalian Aplikasi gagal ini,2025,livin,lama loading aplikasi aplikasi gagal,-3,negatif
Elkanzo Arkatama,transaksi qris keterangan tertunda saldo sudah terpotong. di tunggu beberapa hari gak balik otomatis saldonya. komplain disuruh nunggu 10 hari kerja hari libur tidak dihitung. ini dah 10 hari kerja status masih tertunda dan saldo juga gak balik. sekelas bank mandiri masalah kek gini lama banget penanganannya dan sangat tidak memuaskan. payah,2025,livin,transaksi qris terang tunda saldo potong tunggu tidak otomatis saldo komplain suruh nunggu kerja libur tidak hitung kerja status tunda saldo tidak kelas bank mandiri kek gin lama banget tangan sangat tidak muas payah,-1,negatif
Mastercer Bca,transaksi gagal saldo terpotong cuma di livin yang hebat bikin aneh.,2025,livin,transaksi gagal saldo potong livin hebat aneh,-1,negatif
Khazinatul Asrar,"apalah aplikasi ini udah mah ngambil uang 10k trus ngambil lgi 5k,tau gitu mending gw ambil semua",2025,livin,apa aplikasi mah ngambil uang k ngambil lgi ktau gitu mending ambil,0,netral
Mohammad Irkhamni,"pelayanan buruk, pengembalian saldo katanya paling lama 10 hari, ini lebih dari 10 hari kerja tapi saldo saya belum kembali ke rekening saya.. pengaduan lewat email, wa, tlpn 14000 jawabanya proses"" terus gak ada kejelasan sampai hari ini tgl 20 November...",2025,livin,layan buruk kembali saldo lama kerja saldo rekening adu email wa tlpn jawabanya proses tidak jelas tgl november,-2,negatif
Sela Wati,"sekarang susah banget di bukaa loadingnyaa lamaa, udah close apk berkali kali juga tetep lama pdhl buka m banking yang lain bisaa jaringan gk ada masalah, mohon di perbaiki lagi",2025,livin,susah banget bukaa loadingnyaa lamaa close aplikasi kali tetep lama buka m banking bisaa jaring tidak mohon baik,-2,negatif
Asiah Nur,"Hai... min apk saya tiba2 logout sendiri, saya coba masuk login kembali tp menunya hanya tampil pilihan belum punya rekening dan punya kartu debit/kredit tapi sy tdk punya salah 1 kartu. itu gimana ya min, tolong bantuanya saya sudah kirim email jg dr semalam",2025,livin,hai aplikasi logout coba masuk login menu tampil pilih rekening kartu debitkredit tidak salah kartu tolong bantuanya kirim email malam,-1,negatif
Zaky Fallah,"Gak jelas. saldo hilang ,padahal belum masuk bulan baru. aneh ,gak ada notif",2025,livin,tidak saldo hilang masuk aneh tidak notif,0,netral
Ade Watanabe,"verifikasi wajah, berkedip sampe 1000kali ga lolos,,Bego emang sistemnya",2025,livin,verifikasi wajah kedip tidak lolosbego sistem,0,netral
maeza agnie,parah sering dan susah bener akses buka livinnya..gmn mau transaksi online klo sering gk bisaa di akses,2025,livin,parah susah akses buka livinnyagmn transaksi online tidak bisaa akses,-2,negatif
Okik Soper,gampangan trobel,2025,livin,gampang trobel,0,netral
YDI official,Livin Lama² kenapa Jadi Lemott banget ya. dulu enteng dibuka cepet. skrg ampuun daach lambat bangeett 🤦🤦,2025,livin,livin lama lemott banget enteng buka cepet ampuun daach lambat bangeett,-2,negatif
E M Fransisko Sihombing,"Sering gagal transaksi, maintenance nya gak menentu",2025,livin,gagal transaksi maintenance tidak tentu,-1,negatif
Khairol Adrian,"jujur saya kecewa dengan pihak Livin saya mentransfer ke rekening saya melalui dana dan dari DANA sudah berhasil mentransfer ke pihak bank mandiri tapi saldo saya tidak ada d rekening saya itu gimana ceritanya,,, bukanya membantu malah mempersulit transaksi dan kebutuhan orang kalo seperti ini saya ngk akan lagi memakai bank mandiri karena sudah sangat meresahkan kalo kyk gini saya dah buat laporan tapi tak ada respon baik melalui Gmail atau WhatsApp bank mandiri tidak ada respon nya sama sekali",2025,livin,jujur kecewa livin transfer rekening dana dana hasil transfer bank mandiri saldo tidak rekening cerita buka bantu sulit transaksi butuh orang ngk pakai bank mandiri sangat resah kyk gin lapor respon gmail whatsapp bank mandiri tidak respon,-2,negatif
Bintang Ramadhan,"nggak recomended, dikit dilit maintenence, dikit dikit maintenence",2025,livin,tidak recomended dikit dilit maintenence dikit dikit maintenence,0,netral
Rikyy Wahyudyy,"Padahal sebelumnya bisa buka, tapi pas hp kereset gak bisa di buka lagi",2025,livin,bisa buka cocok handphone kereset tidak bisa buka,0,netral
Jamilah,"BUMN plng duitan itu MANDIRI 1. debit online gagal kena biaya 5000 2. tranfer virtual sesama beberapa app bayar 1500 3. top up walet via virtualtidak bisa, dari shoppe/ gratis mandiri tarifin 4. saldo nol kartu diblokir BNI 1. gagal debit online tidak ada potongan 2. virtual semua app gratis 3. bisa top up virtual 4. kartu aman BRI 1. Tanpa potongan gagal debit online 2. transfer virtual semua app gratis 3. top up tidak bisa virtual, tapi gratis 4. kartu aman punya mandiri buat lewat saja.",2025,livin,bumn plng duit mandiri debit online gagal kena biaya tranfer virtual aplikasi bayar top up walet virtualtidak bisa shoppe gratis mandiri tarifin saldo nol kartu blokir bni gagal debit online tidak potong virtual aplikasi gratis bisa top up virtual kartu aman bri potong gagal debit online transfer virtual aplikasi gratis top up tidak bisa virtual gratis kartu aman mandiri,2,positif
Selvi Erwila,lemot bgt aplikasinya. mau login lamaaaaaa bgtszz,2025,livin,lama banget aplikasi login lamaa bgtszz,-1,negatif
Suseno suseno,"verifikasi wajah aja sampai 3 kali gagal,, leher gue ampe pegel,, tolong tuh di perbaiki lagi,, menyusahkan mau masuk ke rekening sendiri aja Susah,, padahal saya restart HP,, masuk ke lifin susah bener,,",2025,livin,verifikasi wajah gagal leher ampe gel tolong baik susah masuk rekening susah restart handphone masuk lifin susah,-3,negatif
Akhmad Nur Fajrin,"buruk, bikin jengkel",2025,livin,buruk jengkel,-1,negatif
bhe dul,"Jauh lebih bagus livin biru yang gold nyusahin nasabahnya hanya karena kesulitan di verifikasi wajah harus bolak balik kecabangan terdekatnya, itu pun gak bisa juga cuma buang waktu yang dibutuhkan solusi agar kendala teratasi bukan mengarahkan hubungi ini, hubungi itu, kalo ada bintang 0 saya kasih dah.",2025,livin,bagus livin biru gold nyusahin nasabah sulit verifikasi wajah bolak cabang dekat tidak bisa buang butuh solusi kendala atas arah hubung hubung bintang kasih,-1,negatif
Iqbal Iqbal,"kenapa aplikasi yang kaya gini harus pake selfie dulu, mana gak ada fitur kamera belakang lagi. Hadeh, saya kan ingin bergaya",2025,livin,aplikasi kaya gin pakai selfie tidak fitur kamera hadeh gaya,0,netral
Yudi Mukorobin,vermuk e susaahhh cokkk,2025,livin,verifikasi muka e susaahh cokk,0,netral
Toto,tiap mau bayar qris sering loading lama gk enak sama yg antri dibelakang padahal buka yg lain lancar aja. aplikasi sampah..,2025,livin,bayar qris loading lama tidak enak antri belakang buka lancar aplikasi sampah,-1,negatif
Bayu Septian,"Livin bikin kesel aja, dari siang transfer uang, dana udahh ke potong tapi belum masuk ke rekening tujuan. tolong respon bagai mana ini",2025,livin,livin kesel siang transfer uang dana udahh potong masuk rekening tuju tolong respon,0,netral
Iwanto Iwan,knapa sy gak b isa2 buat livin selfie wajah gagal trus mohon di bantu,2025,livin,knapa tidak b isa livin selfie wajah gagal mohon bantu,-1,negatif
Adhar Ripai,"tadinya bisa tiba² gak bisa , kacau... sistem operasi handphone anda tidak mendukung untuk menggunakan livin aneh?????",2025,livin,bisa tidak bisa kacau sistem operasi handphone tidak dukung livin aneh,0,netral
Muhamad Nurleli,lemot bgt kalo buka apk ini jadi susah kalo mau transaksi yang sifatnya urgent,2025,livin,lama banget buka aplikasi susah transaksi sifat urgent,-2,negatif
Warga Bumi,"Livin bener"" sampah bangt sekarang"" ini setiap kali apk mau di buka sekarang loading nya lama banget. padahal kuota banyak sinyal bagus aneh !! merepotkan sekali untuk membayar untuk metode QR tolong di perbaiki lagi kualitasnya ini setiap habis hujan langsung lemot ngebuka apk nya lama !!",2025,livin,livin sampah bangt aplikasi buka loading lama banget kuota sinyal bagus aneh repot bayar metode qr tolong baik kualitas habis hujan langsung lama ngebuka aplikasi lama,-3,negatif
Nina Marina,apk paling ribett vermuk udah waras udah jelas juga tetep aja gak bisa udh disuruh ngedip gimanapun tetep gak bisa apk dongo apk paling ribett,2025,livin,aplikasi ribett verifikasi muka waras tetep tidak bisa suruh ngedip gimanapun tetep tidak bisa aplikasi dongo aplikasi ribett,0,netral
Baiturahman BAY,"ini bukanya membantu malah ribetin orang, perbaikan sampai kapan. kalian yang perbaikan kok ATM gw yang di blokir lawak2",2025,livin,buka bantu ribetin orang baik baik atm blokir lawak,2,positif
a beiei,Sering eror tidak tersedia,2025,livin,error tidak sedia,-1,negatif
muhamad ari hadrian,aneh banget tiba tiba aplikasi gak bisa di buka,2025,livin,aneh banget aplikasi tidak bisa buka,0,netral
Jaya Syahputra,ribet login harus pakai kartunya dulu nyesel daftar di sini,2025,livin,ribet login pakai kartu nyesel daftar,-1,negatif
Khaerul Fariz,skrang klo bayar pake livin ada biaya transaksi nya pdhal dulu gratis ga ada biaya transaksi,2025,livin,skrang bayar pakai livin biaya transaksi pdhal gratis tidak biaya transaksi,0,netral
Pupud 167,tolong verifikasi wajah dipermudah saya kedip sampe ribuan kali ngga bs juga !!!! capeee bgt sampe mata sakiiit wooyyy kaya dikerjain sama aplikasi ini.kedip kedip udah sejam gua ga ada yg nyangkut aplikasi cacat,2025,livin,tolong verifikasi wajah mudah kedip ribu tidak bs capee banget mata sakiit wooyy kaya dikerjain aplikasi inikedip kedip jam tidak nyangkut aplikasi cacat,1,positif
Lingga Bayu Saputra,"semakin lemot saja, padahal jaringan internet bagus.",2025,livin,lama jaring internet bagus,0,netral
hello nad,ga bisa verifikasi wajah berkedip sampe mata perih tetep aja ga kebaca,2025,livin,tidak bisa verifikasi wajah kedip mata perih tetep tidak baca,0,netral
ANGGARA PHW,"tidak bisa dibuka karena aksesbilitas, tanpa dijelaskan caranya. setiap hp berbeda menu, kurang solutif. memghambat transaksi dan penggunaan",2025,livin,tidak bisa buka aksesbilitas handphone beda menu kurang solutif memghambat transaksi guna,0,netral
Dirga,kenapa aplikasi nya tidak bisa di buka!!!!! Tolong di Perbaiki!!!!!,2025,livin,aplikasi tidak bisa buka tolong baik,1,positif
Aira Ramadhani,terlalu ribet daftar nya.. jaringn aplikasi pun suka eror..,2025,livin,ribet daftar jaringn aplikasi suka error,-1,negatif
F Maman,"Semua pengguna keluhannya sama,dikira saya aja yg susah login,,, tolong untuk pihak terkait agar di permudah untuk login nya, terimakasih 🙏",2025,livin,guna keluh samadikira susah login tolong kait mudah login terimakasih,0,netral
Roni Ganteng,selalu gangguan,2025,livin,ganggu,-1,negatif
Anggi Hermawan,VERIFIKASI AJA KAYA ZAMAN PURBA SUSAH BENER,2025,livin,verifikasi kaya zaman purba susah,-1,negatif
EDGAR DAFA S,APLIKASI KIKIR TAMBAHIN AJA TERUS BIAYA ADMIN BUAT TOP UP E WALLETNYAA,2025,livin,aplikasi kikir tambahin biaya top up e walletnyaa,1,positif
viorena Channel,"ribeettt, mau buka rekening suruh urus sendiri secara online, cetak sendiri. cs nya buat apa??? saya di layani sama satpam (ramah). ternyata gk bisa soalnya saya punya atm mandiri sebelumnya (bantuan bsu pakai mandiri), harus di urus secara reguler, itu pun satpam nya mondar mandir ke cs.",2025,livin,ribeett buka rekening suruh urus online cetak customer service layan satpam ramah tidak bisa atm mandiri bantu bsu pakai mandiri urus reguler satpam mondar mandir customer service,0,netral
Ghafur Setiawan,"mau buka aplikasi aja susah sekali, muter-muter ga bisa masuk ke aplikasi",2025,livin,buka aplikasi susah mutermuter tidak bisa masuk aplikasi,-1,negatif
Jezz Concept,aplikasi nya ..bentar2 minta ganti pasword giliran masukin salah2 terus....ujung2 ny harus datang ke kantor nya...👎👎👎👎👎👎👎👎👎👎👎👎,2025,livin,aplikasi bentar ganti pasword gilir masukin salah terusujung ny kantor,0,netral
Putra Caniago,"klu aku udah kuhapus dan keluar dr tabungan mandiri,, kecewa, mending pindah ke yg lain, tdk terlalu ribet,,",2025,livin,hapus tabung mandiri kecewa mending pindah tidak ribet,-2,negatif
Erwinsyah ayahbilqis,"plis dr by livin, di perjelas, bru saja saya TF ke bank lain, tranferan gagal, tp saldo saya terpotong sebesar nominal tranferan saya, tolong di solusinya, nnt saya tambah bintang nya",2025,livin,tolong by livin jelas bru transfer bank tranferan gagal saldo potong nominal tranferan tolong solusi nnt bintang,-1,negatif
Jungle food idn,"Aplikasi terparah, dari daftar udah berhasil sampai sekarang tetap aja eror, mana lagi butuh lagi",2025,livin,aplikasi parah daftar hasil error butuh,-2,negatif
Ilham Muhammad,"banyak juga ya lama lama potongan nya, awal bulan 13rb di tanggal 20an potongan lagi aja",2025,livin,lama lama potong ribu tanggal an potong,-2,negatif
Viona Listy,knp dihp Poco x3 gt eror,2025,livin,dihp poco gt error,-1,negatif
Ulfah Oliver,masa sekarang transfer lewat VA berbayar,2025,livin,transfer va bayar,0,netral
Saikhu Kom,Semakin lemotttt tidak jelas,2025,livin,lemott tidak,0,netral
ghoodine upay,SINYALNYA BENERIN MAU BUKA M-BANKING MUTER² TERUS SUSAH BANGET,2025,livin,sinyal benerin buka mbanking muter susah banget,-1,negatif
agung pradana,"aneh bayar virtual account mandiri kenak biaya 😂, padahal pakai bank digital lain bayar ke virtual account mandiri gratis. dari mandiri ke mandiri berbayar. dari lain ke mandiri gratis. ckckc",2025,livin,aneh bayar virtual account mandiri nak biaya pakai bank digital bayar virtual account mandiri gratis mandiri mandiri bayar mandiri gratis ckckc,0,netral
Febrian04 ayudi,sekarang klo top up atau bayar bayar ada adminnya,2025,livin,top up bayar bayar adminnya,1,positif
Ago Sony,Login nya lama padahal apklikasi sudah di update dan jaringan internet juga bagus,2025,livin,login lama apklikasi update jaring internet bagus,0,netral
Luffy Mugiwara,"bank paling ribet mau login malah tampilan yang muncul ""fitur sedang tidak tersedia"" padahal transaksi di ATM bisa aduh parah",2025,livin,bank ribet login tampil muncul fitur tidak sedia transaksi atm bisa aduh parah,-2,negatif
Yuni P,mauu tf dana gabisa padahal saldo udh memcukupi,2025,livin,mauu transfer dana tidak bisa saldo memcukupi,0,netral
Sandy Safira,sekarang sudah jelek karena tiap mau transfer harus aktifkan zona waktu & mau transfer di jam 6 sore aja sudah tidak bisa....,2025,livin,jelek transfer aktif zona transfer jam sore tidak bisa,-1,negatif
Huda Nur,saya minta penjelasan ke aplikasi livin mandiri kenapa saya belum jual saham di aplikasi livin otomatis jual sendiri lot nya hilang hasil jual saham tidak ada Uang yang masuk kenapa lot saham saya hilang mohon penjelasannya pihak mandiri livin apa di bajak aplikasi saya,2025,livin,jelas aplikasi livin mandiri jual saham aplikasi livin otomatis jual lot hilang hasil jual saham tidak uang masuk lot saham hilang mohon jelas mandiri livin bajak aplikasi,0,netral
Aldi Diana,"ngk jelas suka keluar sendiri ( keluar mbanking dan harus isi from ulang ),, dan lemottttttttttt ... selalu sering gagal transaksi....",2025,livin,ngk suka mbanking isi from ulang lemott gagal transaksi,0,netral
Muhammad David Prayoga,kenapa livin saya tiba2 terblokir padahal saldo ada kok pas saya mau pindah akunnya ke hp yang baru dari yang lama gabisa tiba2 udah diblokir aja livin by mandirir nya terus saya udah masukin data yang benar tetep aja gabisa login kembali tulisannya terblokir livin saya gimana sih bisa bikin aplikasi gak sih bikin susah orang aja,2025,livin,livin blokir saldo cocok pindah akun handphone lama tidak bisa blokir livin by mandirir masukin data tetep tidak bisa login tulis blokir livin bisa aplikasi tidak susah orang,-2,negatif
heru riss,Ni Livin kok sering eror ya?sekarang buat kurim qris pake foto gag bisa,2025,livin,livin error yasekarang rim qris pakai foto gag bisa,-1,negatif
Jihan Maulida,mau login ke aplikasi no hp di tolak terus,2025,livin,login aplikasi no handphone tolak,0,netral
Mukti Iskandar,"berbenah itu bagus dan baik. . tapi klo tiap butuh dan nyatanya selalu dalam perbaikan. . . siapa yg lama"" g bad mood. duh Livin by mandiri ternyata bukan bank dengan Solusi penanganan terbaik. eror eror eror. . . tuh ulasan kalian g ada yang baik. minus semua",2025,livin,benah bagus butuh baik lama tidak bad mood duh livin by mandiri bank solusi tangan baik error error error ulas tidak minus,-1,negatif
Putra Ramadhan,livin by mandiri sukses trus,2025,livin,livin by mandiri sukses,0,netral
Adi Fahlefi,"kenapa akun Livin Sya setelah update tidak bisa digunakan, diminta buat ulang, sedangkan ada uang tf masuk, tpi saldo tidak ada, untuk keluhannya konsumen juga tidak tertera nmor keluhannya ddalam apk, masa harus ke bank,, harusnya didalam apk ada nmor y bisa dihubungi disaat ada kendala",2025,livin,akun livin sya update tidak bisa ulang uang transfer masuk saldo tidak keluh konsumen tidak tera nmor keluh ddalam aplikasi bank dalam aplikasi nmor y bisa hubung saat kendala,-1,negatif
MUHAMMAD RIDWAN,"masa iya top up kartu flaz udah berhasil tapi di saldo kartu flaz nya ga masuk,padahal udah di update",2025,livin,iya top up kartu flaz hasil saldo kartu flaz tidak masukpadahal update,1,positif
Ika Ilman,ada saldo di dalam akun tiba tiba hilang tidak bisa login lagi. login harus menggunakan nomor kartu debit sedangkan kartu debit blum terbit. ke mandiri tidak di respon smaa sekali oleh kantor nya,2025,livin,saldo akun hilang tidak bisa login login nomor kartu debit kartu debit blum terbit mandiri tidak respon smaa kantor,0,netral
Meisya Aulia,"saldo sering hilang,hari ini aja gue ilang 500 transaksi gagal tapi saldo berkurang",2025,livin,saldo hilanghari ilang transaksi gagal saldo kurang,-1,negatif
Syam Hsjsus,tidak bisa login karna sedang peningkatan layanan,2025,livin,tidak bisa login tingkat layan,0,netral
Abu Daud,susah buka aplikasi keluar sendiri terus padahal udah diupdate,2025,livin,susah buka aplikasi diupdate,-1,negatif
1992 Xxx,"aplikasi mandiri bank bumn, lemot jelek dan sering eroorrrr. parah gak rekomen deh bank ini",2025,livin,aplikasi mandiri bank bumn lama jelek eroorr parah tidak rekomen bank,-3,negatif
Moel Yana,"Aplikasinya sudah ok, banyak membantu cuman 1 yg bikin jengkel tiap malem klo ada keperluan mendesak selalu maintenance atau sedang pemeliharaan, masa iya harus tiap malem makin rujit",2025,livin,aplikasi ok bantu cuman jengkel malem perlu desak maintenance pelihara iya malem rujit,0,netral
Aina Ina,"aplikasi gk guna sama sekali terlalu ribet sudah daftar tpi gk kembali pengaturan awal gk bisa login"" ...beda seperti BNi yg mudah&gk ribet",2025,livin,aplikasi tidak ribet daftar tidak atur tidak bisa login beda bni mudahgk ribet,-2,negatif
Endi Senen,admin transfer mahal bangat pertama hanya 2500 transfer ke bank apapun sekarang sudah 6500 parahh,2025,livin,transfer mahal bangat transfer bank apa parahh,0,netral
irham ibnifahrizal,"Gak logout malah logout sendiri.... Mau login, sdh ngisi sesuai petunjuk, bolak balik muter terus... Di suruh selfie, bikin passwordnya, pinya...balik lagi verifikasi wajah... Muter aja terus gak masuk-masuk.... Ampun2... 🥵🥵🥵",2025,livin,tidak logout logout login ngisi sesuai tunjuk bolak muter suruh selfie passwordnya pinyabalik verifikasi wajah muter tidak masukmasuk ampun,-2,negatif
Sudi Sudi,habis di perbaharui ko ga bisa masuk lagi maka kartu ya belum di ambil lagi,2025,livin,habis baharu tidak bisa masuk kartu ambil,0,netral
David Yuki,Apa²an ini uang yg ngendap 25rb yg awal ny 10rb. qris sering eror saldo nyangkut di kembalikan lagi 10 hari krja gila.. sistem culas ini nama nya,2025,livin,uang ngendap ribu ny ribu qris error saldo nyangkut kembali krja gila sistem culas nama,-1,negatif
Bukhori Muslim,Dijanjikan saldo e-wallet 100rb dengan masukin kode referal dan kode kantor cabang sama sales mandiri. tahunya zonk 👎,2025,livin,janji saldo ewallet ribu masukin kode referal kode kantor cabang sales mandiri tahu zonk,0,netral
Dark Magician,disuruh instal sama pihak mandiri padahal ga mau pakai 😌,2025,livin,suruh instal mandiri tidak pakai,0,netral
ide guidoss,stiap buka harus restart hp truss... tulisan ada dalam panggilan lain.... lama lama aq tarik semua duitnya pindah ke bank lain.... ribet amat aplikasi mu...,2025,livin,stiap buka restart handphone truss tulis panggil lama lama tarik duit pindah bank ribet aplikasi mu,-3,negatif
Lihun Cahpengembara,"nyesel saya buka livin by mandiri,sampai sekarang saya GK dapat kartu debit dari awal buka livin",2025,livin,nyesel buka livin by mandirisampai tidak kartu debit buka livin,0,netral
Melysa Ampur,"zya kasih saru bintang aja di aplilasi ini, terkecuali sudah verifikasi wajah sya baru sya lasih bintang, masa muka sdah mwmghadap ke kamera tetap juga tidak bisa, dwvloper tolonglah perbaiki, maslah itu, bikin kecewa .",2025,livin,zya kasih saru bintang aplilasi kecuali verifikasi wajah sya sya lasih bintang muka sdah mwmghadap kamera tidak bisa dwvloper tolong baik mas kecewa,0,netral
Wawan Kurniawan,qiris sering gagal aneh padahal saldo cukup gambar jelas,2025,livin,qiris gagal aneh saldo gambar,-1,negatif
Rahma Dona,kenapa Livin saya tidak bisa dibuka sejak pagi,2025,livin,livin tidak bisa buka pagi,0,netral
Mhmmd Radit,ini kenapa gabisa login? padahal hp ini gw beli dari baru sistem operasi resmi ORI tapi yang muncul malah dibilang sistem ga mendukung padahal versi hp gw masih tinggi,2025,livin,tidak bisa login handphone beli sistem operasi resmi ori muncul bilang sistem tidak dukung versi handphone,0,netral
Yoris Putrawan,"apa ini tiba"" kurang saldo saya biaya administrasi rel 5k oke. tapi biaya saldo minimum itu apa lagi, jadi kepotong saldo dasar saya. mana bisa sudah ketarik jadinyaa.....",2025,livin,kurang saldo biaya administrasi rel k oke biaya saldo minimum potong saldo dasar bisa tarik jadinyaa,0,netral
Sohibul Hajad,gak guna stiap login masalah di pasword dan pin..terus2an,2025,livin,tidak stiap login pasword pinterus an,0,netral
Dani Gilang,acount gw di block tanpa pemberitahuan sama sekali tapi yg aneh nya ATM nya masih bisa di pake ....gak pake lama gw pindah langsung buka rekening BCA ....Bank BUMN emang pada bermasalah sema kek nya ...ati ati yg pake BANK BUMN uang anda adalah jaminan hidup anda,2025,livin,acount block pemberitahuan aneh atm bisa pakai tidak pakai lama pindah langsung buka rekening bca bank bumn masalah sema kek ati ati pakai bank bumn uang jamin hidup,-2,negatif
allin surbakti,"smua top up emoney kena biaya, bayar alfagift kena biaya, pokoknya smua2 biaya. anjaaaayyy...",2025,livin,top up emoney kena biaya bayar alfagift kena biaya pokok biaya anjaayy,1,positif
Jawa Barat,susah untuk di buka padahal jaringan bagus stabil,2025,livin,susah buka jaring bagus stabil,1,positif
Nur Dena,bagus,2025,livin,bagus,1,positif
Rizki Annasya,kalo buka lama dan leg tolong perbaiki,2025,livin,buka lama leg tolong baik,0,netral
firki sucipto,"dari beberapa aplikasi mobile bankin yang saya instal,baru kali sebel sm aplikasi livin,dari mulai log in yang lama muter² terus sampe uninstal skalinya instal ulang verifikasi wajah gak bs² udah berapa kali kedip tetap gak kedetect.",2025,livin,aplikasi mobile bankin instalbaru sebel aplikasi livindari log in lama muter uninstal skalinya instal ulang verifikasi wajah tidak bs kedip tidak kedetect,-1,negatif
Yuliana,kenapa ya sampai sekarang akun livinku belum bisa di buka juga? padahal sdh buat laporan lgsg k ktrnya n sdh tlp ke 14000 jg dari ktrnya?,2025,livin,akun livinku bisa buka lapor lgsg k ktrnya n tlp ktrnya,0,netral
Rieky Septian Ferdiansyah,Udah 5 Hari transaksi gagal terus katanya Tidak dapat digunakan karena nomor salah padahal sudah benar HADEHHH SAMPEK KAPAN INI WOII,2025,livin,transaksi gagal tidak nomor salah hadehh sampek woii,-1,negatif
nevanda agung,"Aplikasi sering log out sendiri dan mau log in sangat susah sekali ada keterangan perbaikan jaringan , benar busuk sekali pelayanannya pekerjaan saya jadi terhambat !!",2025,livin,aplikasi log out log in sangat susah terang baik jaring busuk layan kerja hambat,0,netral
Jansa Riswandi,"saya nasabah baru awalnya pengan bgt pujya livin by mandiri tapi pas dipakai malah banyak maslah perbarui password erorlah dan sambung lagi dan sebagainya padahal urgent dan dadakan malah gak bisa dipakai ,jadi pakai mobile bank lain sy cek tiba² udah diblokir kartunya gemna mau setia pakai mandiri .terus sy email bank mandiri cawabannya itu² saja dgn nama berbeda beda,mau heran tapi masa iya kalah sm bank swasta lho .tlg aktifkan lagi mandiri sy A.n Jansa Riswandi apa perlu divirarin dl br atf",2025,livin,nasabah kan banget pujya livin by mandiri cocok pakai mas baru password eror sambung urgent dada tidak bisa pakai pakai mobile bank cek blokir kartu gemna setia pakai mandiri email bank mandiri cawabannya nama beda bedamau heran iya kalah bank swasta lho tlg aktif mandiri an jansa riswandi divirarin dl br atf,0,netral
YT PUTRA CIXAL,livin makin kesini gk jelas taikkk apk selalu oper close,2025,livin,livin kesini tidak taikk aplikasi oper close,-1,negatif
Muhammad Auval,"sering kali bank mandiri gangguan, pemeliharaan sistem, buat transaksi jd terhambat jd gak efisien",2025,livin,bank mandiri ganggu pelihara sistem transaksi hambat tidak efisien,-1,negatif
Hn So,"Aplikasi macam apa ini, baru install masuk di dalamnya ada peringatan sedang melakukan panggilan, padahal aku gak telponan atau melakukan panggilan apapun. Kalau kaya gini gimana cara gunainnya.",2025,livin,aplikasi install masuk dalam ingat panggil tidak telpon panggil apa kaya gin gunainnya,0,netral
l0v3t0k1ll,#CHAT dan TELPON CS GRATIS lewat aplikasi # 2025 gak jaman nelpon pake pulsa serba INTERNET#POWER CASH MALAH HILANG### Tambahin menu di Kartu Kredit#Pengaturan limit -Limit belanja per transaksi bisa di atur sendiri #Pengaturan Transaksi -Tarik tunai di ATM bisa ON/OFF -Transaksi Online bisa ON/OFF -Transaksi di luar negri bisa ON/OFF Demi keamanan berlapis untuk transaksi dimanapun,2025,livin,chat telpon customer service gratis aplikasi tidak jaman nelpon pakai pulsa serba internetpower cash hilang tambahin menu kartu kreditpengaturan limit limit belanja transaksi bisa atur atur transaksi tarik tunai atm bisa onoff transaksi online bisa onoff transaksi negri bisa onoff aman lap transaksi mana,1,positif
Eni Hidayati,tidak ok! saat saat sangat perlu selalu gangguan,2025,livin,tidak ok sangat ganggu,-1,negatif
The Hunter,"nih apk gimana dah masa lupa pw 2x langsung ga bisa masukin pw mana mau buat ulang ribet banget pin pake acara di blokir maksudnya gimana sih ? saya mau ngambil gaji habis kecelakaan malah di buat sulit gini , semua udah saya masukin nomor kartu rek malah pin nya di gagal in Mulu ini Livin pengen nya apa!?",2025,livin,aplikasi lupa pw langsung tidak bisa masukin pw ulang ribet banget pin pakai acara blokir maksud ngambil gaji habis celaka sulit gin masukin nomor kartu rekening pin gagal in livin ken,-3,negatif
Rafael PFS,"𝘦𝘳𝘳𝘰𝘳 𝘢𝘱𝘭𝘪𝘬𝘢𝘴𝘪, 𝘱𝘦𝘳𝘤𝘶𝘮𝘢 𝘬𝘢𝘴𝘪𝘩 𝘣𝘪𝘯𝘵𝘢𝘯𝘨⭐ 5 𝘤𝘶𝘬𝘶𝘱 ⭐ 𝘴𝘢𝘵𝘶 𝘴𝘢𝘫𝘢.... 𝘗𝘐𝘕 𝘬𝘰𝘬 𝘬𝘦 𝘉𝘓𝘖𝘒𝘐𝘙 𝘵𝘦𝘳𝘶𝘴, 𝘥𝘪 𝘴𝘶𝘳𝘶𝘩 𝘣𝘪𝘬𝘪𝘯 𝘣𝘢𝘳𝘶 𝘶𝘥𝘢 𝘥𝘪 𝘭𝘢𝘬𝘴𝘢𝘯𝘢𝘬𝘢𝘯, 𝘮𝘢𝘴𝘪𝘩 𝘴𝘢𝘫𝘢 𝘗𝘐𝘕 𝘢𝘯𝘥𝘢 𝘵𝘦𝘳𝘣𝘭𝘰𝘬𝘪𝘳... 𝘢𝘯𝘦𝘩... 𝘬𝘺𝘬 𝘢𝘱𝘭𝘪𝘬𝘢𝘴𝘪 𝘴𝘤𝘢𝘮/𝘱𝘩𝘪𝘴𝘪𝘯𝘨 𝘴𝘢𝘫𝘢 𝘪𝘯𝘪.... 𝘴𝘢𝘯𝘨𝘢𝘵 𝘮𝘦𝘯𝘨𝘦𝘤𝘦𝘸𝘢𝘬𝘢𝘯 🤬😡",2025,livin,,0,netral
Aviana Fadill,"saya tf udah tertulis berhasil dan saldo telah terpotong tapi ngga sampe tujuan,udah konfir ke kantor cabang disuruh nunggu gmail tapi udah lama tetep ngga ada keterangan jelas nya gimana",2025,livin,transfer tulis hasil saldo potong tidak tujuanudah konfir kantor cabang suruh nunggu gmail lama tetep tidak terang,-1,negatif
Muh aswad Muhajar,di livin saya tidak muncul livin paylater padahal livin saya adalah livin penggajian saya,2025,livin,livin tidak muncul livin paylater livin livin gaji,0,netral
Siti Rohmat,gimana ini sudah 2 hari ko belum beres aja padahal saya sangan betul,2025,livin,beres sangan,0,netral
Yanzz,"aplikasi burik jangan coba bikin kartu debit fisik melalui aplikasi ini kartu tidak sampai tetapi status pengiriman sudah di terima, aplikasi sampah menyusahkan masyarakat",2025,livin,aplikasi burik coba kartu debit fisik aplikasi kartu tidak status kirim terima aplikasi sampah susah masyarakat,-1,negatif
Pradan Wilyarda (Dana),ga jelas,2025,livin,tidak,0,netral
The Morge Siwe,"APLIKASI BANK ASU... SETIAP TENGAH MALAM SETIAP BELI ROKOK BAYAR PAKAI QRIS. SETIAP ISI BENSIN BAYAR PAKAI QRIS JUGA, SELALU APLIKASI NYA DALAM PEMELIHARAAN RUTIN. MASAK PEMELIHARAAN TURUN SETIAP TENGAH MALAM. APA GAK BISA SEBULAN SEKALI, ATAU SEMINGGU SEKALI ATAU 3 HARI SEKALI ! KENAPA HARUS SETIAP HARI.. APLIKASI ASU BANGET INI",2025,livin,aplikasi bank asu malam beli rokok bayar pakai qris isi bensin bayar pakai qris aplikasi pelihara rutin masak pelihara turun malam tidak bisa bulan minggu aplikasi asu banget,0,netral
abid Nego,verivikasi muka Kok susah bangat sih Mandiri ini?,2025,livin,verivikasi muka susah bangat mandiri,-1,negatif
Nurafiah Jufri,aplikasi jelek,2025,livin,aplikasi jelek,-1,negatif
Resti Nurhalimah,pelayanan nya kuarang puas,2025,livin,layan arang puas,1,positif
Imam Art,"waktu login di suruh selfi udah selfi mlh gabisa bisa , udah gitu di ganti paswod berkali kali yang beda masih aja gabisa emng gila ni apk",2025,livin,login suruh selfi selfi mlh tidak bisa bisa gitu ganti paswod kali beda tidak bisa emng gila aplikasi,0,netral
Warren Hernandez,mengecewakan sistem tidak dapat diakses 24 jam,2025,livin,kecewa sistem tidak akses jam,-1,negatif
Rahmat Syabirin,"Jaman sekarang udah bukan lagi saldo mengendap minimal 20rb, 25rb, apalagi BRI 50rb. Ini era nya tidak ada biaya admin dan tidak ada batas saldo minimal. Itu saja dari saya mudah²han bisa jadi pertimbangan agar punya daya saing dengan bank digital saat ini",2025,livin,jaman saldo endap minimal ribu ribu bri ribu era tidak biaya tidak batas saldo minimal mudahhan bisa timbang daya saing bank digital,0,netral
mhd dedy,pelayanannya tak sesuai pernyataannya,2025,livin,layan sesuai nyata,0,netral
Juwitaa,"saya kecewa dngn aturan sekarang, bayar payment atau faspay xendit dll itu ada biaya sekitar 2500. 1500. mulai gini dr oktober. sebelum nya kaga ada, sedangkan saya transaksi sehari smpe brpa kali udh kepotong smpe 15000. trs blm biaya kartudebit 6000. tambah akhir bln 15000. apasih ini mandiri dari livin makin gajelas ada biaya mulu",2025,livin,kecewa dngn atur bayar payment faspay xendit dll biaya gin oktober kaga transaksi hari smpe brpa potong smpe biaya kartudebit bln apasih mandiri livin tidak biaya,-1,negatif
Patta Kodonk277,ko' jelek gini sih gagal terus,2025,livin,jelek gin gagal,-2,negatif
DIMAS 05 SLEBEW,Saya sangat kecewa banget pas saya pegang atau simpen duit tabungan di Livin ini eh malah hacker suka ambil duit di tabungan saya atas nama pt lain saya udh kecewa banget atas nama Livin ini ya😒🙄😤😡,2025,livin,sangat kecewa banget cocok pegang simpen uang tabung livin eh hacker suka ambil uang tabung nama pt kecewa banget nama livin,-1,negatif
aku putri,Semua ada biaya adminnya mantabbb sekalii 👍👍 Dan semua biaya admin sebelumnya jadi naik.,2025,livin,biaya adminnya mantabb sekali biaya,0,netral
Amin Mulyadi,tolong cepat di perbaiki..livin saya tidak bisa login,2025,livin,tolong cepat perbaikilivin tidak bisa login,1,positif
Fito Sanjaya,verifikasi wajahnya eror. garis biru sudah pas tapi masih nggak terbaca,2025,livin,verifikasi wajah error garis biru cocok tidak baca,-1,negatif
Muhammad Erwinsyah,"sudah satu minggu saya coba login tidak bisa, layanan tidak tersedia terus.",2025,livin,minggu coba login tidak bisa layan tidak sedia,0,netral
Dedec Niakurniati,gak bisa top up dana,2025,livin,tidak bisa top up dana,1,positif
Choirun Shawal,kenapa bayar pakek Qris tidak bisa?payah kali bah.,2025,livin,bayar pakek qris tidak bisapayah bah,0,netral
Liandy Firmansyah,knpa saya tidak bisa mengganti password di aplikasi livin saya padahal saya sudah mengikuti cara caranya tapi tidak bisa,2025,livin,knpa tidak bisa ganti password aplikasi livin ikut tidak bisa,0,netral
Nabila Andriyani,tolong kak ini yang versi hp blm d upgrade gbsa buka Livin masa tiap tahun harus ganti hp,2025,livin,tolong versi handphone upgrade gbsa buka livin ganti handphone,0,netral
Nurul Afridah,"parah sekarang bayar apa aja pake admin, ngambil uang rakyat enak bgt ya 😆",2025,livin,parah bayar pakai ngambil uang rakyat enak banget,-1,negatif
Al Ghataqy,"ribet gak jelas, pen gw uninstall, notif ga jelas bikin malu orang didepan kasir entah kerasukan apa, aplikasinya ga bisa dipake alasannya ga aman, pas sampe rumah normal. ga guna !",2025,livin,ribet tidak pen uninstall notif tidak malu orang depan kasir rasuk aplikasi tidak bisa dipake alas tidak aman cocok rumah normal tidak,0,netral
Lovely Handphone,"livin sayacko ga bisa login kenapa, keterangan nya layanan sedang tidak tersedia maksudnya apa",2025,livin,livin sayacko tidak bisa login terang layan tidak sedia maksud,0,netral
Saleh Gunawan,"makin lama makin tak jelas,tiap MLM mentenen",2025,livin,lama jelastiap mlm mentenen,-1,negatif
Shinta Sinta,ini apl aneh bangat mau daftar buat rekening disuruh cek data terus pdhal semua data yang saya masuk semuanya benar,2025,livin,apl aneh bangat daftar rekening suruh cek data pdhal data masuk,0,netral
Ifah Khaelif,"livin makin kesini kadang gk bisa di buka, pas mau make lagi butuh""nya dia ngelag gk bisa di pke, pdhl pket data full",2025,livin,livin kesini kadang tidak bisa buka cocok make butuh ngelag tidak bisa pakai pket data full,0,netral
Danil Hidyatullah,mau tf ke e wallet gangguan terus! mohon lebih banyak diperbaiki,2025,livin,transfer e wallet ganggu mohon baik,0,netral
FIDO RAMESTA GINTING,bisa transaksi QR orangnya lagi tidur,2025,livin,bisa transaksi qr orang tidur,0,netral
Dini Marliani,ko motong biaya adm terus terusan jarak sehari motong sampai 78500.rugi banget nyimpen uang di sinii.,2025,livin,motong biaya adm terus jarak hari motong rugi banget nyimpen uang sini,0,netral
The dragon Warrior is back,udah isi e money tapi pas update gak bisa.. hilang 400rbu,2025,livin,isi e money cocok update tidak bisa hilang rbu,0,netral
Wahid Hidayaturokhiem,"aplikasi busuk bank busuk jangan pake mandiri dan Livin gak ada gunanya ,,ribet",2025,livin,aplikasi busuk bank busuk pakai mandiri livin tidak guna ribet,-1,negatif
Aslan Alayyubi,bank mandiri . cacat.,2025,livin,bank mandiri cacat,0,netral
Ardilla Qumairah,"Susah bngt di bukannya dah, ampun!? mau pakai wafi atau data juga susah..",2025,livin,susah banget ampun pakai wafi data susah,-2,negatif
Ujang Riyan,gmn transfer an saya sering ilang,2025,livin,gmn transfer an ilang,0,netral
Muhammad Siregar,kenapa susah untuk masuk ke aplikasi,2025,livin,susah masuk aplikasi,-1,negatif
Aprilmala P,kurang memuaskan aplikasi nya,2025,livin,kurang muas aplikasi,0,netral
Andika Rangga Pangestu05,"tolong di benerin dong di bagian verifikasi muka, udh 4 hari ga bisa bisa woiiii",2025,livin,tolong benerin verifikasi muka tidak bisa bisa woii,0,netral
Freddy Pasaribu,"orang lagi butuh ngirim uang, kau asik nak Pemeliharaan teruss. ntah apa mau kau",2025,livin,orang butuh ngirim uang kau asik nak pelihara teruss ntah kau,0,netral
MUSLIM AJA,"susah amat mau verifikasi wajah aja mohon berkedip,sampe pegel mata,",2025,livin,susah verifikasi wajah mohon berkedipsampe gel mata,-1,negatif
Miftahul Akhsan,"mandiri adalah bank besar tapi sangat meresahkan, paling ribet, dan menghawatirkan dibanding bank lain salah satu contoh ketika ganti hp mau kedip sampai jutaan kali tetap gagal ini muka asli muka gw padahal benar sangat aneh dan meresahkan",2025,livin,mandiri bank sangat resah ribet menghawatirkan banding bank salah contoh ganti handphone kedip juta gagal muka asli muka sangat aneh resah,-2,negatif
Dera Amanda Oktavia,"lag mulu napa dah, jaringan bagus buka yang lain lancar giliran buka ini buset dah kudu sabar",2025,livin,lag napa jaring bagus buka lancar gilir buka buset kudu sabar,2,positif
Ilham Alpandi,"Suka benar ganggu, setiap mau melakukan transaksi",2025,livin,suka ganggu transaksi,0,netral
Rut Manurung,kata nya nunggu 24 jam lah sekarang dah hampir 3 hari gagal terus,2025,livin,nunggu jam gagal,-1,negatif
Ready Rachman,"sekarang mandiri apa apa ada admin nya, knp hampir semua transaksi harus ada admin nya?",2025,livin,mandiri transaksi,0,netral
mas ikin,sangat buruk pelayanan nya gak sesuai,2025,livin,sangat buruk layan tidak sesuai,-1,negatif
Lutfi Yanto,banyak ganguan payah,2025,livin,ganguan payah,0,netral
Noorman Akhmad,gara gara punya simpel saya nggak bisa buka rekening lewat livin,2025,livin,gara gara simpel tidak bisa buka rekening livin,0,netral
Dolar Damanik,heran saya..kok bisa setiap saya buka aplikasi ini selalu tak bisa masuk..padahal saya sudah terdaftar di aplikasi Livin...setiap saya buka yg muncul adalah seolah-olah saya ini blm pernah terdaftar...saya disuruh mendaftar seolah saya blm terdaftar...bgmna ini..?,2025,livin,heran sayakok bisa buka aplikasi bisa masukpadahal daftar aplikasi livinsetiap buka muncul seolaholah terdaftarsaya suruh daftar terdaftarbgmna,0,netral
Pes 2018,"setiap hari ada aja gangguannya ini aplikasi heran gapernah bagus""",2025,livin,ganggu aplikasi heran gapernah bagus,0,netral
Andi Purnomo,"susah sekarang, harus pakai Verivikasi wajah juga udah gitu gak bisa-bisa, semakin gak jelas.",2025,livin,susah pakai verivikasi wajah gitu tidak bisabisa tidak,-1,negatif
Raden Cipta Mas,verifikasi wajah susah!!! padahal mau ganti nomor hp.,2025,livin,verifikasi wajah susah ganti nomor handphone,-1,negatif
Gunawan Ariesandi,aplikasi busuk sering gangguan,2025,livin,aplikasi busuk ganggu,-1,negatif
Dedi sugiyanto,scand wajah kedip berkali kali gak kebaca terus tolong di kasih cara login lain,2025,livin,scand wajah kedip kali tidak baca tolong kasih login,0,netral
Yovinna Lilya,mengganggu,2025,livin,ganggu,-1,negatif
ipman stronger,"penanganan buruk, gagal transaksi dengan alasan pembayaran tertunda tapi saldo tidak dikembalikan janji hanya 10 hari penanganan dan saldo akan dikembalikan tapi sudah 12 hari tidak di tangani samasekali sampai sekarang masih tertunda",2025,livin,tangan buruk gagal transaksi alas bayar tunda saldo tidak kembali janji tangan saldo kembali tidak tangan samasekali tunda,-2,negatif
Prapty 95,"kenapa saldo saya tidak bisa di tarik semua, kenapa harus sisain 40000?",2025,livin,saldo tidak bisa tarik sisain,0,netral
arty qusaini,sulit login,2025,livin,sulit login,-1,negatif
Dipa Satrialelana,jelek. loading sering lama,2025,livin,jelek loading lama,-3,negatif
Denmas Ryohan,Sangat Lemot parah,2025,livin,sangat lama parah,-2,negatif
The Hakams,"aplikasi taik selalu ""tidak terhubung"". Orang2 Gaji gede tapi corrupt. Sampah",2025,livin,aplikasi taik tidak hubung orang gaji gede corrupt sampah,0,netral
Nur Laili,"aplikasi tidak bisa di buka, ada tulisan sedang dalam panggilan padahal tidak ada panggilan sama sekali",2025,livin,aplikasi tidak bisa buka tulis panggil tidak panggil,0,netral
Stinika Musamma,"Udah lama nahan, akhirnya terpaksa kasih rating bintang 1 juga. Karena belum ada perubahan juga. Login lama sekali, kalau perlu pembayaran cashless, sangat memakan waktu & memalukan. Dikira jaringan tidak stabil, padahal memang aplikasinya yang sangat lambat. Tolong segera diperbaiki!",2025,livin,lama nahan paksa kasih rating bintang ubah login lama bayar cashless sangat makan malu jaring tidak stabil aplikasi sangat lambat tolong baik,-1,negatif
Rifki Septian,kntl mau transfer susah harus ada saldo banyak mulu,2025,livin,kntl transfer susah saldo,-1,negatif
Romie Kindi,Terlalu bnyk biaya admin. dikit2 ada admin dikit2 admih,2025,livin,bnyk biaya dikit dikit admih,0,netral
Gusti Made gustika,"Kenapa apl livin sekarang jelek sekali? Saldo masuk tidak terupdate, gimana cara kita lihat saldo kalau begini. tolong cepat di check dan di perbaiki. sangat parah sekali!! ini bikin saya ribut sama pihak mandiri gara gara masalah penagihan!! Saldo sudah saya isi di bilang tidak!! sekelas mandiri komen cuma bintang satu, lama lama bikin ngeri!!",2025,livin,apl livin jelek saldo masuk tidak terupdate lihat saldo tolong cepat check baik sangat parah ribut mandiri gara gara tagih saldo isi bilang tidak kelas mandiri komen bintang lama lama ngeri,-2,negatif
mokii. Id,kenapa saya tidak membuka aplikasi ?,2025,livin,tidak buka aplikasi,0,netral
Shayfudin Mulyo Utomo,makin sulit sering eror buat transaksi padahal transaksi d atm lancar,2025,livin,sulit error transaksi transaksi atm lancar,-1,negatif
Edi surojo,"Sistem nya sering Lemot, sering muter2, transaksi tertunda. aplikasi terhapus instal ulang rumit. Bahasa Inggris lagi. kurang Maximal.",2025,livin,sistem lama muter transaksi tunda aplikasi hapus instal ulang rumit bahasa inggris kurang maximal,-1,negatif
rizky sandi,sering gangguan,2025,livin,ganggu,-1,negatif
Giras Apriyan,"M-banking terlemot dari 5 apk yg saya punya. kalah dengan e wallet. Loading lama, sering gangguan, perawatan rutin terlamaaaa. transaksi sering pending",2025,livin,mbanking lot aplikasi kalah e wallet loading lama ganggu awat rutin terlamaa transaksi pending,-3,negatif
Nur intan Nawawi,ga jelas ga bisa kebuka buka masa🙄🙄🙄tolong dong astaga diperbaiki. nyesel pake mandiri.,2025,livin,tidak tidak bisa buka buka masatolong astaga baik nyesel pakai mandiri,1,positif
Yamaha Nmax,ini knpa dari tgl 1 Desember 2025 kemarin sampai ini saya tidak bsa login sampai sekarang? padahal sudah saya uninstall dan di instal kembali,2025,livin,knpa tgl desember kemarin tidak bsa login uninstall instal,0,netral
Dean Nugraha,"ini kenapa sih apk livin, aneh! vermuk ga berhasil"" kocak!",2025,livin,aplikasi livin aneh verifikasi muka tidak hasil kocak,0,netral
Surya Fairu,banyak kali bug nyaa... tolong diperbaiki lagiii,2025,livin,bug nyaa tolong baik lagi,1,positif
Sulis Amalia,saldo saya berkurang terus min masak bayar administrasi tiap hari mulai dari tgl 17 sama tanggal 18 November . sampai habis saldo saya. jadi ragu nyimpen uang dibank mandiri,2025,livin,saldo kurang masak bayar administrasi tgl tanggal november habis saldo ragu nyimpen uang bank mandiri,0,netral
Rivaldo Siregar,ini kenapa ya padahal top up gopay disini gratis tiba membayar melalui aplikasi mandiri harus bayar admin sangat menyesal sekali lihatnya,2025,livin,top up gopay gratis bayar aplikasi mandiri bayar sangat sesal lihat,1,positif
asraf,kenapa harus login lagi,2025,livin,login,0,netral
YOUTUBE Horor,"sudah saya hubungi semua nya,dari cs,wa dan semua,saya tanya perihal kenapa saya sudah isi token listrik di Livin,tapi di struknya tidak keluar nomor stroom nya,tapi jawaban hingga hari ini belum ada, bahkan saldo saya sudah terpotong",2025,livin,hubung nyadari cswa semuasaya perihal isi token listrik livintapi struknya tidak nomor stroom nyatapi saldo potong,0,netral
Finka Aulia Zahra,"aplikasi ribet, sering banget ada kendala ngga bisa diakses dan ngga dikasih tau cara penyelesaiannya, tindakannya lama kalo lagi ada kendala padahal lagi dibutuhin banget",2025,livin,aplikasi ribet banget kendala tidak bisa akses tidak kasih selesai tindak lama kendala dibutuhin banget,-4,negatif
Fitriani Ipit,"gimana cara mengembalikan akun saya, ada uang nya lagi😭😭😭 tolong pihak Livin Jagan menyusahkan kami dengan masuk aplikasi, sedang kn kami tidak tahu apa apa",2025,livin,kembali akun uang tolong livin jagan susah masuk aplikasi kn tidak,-1,negatif
Ahmad Amin Lumban Tobing,"aplikasih sangat buruk,saya menggunakan pembayaran qris tapi satatus pembayaran di tunda,dan saldo saya ditahan,diauruh lapor nunggu 10 hari kerja,tapi kenyataan nya lebih dari 10 hari kerja saldo saya tetap ga di kembaliin.ga usah pakaj mandiri dah yg lain.",2025,livin,aplikasih sangat buruksaya bayar qris satatus bayar tundadan saldo ditahandiauruh lapor nunggu kerjatapi nyata kerja saldo tidak kembaliinga pakaj mandiri,0,netral
Isma,teman saya transfer tapi uang gak masukk,2025,livin,teman transfer uang tidak masukk,0,netral
Abdan Ha,bagaimana ini? sudah berapa kali saya mengubah pin karena terblokir tapi tidak bisa log in kembali,2025,livin,ubah pin blokir tidak bisa log in,0,netral
STAY Koslet,bru saya hpus gegara blum terhubung apa mksd nya coba tpi sya coba lagi dowload apa bisa di buka,2025,livin,bru hpus gegara blum hubung maksud coba sya coba dowload bisa buka,0,netral
koko komamin,hadeuuhhh parah sudah 2 hari gak bisa beroperasi livin nya parah.. belum berhasil tersambung... parah mandiri parah,2025,livin,hadeuuhh parah tidak bisa operasi livin parah hasil sambung parah mandiri parah,-4,negatif
Seftyana Azzahra,"pas verifikasi wajah disuruh kedip, saya sudah kedip tapi tidak selesai² sampai berkali kali ulang tetap tidak bisa, tolong dong dibenerin capek sendiri daftarnya",2025,livin,cocok verifikasi wajah suruh kedip kedip tidak selesai kali ulang tidak bisa tolong dibenerin capek daftar,0,netral
Deta Dewanti,aplikasinya makin kesini makin buruk. mau log in aja susahnya minta ampuuunn,2025,livin,aplikasi kesini buruk log in susah ampuunn,-2,negatif
Riza Maulana,"Sumpah ya Livin sekarang jadi lemot banget masa cuma buat login loading nya lama banget, harus di refresh trus kan ngeselin. tolong dong pihak mandiri di benerin aplikasinya",2025,livin,sumpah livin lama banget login loading lama banget refresh ngeselin tolong mandiri benerin aplikasi,-3,negatif
Giska Elvina,ini gimana udah 3 hari ngga bisa dibuka aplikasinya,2025,livin,tidak bisa buka aplikasi,0,netral
Ican Sandewa,bnyk msalh login,2025,livin,bnyk msalh login,0,netral
Anak Rantau,"tolong dong, masa mau login lagi Ke aplikasi malah di suruh ke kantor Cabang, HP Baru Di Restart Jadi harus login ulang Eh malah Di suruh ke Kantor cabang. Harusnya metode login di ubah, Jangan cuma masukin Nomor kartu debit doang, Tapi ada metode login Nomor telepon, Email, Sandi dan pun, Atau upload dokumen untuk membuktikan Akun.",2025,livin,tolong login aplikasi suruh kantor cabang handphone restart login ulang eh suruh kantor cabang metode login ubah masukin nomor kartu debit metode login nomor telepon email sandi upload dokumen bukti akun,0,netral
Toni Susantolau,punya aku Livina sudah 2 hari gak bisa buka .sudah di komplain juga gak ada perbaikan,2025,livin,livina tidak bisa buka komplain tidak baik,1,positif
Muhammad Arief,scam aplikasih bodoh diribetin transfer doang harus pake jam yang tepat bodoh. kureng apknya,2025,livin,scam aplikasih bodoh diribetin transfer pakai jam bodoh reng apknya,0,netral
Jodi M7,operasional tidak optimal di persulit untuk transfer ke aplikasi dana atau top up dana TERLEBIH PAJAKNYA SEPERTI PEJABAT TIKUS KANTOR INDONESIA SERBA KENA PAJAK KETIKA BERTRANSAKSI,2025,livin,operasional tidak optimal sulit transfer aplikasi dana top up dana pajak jabat tikus kantor indonesia serba kena pajak transaksi,0,netral
Koo,kok aku Registrasi gk bisa sih pdhl bener,2025,livin,registrasi tidak bisa,0,netral
Briyan Han22,livin menganggu segala ad pemeliharaan jadi susah transaksi lama pula nyusahin gak bs org buru buru mau perlu NU ggu dlu dibperbaikajn tuh untuk pemeliharaan rutin nya jangan lama nyusahain,2025,livin,livin menganggu ad pelihara susah transaksi lama nyusahin tidak bs orang buru buru nu ggu dibperbaikajn pelihara rutin lama nyusahain,-3,negatif
Gilang R,aplikasi tidak bisa di buka knp ini,2025,livin,aplikasi tidak bisa buka,0,netral
Iroel Rania,"sebetulnya aplikasinya sdh lumayan bagus ,tapi sering minta update",2025,livin,aplikasi lumayan bagus update,1,positif
Muhamad Maulana,lemot banget klo mau login lama loading nyaa....pdahal sekelas e wallet aja apk nya ringan...ini kaya berat banget...heran...,2025,livin,lama banget login lama loading nyaapdahal kelas e wallet aplikasi ringanini kaya berat bangetheran,-3,negatif
Amanda Amelia Devi,"mau daftar pas masukin data ektp gabisa berulang kali sampe gagal, padahal gambar sudah keliatan terang dan jelas bisa dibaca",2025,livin,daftar cocok masukin data ektp tidak bisa ulang gagal gambar liat terang bisa baca,-1,negatif
Shandy Dendro,buka livin lama aplikasi jadi berat setelah update,2025,livin,buka livin lama aplikasi berat update,-1,negatif
Azhar Cendekia,"Login Verifikasi Wajah Sulitnya bukan main, padahal masuk akun sendiri, perbaiki lagi, bintang 2 dulu",2025,livin,login verifikasi wajah sulit main masuk akun baik bintang,0,netral
Memories 06,"kesulitan login saat verifikasi wajah, padahal sudah mengikuti instruksi berkedip",2025,livin,sulit login verifikasi wajah ikut instruksi kedip,-1,negatif
Moch Fatoni,sulitnya verifikasi wajah di app ini,2025,livin,sulit verifikasi wajah aplikasi,-1,negatif
Bela Ciro77,"tolong benarkan di apk nya saya tidak bisa daftar krna salam di apk nya alamat nya di ktp benar di apk salah, di ktp karsamenak di apk nya kersamenak",2025,livin,tolong benar aplikasi tidak bisa daftar krna salam aplikasi alamat ktp aplikasi salah ktp karsamenak aplikasi kersamenak,0,netral
Indra Wibowo 13,setiap bulan harus update terkadang juga per 2 minggu,2025,livin,update terkadang minggu,0,netral
Risti Yani,saya udah taun taun pake aplikasi liven baru kai ini ga bisa transfer udah 2 Minggu kenapa?,2025,livin,taun taun pakai aplikasi liven kai tidak bisa transfer minggu,0,netral
Yuli Lastri Wahyuni,kenapa ya sekarang jdi susah buka aplikasinya???selalu kembali ke menu utama..ada yg tau kah???,2025,livin,susah buka aplikasinyaselalu menu utamaada kah,-1,negatif
Sabaru Brilando,dikit-dikit erorr,2025,livin,dikitdikit erorr,0,netral
iskandar muda,gangguan ga bisa masuk livin aneh amt yah. harus bagai mna caranya boss,2025,livin,ganggu tidak bisa masuk livin aneh amt mna boss,-1,negatif
Salma Laudengi,kenapa tidak bisa masuk ke aplikasi livin kami sedang melakukan peningkatan untuk layanan ini jika ada kendala untuk login ke livin kunjungi kantor cabang mandiri,2025,livin,tidak bisa masuk aplikasi livin tingkat layan kendala login livin kunjung kantor cabang mandiri,-1,negatif
M.Daffa Ananda,"aplikasi apa kayak gini tiba² minta ganti pw minta nomor kartu pulak padahal saya belum punya kartu, kembalikan saldo saya",2025,livin,aplikasi gin ganti pw nomor kartu pulak kartu kembali saldo,0,netral
Midah,"lancar sih pake aplikasi Livin, tapi selalu apdet terus giliran di apdet selalu instal ,udah itu giliran dibuka harus daptar lagi,udah mah susah daptarnya harus ke bank, jadi pusing deh",2025,livin,lancar pakai aplikasi livin apdet gilir apdet instal gilir buka daptar lagiudah mah susah daptarnya bank pusing,0,netral
pangersa mama,susah login,2025,livin,susah login,-1,negatif
Cholifatul Jannah Febria,"buka WA muncul iklan ini, buka Facebook muncul iklan ini juga. Buka app lain juga muncul iklan Livin. Kenapa iklan ini selalu muncul terus? Keselll nggak bisa di skip 🫩",2025,livin,buka wa muncul iklan buka facebook muncul iklan buka aplikasi muncul iklan livin iklan muncul kesell tidak bisa skip,0,netral
Reffy Lombok,kenapa tiba-tiba aplikasi liviisy GK BSA d buka . Dengan keterangan system hp anda tdak mendukung,2025,livin,tibatiba aplikasi liviisy tidak bsa buka terang system handphone tdak dukung,0,netral
Mia Rosa,"lama banget loading nya, dibandingkan aplikasi mobile banking lain jujur lama banget mandiri nih, mohon diperbaiki",2025,livin,lama banget loading banding aplikasi mobile banking jujur lama banget mandiri mohon baik,-2,negatif
Randy Andrandika,"payah lh livin. buat masuk pake verifikasi muka ajj susah bgt. mata org udah ngedip sampe sakit matapun gx bisa"". parah. HP udh bagus jg masih lemot",2025,livin,payah lh livin masuk pakai verifikasi muka ajj susah banget mata orang ngedip sakit mata gx bisa parah handphone bagus lama,-2,negatif
Santoso,"kenapa kalau setiap login susah, selalu gagal padahal jaringan full",2025,livin,login susah gagal jaring full,-2,negatif
cantika,"tdk bs trx di atas jam 12 malam, saya mau trf VA utk pembelanjaan alfagift (app) gabisa keterangannya trx tdk bs diproses.. mohon utk dipermudah pembayaran mbankingnya. sdh sering seperti ini menghambat trx",2025,livin,tidak bs trx jam malam trf va belanja alfagift aplikasi tidak bisa terang trx tidak bs proses mohon mudah bayar mbankingnya hambat trx,1,positif
Mas Been,"mau pake rekening mandiri,,, ko lemot ya? login trs,,, pasword trs,,, lama2 capek jg😡😡😡",2025,livin,pakai rekening mandiri lama login pasword lama capek,-2,negatif
Ahmad Fauzi,ada apa dgn livn ini kok mau transaksi lelet banget buka apk nyq,2025,livin,livn transaksi lelet banget buka aplikasi nyq,0,netral
Ainun rahma,"apa sih ini Livin, login lmbat lemot , ngebag Mulu di abdaite trus masih lemot mnding pindah ATM BRI apa Livin di pelihara lama2 nggak jelas , gw mau narik susah bnget klw belum siap rilis nggak usah di rilis",2025,livin,livin login lmbat lama ngebag abdaite lama mnding pindah atm bri livin pelihara lama tidak narik susah bnget klw rilis tidak rilis,-4,negatif
apenk 123,sering eror,2025,livin,error,-1,negatif
DAFFA,payah untuk sekarang topup ke e wallet manapun pake admin kemaren kmaren enggak.,2025,livin,payah topup e wallet mana pakai kemaren kmaren,0,netral
Agung Wahyu setiawan,akhir akhir ini terlalu banyak potongan sangat di sayangkan sekali.,2025,livin,potong sangat sayang,0,netral
rangga vidianto,"saya baru buat Livin by mandiri tetapi saya belum membuat kartu fisik tadi saya mencoba mentransfer saldo dari dana,tetapi saya cek di Livin mandiri saya tidak ada sedangkan di dana sudah terkirim sukses",2025,livin,livin by mandiri kartu fisik coba transfer saldo danatetapi cek livin mandiri tidak dana kirim sukses,0,netral
dhea nofianty,"loading Mulu, gak bisa diakses 2 hari. uang gue cuy gak bisa buat belanja gak bisa di akses 2 hari",2025,livin,loading tidak bisa akses uang bro tidak bisa belanja tidak bisa akses,-1,negatif
Abi Dayu,apk tidak dapat di buka .. sering eroor,2025,livin,aplikasi tidak buka eroor,0,netral
Wisnu Haryadi (Beno),Aplikasi sering crash.. tidak dapat di buka..,2025,livin,aplikasi crash tidak buka,-1,negatif
Titin Novianti,maaf kak setiap saya login lagi ada perbaikan Mulu harus langsung ke bank mandiri yh gimana ini kak kasih solusi yah🙏,2025,livin,maaf login baik langsung bank mandiri yh kasih solusi,1,positif
Jumiati Jumiati,lelet buat masuknya,2025,livin,lelet masuk,0,netral
Jeyna Felix,livin TAIk conectivitas sampai sekarang tidak di perbaiki,2025,livin,livin taik conectivitas tidak baik,1,positif
Hamira Mikayla,"knp ya susah sekali buat masuk, slalu gagal....",2025,livin,susah masuk slalu gagal,-2,negatif
Yunus Wahyu Setiawan,belum bisa digunakan untuk si HP Vivo X300Pro,2025,livin,bisa si handphone vivo pro,0,netral
Muhammad Muhammad,sekarang setiap transaksi besar atau pun kecil di kenakan biaya.. parah makin kesini bukan malah bagus malah tambah ngerugiin aja.,2025,livin,transaksi kena biaya parah kesini bagus ngerugiin,0,netral
King Comel,"kenapa sekarang livin kok kena biaya transaksi ya ..VA mandiri Rp 1500, topup ewallet Rp 1000, da gak nyaman lagi, gunakan livin ini.",2025,livin,livin kena biaya transaksi va mandiri rp topup ewallet rp da tidak nyaman livin,1,positif
Pongky Setiawan,"sudah 2 minggu ini ngga bisa transaksi Qris??? baca Qris bisa tp ketika mau klik pembayaran, aplikasi ngeLAG??? Ampun dah",2025,livin,minggu tidak bisa transaksi qris baca qris bisa klik bayar aplikasi ngelag ampun,0,netral
Muhammad Sholehuddin,sekarang loading awalnya lama banget..kadang gagal loading mulu,2025,livin,loading lama bangetkadang gagal loading,-4,negatif
Fajri Almalik,tidak ada fitur pinjaman nya,2025,livin,tidak fitur pinjam,0,netral
Rufinsa Dimas 32,eror terus kalau dibuka loadingnya lama,2025,livin,error buka loadingnya lama,-2,negatif
Sari Wijayanti,"min gimana si ko aplikasinya tiap masuk mau login selalu kembali lagi,",2025,livin,si aplikasi masuk login,0,netral
Nur Fajria,kenapa skrng lemot banget,2025,livin,skrng lama banget,-1,negatif
sabil Dipanagara,"bruh, udh maksa karyawannya nyari nasabah, tpi kualitas apknya ga bagus, ini gua mau masuk Livin aja berulang kali gagal trus, loadingnya lama",2025,livin,bruh maksa karyawannya nyari nasabah kualitas apknya tidak bagus masuk livin ulang gagal loadingnya lama,-1,negatif
SIGIT ISMAIL,saya ganti rating nya dengan alasan tidak bisa di gunakan dengan baik,2025,livin,ganti rating alas tidak bisa,0,netral
Abdul Rohim,"Saya baru bikin 2 minggu yang lalu ,terus pas giliran mau masuk salah sandi ,udh ubah sandi gabisa harus masukin no kartu nya sedangkan saya gatau no kartu nya ,gmna itu yah bisakah bantu",2025,livin,minggu cocok gilir masuk salah sandi ubah sandi tidak bisa masukin no kartu gatau no kartu gmna bantu,0,netral
Nurul Anisa,login nya lama banget,2025,livin,login lama banget,-1,negatif
Rian Sprt,dari bulan bulan kemaren sampai bulan sekarang kenapa livin tidak bisa login login yah. ada gambar sistem gambar perbaikan terus. gimana mau bertransaksi kalo kaya gini terus apk livinya. tolong dong siatemnya cepat di perbaiki.,2025,livin,kemaren livin tidak bisa login login gambar sistem gambar baik transaksi kaya gin aplikasi livinya tolong siatemnya cepat baik,3,positif
Mashfiyatur Rohmah,kenapa akhir akhir ini sering eror ya,2025,livin,error,-1,negatif
Ramdan Nafisa,Kenapa setiap mau transaksi jam 23:00 ga bisa mulu,2025,livin,transaksi jam tidak bisa,0,netral
Sri Wahyuni,sekarang fiturnya sedikit lemot ditambah top up e-wallet sekarang ada adminnya yah dulu selalu bebas top-up semenjak ada adminnya jadi ganti ke yang lain,2025,livin,fiturnya lama tambah top up ewallet adminnya bebas topup semenjak adminnya ganti,0,netral
Sugiri Kamadiah,susah di buka,2025,livin,susah buka,-1,negatif
Cctv-Merauke Oyi,tidak bisa login sudah d coba beberapa kali juga.,2025,livin,tidak bisa login coba,0,netral
Chairul Chaya,tolong bantu saya daftar livin karna terjadi eror terus setelah mendapat kode OTP,2025,livin,tolong bantu daftar livin error kode one time password,-1,negatif
Bintang Purna,"hadeuh ini gimana coba, mau di tf ke dana aja pake ribet banget padahal nomer nya udah bener masih aja gak bisa, udh berulang kali nyoba tetep aja salah tolong di perbaiki biar para pengguna gak pada ngeluhhh",2025,livin,hadeuh coba transfer dana pakai ribet banget nomer tidak bisa ulang nyoba tetep salah tolong baik guna tidak ngeluhh,0,netral
Abd Salehyusuf,sering error kadang Gabisa login ke dalam aplikasi,2025,livin,error kadang tidak bisa login aplikasi,-1,negatif
Rabillah Nawyy,kesel min kenapa gk bisa di buka selalu berhenti dan tertutup sendiri palikasinya. udh uninstal dan instal pun tetap gk bisa di buka,2025,livin,kesel tidak bisa buka henti tutup palikasinya uninstal instal tidak bisa buka,0,netral
Su Trisno,aplikasi living saya kok bisa hilang sendiri,2025,livin,aplikasi living bisa hilang,0,netral
Budi ono,sulit sekali loding nya lemot,2025,livin,sulit loding lama,-2,negatif
Stitch blue,"min , saya daftar online livin, terus update . kartu fisik kan belom ada, jadimau login gabisa ??? mohon bantu",2025,livin,daftar online livin update kartu fisik bom jadimau login tidak bisa mohon bantu,0,netral
Hemmm Apa,kenapa saya tidak menerima kartu ATM saya sampai sekarang padahal status sudah terkirim ke penerima tapi kartu tidak saya terima sama sekali,2025,livin,tidak terima kartu atm status kirim terima kartu tidak terima,0,netral
Adysta Abitama A.,"Dari sekian banyak fitur, tapi salah satu fitur yang paling esensial ga ada yaitu nyimpen nomor orang2 yang sudah pernah kita transfer. Yang ada yang cuma baru2 ini transfer aja. Padahal fitur simpel & mendadar lho ini, ah payah 👎🏼. Sudah gitu sekarang semua transaksi, mau top up apa pun dikasi fee, halah, dulu ga ada. Ada fee pun itu dari aplikasi bersangkutan bukan di livin nya",2025,livin,sekian fitur salah fitur esensial tidak nyimpen nomor orang transfer transfer fitur simpel dadar lho ah payah gitu transaksi top up kasi fee halah tidak fee aplikasi sangkut livin,1,positif
Dika Samosir,"Tolong Di Perbaiki lagi lah, Setiap Saya Mau Top up E-Wallet selalu bermasalah nomor tidak di temukan. Padahal saya mau top up ke E-Wallet sendiri bermasalah. tolong di perbaiki",2025,livin,tolong baik top up ewallet masalah nomor tidak temu top up ewallet masalah tolong baik,2,positif
Sebastianus Ocky Herlambang,"aplikasi lemot banget, udah masuk aplikasi tiba2 keluar sendiri... sinyal bagus padahal.. tolong lah segera perbaiki, ini kan Bank terbesar katanya... buat aplikasi saja error mulu..",2025,livin,aplikasi lama banget masuk aplikasi sinyal bagus tolong baik bank besar aplikasi error,0,netral
Lolaapriliastivani Stivani,tiap-tiap harus update kenapa sih ga 1tahun 2x aja,2025,livin,tiaptiap update tidak,0,netral
Surad Jianto,"kenapa sekarang jadi ada biaya layanan,padahal tiap bulan sudah ada potongan biaya admin. ini bisa mempermlarat nasabah...!!!",2025,livin,biaya layananpadahal potong biaya bisa mempermlarat nasabah,0,netral
Hima Wati,"kenapa livin' mandiri sy tidak bisa dibuka, stiap sy buka disuruh ganti pasword setelah sy ganti pasword sm masukin tgl lahir, bulan, dan tahun lahir, tp setelah itu selalu ada pemberitahuan bahwa tgl lahir sy salah, padahal sy sudh memasukkan tgl lahir dan semuanya dengan benar",2025,livin,livin mandiri tidak bisa buka stiap buka suruh ganti pasword ganti pasword masukin tgl lahir lahir pemberitahuan tgl lahir salah sudh masuk tgl lahir,0,netral
ala merlindao,"hello livin tolong dong update transaksi masuk, kalo banyak tf banyak. pusing juga sejak kapan dari mana. ya tolong",2025,livin,hello livin tolong update transaksi masuk transfer pusing tolong,0,netral
Kahil Akbar,G bisa di Download,2025,livin,tidak bisa download,0,netral
Rizky Asshidiq,ga mbankingnya engga mesin atm LEMOTTT SEMUA,2025,livin,tidak mbankingnya engga mesin atm lemott,0,netral
Akungame Coc7,"saya kemarin meminta pembuatan card mandiri,blm datang juga,saya ganti hp jadi pemindahan akun,padahal udaa ada card digital,ga bisaa juga masuk ke apk livin",2025,livin,kemarin buat card mandiriblm jugasaya ganti handphone pindah akunpadahal udaa card digitalga bisaa masuk aplikasi livin,0,netral
Felix Ardian,tidak ada KSM lagi,2025,livin,tidak ksm,0,netral
aa Aldi Chanel,ko loading trus ya gabisa didownload padahal apk lain bisa aka,2025,livin,loading tidak bisa didownload aplikasi bisa aka,-1,negatif
Sopian pian,"selamat siang, saya mau tanya perihal input no npwp saya kenapa tidak bisa di input via apk ya? padahl sudah benar",2025,livin,selamat siang perihal input no npwp tidak bisa input aplikasi padahl,0,netral
Mitha Tresnasari,"permisi, ini saya mau melapor soal bug yang saya temukan saat memeriksa mutasi rekening, ini saya sudah jelas"" ngefilter memeriksa hanya untuk bulan desember 2025, tpi hasil search yg ditampilkan knpa mlah hasil mutasi dari bulan november 2025 smpe januari 2025, ini sma aja ngesearch semua bulan tanpa filter, tolong perbaiki sistem filternya",2025,livin,permisi lapor bug temu periksa mutasi rekening ngefilter periksa desember hasil search tampil knpa mlah hasil mutasi november smpe januari ngesearch filter tolong baik sistem filter,1,positif
Bayu adi,gak jelas nih kdang apk mau masuk muter muter trus,2025,livin,tidak kdang aplikasi masuk muter muter,0,netral
DendriRamadan123,"kalo maintenance jangan kelamaan, maintenance hampir 2 jam hadehh",2025,livin,maintenance maintenance jam hadehh,0,netral
Fahri Alghifari,jelek terlalu ribet .gk sperti .brimo simpel dan bank lainnya,2025,livin,jelek ribet tidak sperti brimo simpel bank,-2,negatif
Mejura Hijab,ini kenapa gak bisa dibuka ya tertulis anda sedang dalam panggilan atau internet meet demi keamanan anda kembali beberapa saat lagi padahal gak adalam panggilan telepon,2025,livin,tidak bisa buka tulis panggil internet meet aman tidak adalam panggil telepon,1,positif
One Time,"susah login sekarang nih,alesannya sedang dalam peningkatan layanan",2025,livin,susah login nihalesannya tingkat layan,-1,negatif
Rosiin Rosiin,"kenapa Livin gak bisa buat top up ,transfer dan lain nya , padahal saat ini butuh banget",2025,livin,livin tidak bisa top up transfer butuh banget,1,positif
EQUILIBRIUM,"Akhir akhir ini sering tak bisa membuka aplikasi, selalu muncul Notif "" Belum berhasil Terhubung!. kami sedang mengecek hal ini.silahkan coba lagi atau kembali beberapa saat lagi ya"". Ini sdh berlangsung selama dua hari, saya mencoba aplikasi bank lain pada saat yg sama lancar lancar saja, Tolong segera di perbaiki Livin Mandiri!",2025,livin,bisa buka aplikasi muncul notif hasil hubung ecek inisilahkan coba coba aplikasi bank lancar lancar tolong baik livin mandiri,3,positif
Cah Mblegedhes,"Mandiri payroll, kenapa banyak sekali potongan administrasi di akhir bulan",2025,livin,mandiri payroll potong administrasi,0,netral
Hendi Hendi,Ini knp baru mau login ke livin ga bisa ada bacaan layanan tidak tersedia sementara sampai kapan begini udah nunggu dari 2 minggu,2025,livin,login livin tidak bisa baca layan tidak sedia nunggu minggu,0,netral
Muhammad Fitrianto,"per hari ini, tiba-tiba livin' saya log-out sendiri dan saat mau log-in lagi tidak bisa tertulis ""layanan sementara tidak tersedia"" padahal sudah memasukkan nomor kartu dan otp dengan benar.",2025,livin,tibatiba livin logout login tidak bisa tulis layan tidak sedia masuk nomor kartu one time password,-1,negatif
Ex Trame,sulit buka aplikasi loading lama padahal jaringan kencang,2025,livin,sulit buka aplikasi loading lama jaring kencang,-3,negatif
Aishwa Aishwa,𝚔𝚎𝚗𝚊𝚙𝚊 𝚍𝚒𝚜𝚊𝚊𝚝 𝚖𝚊𝚞 𝚋𝚞𝚔𝚊 𝚕𝚒𝚟𝚒𝚗 𝚒𝚝𝚞 𝚕𝚊𝚖𝚊 𝚋𝚊𝚗𝚐𝚎𝚝 𝚖𝚊𝚕𝚊𝚑 𝚜𝚝𝚊𝚢 𝚍𝚒𝚕𝚘𝚐𝚘 𝚕𝚒𝚟𝚒𝚗... 𝚊𝚔𝚑𝚒𝚛𝚗𝚢𝚊 𝚞𝚗𝚒𝚗𝚜𝚝𝚊𝚕𝚕 𝚎𝚎𝚑𝚑 𝚐𝚒𝚕𝚒𝚛𝚊𝚗 𝚞𝚍𝚊𝚑 𝚍𝚒𝚒𝚗𝚜𝚝𝚊𝚕 𝚕𝚊𝚐𝚒 𝚖𝚊𝚕𝚊𝚑 𝚕𝚘𝚐𝚒𝚗 𝚕𝚊𝚐𝚒𝚗𝚢𝚊 𝚜𝚞𝚜𝚊𝚑,2025,livin,,0,netral
sILVanastOry,Sulit sekali aktivasi ATM mandiri,2025,livin,sulit aktivasi atm mandiri,-1,negatif
muhamad fatkhur rohman,terlalu sering maintainance... menghambat pekerjaan...,2025,livin,maintainance hambat kerja,0,netral
Lana Jaya799,"lelet apa buka aplikasi pertama,ga kaya yang lain",2025,livin,lelet buka aplikasi pertamaga kaya,0,netral
Ahmad Bakri,ga bisa login lgi. aneh banget ..,2025,livin,tidak bisa login lgi aneh banget,0,netral
Tikka Soewarso,kok gak bisa dibuka ya... ☹️,2025,livin,tidak bisa buka,0,netral
Nursham Torro,"aduh ini kenapa kalo mau masuk ajh loding nya lama bgt si , muter muter daong ga jelas !! tolong di perbaiki lahh !!",2025,livin,aduh masuk ajh loding lama banget si muter muter daong tidak tolong baik lahh,0,netral
dede mamung,knpa HP Vivo Y33S.ram 8 kga bisa pakai Livin mandiri.ya sedang yg HP itel ram 2 bisa pakai Livin ..,2025,livin,knpa handphone vivo y sram kga bisa pakai livin mandiriya handphone itel ram bisa pakai livin,0,netral
Lusy Aulia Fatriana,"gimana sih ini?saya mau login pake perangkat baru kok ngga bisa?pdhl saya sudah logout dr perangkat lama saya,dan aplikasi di perangkat yg lama sdh di uninstal?",2025,livin,inisaya login pakai perangkat tidak bisapdhl logout perangkat lama sayadan aplikasi perangkat lama uninstal,-3,negatif
Melati Kurnia Waas,"ini kenapa saya coba daftar online nik mama saya di bilang tidak terdaftar ya ?? dah itu jenis pekerjaannya harus ada kerjaan, padahal gk semua orang kerja !!! orang tua pun kerja serabutan gk ada nama perusahaan harus isi ini itu, RIBET !!! ada fitur buka secara online kalau ribet begini mening ilangin aja !!!!",2025,livin,coba daftar online nik mama bilang tidak daftar jenis kerja kerja tidak orang kerja orang tua kerja serabutan tidak nama usaha isi ribet fitur buka online ribet ning ilangin,-2,negatif
Shanum Humaira,"kenapa setiap login lama sekali, kadang butuh ber ulang² untuk bisa login ke aplikasi nya",2025,livin,login lama kadang butuh ber ulang bisa login aplikasi,-1,negatif
Nara Suben,"kenapa buat topup di beberapa tempat tidak bisa diproses, kenapa dibatasi gak wort it banget",2025,livin,topup tidak bisa proses batas tidak wort it banget,0,netral
Lix Store,"SUSAH VERIFIKASI MUKA!! UDAH 10X VERIFIKASI MUKA GAGAL UDAH GESER KESANA KESINI KESITU ALHASIL MASIH GAGAL, AKHIRNYA MUTUSIN BUAT UNINSTALL DAN GANTI KE BANK YANG GA SUSAH BUAT DAFTARNYA!!",2025,livin,susah verifikasi muka verifikasi muka gagal geser kesana kesini kesitu alhasil gagal mutusin uninstall ganti bank tidak susah daftar,-4,negatif
Claim Jht,kecewa recomendasikan Livin malah 2x eror log in. tolong di perbaiki segera😮‍💨,2025,livin,kecewa recomendasikan livin error log in tolong baik,-1,negatif
Jero Saputra,tolong pihak livin' by mandiri saya sangat kecewa pengantaran kartu pisik kurir tidak bertanggung jawab sudah nunggu lama satu bulan lamanya udah gitu di antar kemana info notif sudah di terima keluarga serumah nyatanya nama penerima bukan pihak keluarga saya tidak ada dekat rumah saya juga di mana tanggung jawabnya,2025,livin,tolong livin by mandiri sangat kecewa antar kartu pisik kurir tidak tanggung nunggu lama gitu mana info notif terima keluarga rumah nama terima keluarga tidak rumah tanggung,-2,negatif
Dewi nurwida,"sebulan 2 x potongan,trus pakai admin LG biasanya tidak🤦.",2025,livin,bulan potongantrus pakai tidak,0,netral
Muhammad Zakki Syaifullah,Tiap mau masuk atau login selalu rpt-02. Tolong jgn ada rpt-02. Pkeasa !!!,2025,livin,masuk login rpt tolong rpt pkeasa,0,netral
Andris Sheva,"saya baru mau login kembali dengan no handphone baru dikarenakan no handphone yg lama sudah ga aktif dan lupa, saya sudah datang ke cabang 2x yg ke 2x bisa di proses tapi bilangnya nunggu 7 hari kerja di coba terus login smpe sekarang udh hampir 2 bulan tetep gabisa login",2025,livin,login no handphone no handphone lama tidak aktif lupa cabang bisa proses bilang nunggu kerja coba login smpe tetep tidak bisa login,-1,negatif
138_mansyur syamsuri,gajelas kalo tengah malem sering banget gagal transaksinya,2025,livin,tidak malem banget gagal transaksi,-1,negatif
Raffasya Kafeel,setiap mau masuk aplikasi balik lagi terus .. pas di update ulang isi nomer kartu dan tanggal lahir pas di klik malah balik lagi ke layar semula ini gmna si aplikasi tanpa memberi tahu apa kesalahan nya,2025,livin,masuk aplikasi cocok update ulang isi nomer kartu tanggal lahir cocok klik layar gmna si aplikasi salah,0,netral
Talitha Aristawati,mau ikut join livin tapi pas mau masuk nya gabisa harus mengajukan ke amanan kartu jadi gimna nih solusinya biar tidak seperti ini terus padahal kartunya sudah aktif dan sama ingin lebih mudah join di livin tpi gitu ada kendala terus pas mau join,2025,livin,join livin cocok masuk tidak bisa aju aman kartu gimna solusi tidak kartu aktif mudah join livin gitu kendala cocok join,1,positif
Defy Faisal,sering eror ...apk tiba2 berhenti,2025,livin,error aplikasi henti,-1,negatif
Toro Ambari,iklan aplikas ini i sangat mengganggu sy,2025,livin,iklan aplikas i sangat ganggu,-1,negatif
AnnsZ Twinky,"kebanyakan Pemeliharaan sistem, gajelas banget Bank swasta sebelah aja ga seribet ini dah heran.",2025,livin,banyak pelihara sistem tidak banget bank swasta belah tidak seribet heran,0,netral
Riki Hermanto,"mau bayar pake qr aja susahnya minta ampun, kebanyakan maintenence",2025,livin,bayar pakai qr susah ampun banyak maintenence,-1,negatif
Agung Medi Chandra,"pendaftaran online,kartu nya ngak di kirim ke alamat yang udah di buat",2025,livin,daftar onlinekartu ngak kirim alamat,0,netral
Abdur Rohkim,"Livin saya tidak bisa login keluar"" sendiri dan tidak bisa buat masuk login , layanan tidak tersedia terus",2025,livin,livin tidak bisa login tidak bisa masuk login layan tidak sedia,0,netral
Andi Ikram Setiawan,aplikasinya bagus cuma bingung sdh di arahkan sama aplikasi ksih masuk pin dan pin yg di ksih msuk sdh bnar tiba2 pin salah di ulang 2 kali eh mncul pmbrthuan layanan tdk bs di lnjutkn silahkn ke cabang kdapnnya mohon di prbaiki kbijakannya agar tdk mmpersulit konsumen,2025,livin,aplikasi bagus bingung arah aplikasi ksih masuk pin pin ksih msuk bnar pin salah ulang eh mncul pmbrthuan layan tidak bs lnjutkn silahkn cabang kdapnnya mohon prbaiki kbijakannya tidak mmpersulit konsumen,0,netral
Urzuqney Fahma Dewata,"tolong servernya di perbaiki, sekarang mau masuk selalu gabisa. terus muncul peringatan bahwa livin tidak dapat digunakan di sistem operasi",2025,livin,tolong servernya baik masuk tidak bisa muncul ingat livin tidak sistem operasi,1,positif
Adonggg Kontol,sekarang gangguan terus .,2025,livin,ganggu,-1,negatif
Andi Akmal Fadhil,setiap hari selalu ada telepon yg mengganggu. sudah di reject berulang kali tapi tetap menelpon,2025,livin,telepon ganggu reject ulang telpon,-1,negatif
Anca Anca,udah daptar tapi tulisan login nya ilang,2025,livin,daptar tulis login ilang,0,netral
Sabilul Muttaqin,knp skrng mau log in gak bisa??,2025,livin,skrng log in tidak bisa,0,netral
Suwandi Andi,cepe lama lama aneh bet to up gk bisa qiuris gk bisa gunanya mentenent setiap mlm apan coba dari jm 9 30 gk bisa sama sekali sama jm 22 53,2025,livin,cepe lama lama aneh bet to up tidak bisa qiuris tidak bisa guna mentenent mlm apan coba jm tidak bisa jm,-2,negatif
Dani Febrianto,"setelah di update malah makin lemot anjir ni aplikasi kalo dibilang hp nya kentang, masa iya ram 8 internal 256 cuma buat livin doang berat si, yg bener lah update nya min woyy",2025,livin,update lama anjing aplikasi bilang handphone kentang iya ram internal livin berat si update woyy,-1,negatif
Alif Andani,kenapa sering lemot aplikasi ini ya,2025,livin,lama aplikasi,-1,negatif
KUSMAN FAMILY,kadang kadang jelek tidak bisa mengecek ye,2025,livin,kadang kadang jelek tidak bisa ecek ye,-1,negatif
iwan saje,atm saya terblokir padahal sudah memasukan nomor kartu atm tapi masih tidak bisa,2025,livin,atm blokir pasu nomor kartu atm tidak bisa,0,netral
Ainun Afida,kenapa saya tidak bisa mendaftar di aplikasi iki kemarin sudah daftar tapi keluar sendiri terus masuk lagi tidak bisa kenapa ya,2025,livin,tidak bisa daftar aplikasi iki kemarin daftar masuk tidak bisa,0,netral
Riki riki,mntaaff,2025,livin,mntaaff,0,netral
aprila s,"aplikasi keblokir, sudah lapor ke 14000 dan CS, sdh melebihi batas tunggu yg diinfokan masih saja tdk bs digunakan. berbeda dg aplikasi bank lain.",2025,livin,aplikasi blokir lapor customer service lebih batas tunggu info tidak bs beda dg aplikasi bank,0,netral
muslimin A.rachiman,"gimana sih ngga bisa bisa ,selalu tidak dapat diproses Mulu verifikasi nya",2025,livin,tidak bisa bisa tidak proses verifikasi,0,netral
Sabila Alvi,loading muluuu jadi lama kalau mau transaksi,2025,livin,loading muluu lama transaksi,-2,negatif
F N,"lemot bangettt parahhh org buru"" jadi ngga bisa.. muterrr aja ini aplikasi..",2025,livin,lama bangett parahh orang buru tidak bisa muterr aplikasi,-1,negatif
Kay vlog Chanel,"keluar notif terus dalam panggilan padahal tidak dipakai telpon kalo mau pakai harus restart hp , 1 kali dipakai notif lagi..kenapa jd eror gitu",2025,livin,notif panggil tidak pakai telpon pakai restart handphone pakai notif lagikenapa error gitu,-1,negatif
Muhammad Fajar Maulana,aplikasi lemot makin kesini makin kesana aplikasi nya,2025,livin,aplikasi lama kesini kesana aplikasi,-1,negatif
Tiyas Darmawan,"ini kok gak bisa dibuka ya, maaf saya kasih bintang 2",2025,livin,tidak bisa buka maaf kasih bintang,0,netral
wili ismanto,"parah sih mbanking yg satu ini, dikit2 nge lag dikit2 susah masuk, kluar tiba2 pula. jauh bgt sma si biru B*A tanpa problem",2025,livin,parah mbanking dikit nge lag dikit susah masuk kluar banget si biru ba problem,-2,negatif
Rohmad Andy Warhol,Semoga dalam login dan penggantian akun di permudah gak harus ke kantor cabang/pusat,2025,livin,moga login ganti akun mudah tidak kantor cabangpusat,1,positif
Matrawi Tawil,"sudah 4 hari ga bisa login padahal mau bayar ini itu, ribet padahal mingu lali normal",2025,livin,tidak bisa login bayar ribet mingu lali normal,-1,negatif
arif anwar,keseringan maintance,2025,livin,sering maintance,0,netral
Ana Putri Mardiyati,lemot banget,2025,livin,lama banget,-1,negatif
asvin maulana,halo admin bank mandiri kenapa ya livin paylater tdk bsa di gunakan lg pada saat scan transaksi?????,2025,livin,halo bank mandiri livin paylater tidak bsa scan transaksi,0,netral
reza sumarya,kenapa tidak ter sediah / tdk bisa menginstal di tabled samsung saya 🙏,2025,livin,tidak ter sediah tidak bisa menginstal tabled samsung,0,netral
Karel “AgiL” Leuwol,"qris selalu bermasalah, gagal bayar terus gimana ini",2025,livin,qris masalah gagal bayar,-2,negatif
Agus Irwanto,kenapa ini livin saya maju gak bisa kembali gak bisa😇😇,2025,livin,livin maju tidak bisa tidak bisa,0,netral
Adlin Sirait,"Sudah 2 minggu lebih tidak bisa buka livin, saat mau login selalu keluar sendiri",2025,livin,minggu tidak bisa buka livin login,0,netral
Warni Sukri p sada,kenapa ya aplikasi Livin by mandiri saat ini belum bisa di akses,2025,livin,aplikasi livin by mandiri bisa akses,0,netral
Nur Erna,kenapa ya livin nggak bisa login,2025,livin,livin tidak bisa login,0,netral
Tarmin Min,sangat baik,2025,livin,sangat,0,netral
Sarif Hidayat,"Tiap loading hrs 5 menit bahkan lebih ! sama saja dgn pencurian kuota, blm kerugian moril lain yg ga difikirin fihak mandiri !",2025,livin,loading hrs menit curi kuota rugi moril tidak difikirin fihak mandiri,-1,negatif
Abdul Azis,kenapa susah bngt daftar livinnya perbaiki lahh,2025,livin,susah banget daftar livinnya baik lahh,0,netral
arsya hayum,"hp saya rusak dan aplikasi livin terhapus Namun saat menginstal kembali dan memasukkan no kartu setelah memasukkan kode otp (Layanan tidak tersedia untuk sementara) dan itu sdh 2 hari, cara untuk mengatasi hal tersebut gmna caranya?",2025,livin,handphone rusak aplikasi livin hapus menginstal masuk no kartu masuk kode one time password layan tidak sedia atas gmna,0,netral
Ainun Nasihin,selalu kesusahan mau top up e-wallet pdhl nomor sudah benar,2025,livin,susah top up ewallet nomor,0,netral
Puang Bacolandrang,baik,2025,livin,,0,netral
Adrianus Sutarjo,kalau misalkan Ganti nomor saat dftr bisa gak y? soalnya nomor lama sudah d blokir,2025,livin,ganti nomor dftr bisa tidak y nomor lama blokir,-1,negatif
Budi Anto,"apa masalahnya disaat aplikasi dibuka,tapi aplikasi terus berhenti....",2025,livin,saat aplikasi dibukatapi aplikasi henti,0,netral
Indra Endom,"kenapa aplikasi sering banget lemot . di saat mau pakai buat transaksi pakai mbanking, sering bgt lemot. tolong segera di perbaiki agar mempermudah dalam bertransaksi",2025,livin,aplikasi banget lama pakai transaksi pakai mbanking banget lama tolong baik mudah transaksi,0,netral
Naya,"dari tdi verifikasi wajah suruh kedip,, mata sampai sakit, tapi ngk terverifikasi..",2025,livin,tdi verifikasi wajah suruh kedip mata sakit ngk verifikasi,0,netral
Ayip Hidayatulloh,"ini aplikasinya LG ganguan kah, mau TF Ama top up gagal mulu",2025,livin,aplikasi ganguan kah transfer ama top up gagal,0,netral
Rafli Salwasyafah,konfirmasi wajahya jadi susah sekarang...sebelum update enk enak aja...,2025,livin,konfirmasi wajahya susah sekarangsebelum update enk enak,-1,negatif
Cep Bernat,bermasalah saldo tidak masuk,2025,livin,masalah saldo tidak masuk,-1,negatif
Dwi Endah Safitri,Dibuka lama banget,2025,livin,buka lama banget,-1,negatif
Ivan Setiawan,"pembayaran dibatalkan beli kuota susah Susah,",2025,livin,bayar batal beli kuota susah susah,-2,negatif
Raffa Alif,knp sekarang susah banget buka living muter2 Mulu mau buat bayar jdi susah malu akhirnya nungguin lama tolong perbaiki sistem nya Kya dulu cepet .,2025,livin,susah banget buka living muter bayar susah malu nungguin lama tolong baik sistem kya cepet,-2,negatif
Kurnia Nanda,"baru buka tabungan tadi. terus mau transfer uang mlam j 9. susah betul, transaksi gagal terus. sekelas mandiri apa nggak bisa sewa IT yang bagusan dikit, atau yg berpengalaman. pecat aja lah IT yang sekarang, aplikasi bukan mempermudah malah mempersulit. mau transfer aja susah. mana admin gede, playayanan begini jelek nga. livin livin. mau transfer uang sendiri aja sulit minta ampun",2025,livin,buka tabung transfer uang mlam j susah transaksi gagal kelas mandiri tidak bisa sewa it bagus dikit alam pecat it aplikasi mudah sulit transfer susah gede playayanan jelek nga livin livin transfer uang sulit ampun,-4,negatif
Iin Pemalang,kenapa kartu fisik ku kenapa atas nama penerima nya Roni Masya Allah takut banget kartu ku dipakai Ama orang,2025,livin,kartu fisik ku nama terima roni masya allah takut banget kartu ku pakai ama orang,0,netral
Dermawan,livin nya lupa sandi sama lupa no kartunya,2025,livin,livin lupa sandi lupa no kartu,0,netral
Amal R,login nya susah dikit dikit sedang melakukan pembaruan.,2025,livin,login susah dikit dikit baru,-1,negatif
sulaiman young,"Min tolong banget di update aplikasi nya, soalnya saya pake vivo x300 dgn origin OS ga bisa dipake aplikasi livin nya karena os nya tidak mendukung. kalau sudah bisa nanti saya tambahin bintang nya",2025,livin,tolong banget update aplikasi pakai vivo origin os tidak bisa dipake aplikasi livin os tidak dukung bisa tambahin bintang,0,netral
sury adi,"abis di update ko malah jd lemot bgt, lamaaaaaaa bgt ky berat klo buka living skrg.. tolong lah di perbaiki biar ga nyusahin.. saya pke livin buat payrol.. mana potongan nya ga nentu gede bgt tiap bulan.. lemot pula",2025,livin,abis update lama banget lamaa banget ky berat buka living tolong baik tidak nyusahin pakai livin payrol potong tidak nentu gede banget lama,-1,negatif
Yudita Mali,"saya kasih 2 bintang dlu yah kak,Mohon bantuannya ini kenapa aplikasi Livinnya sudah instal, tapi mau daftar tidak bisa kak, minta pendapat dari kak, bagaimana solusinya biar saya bisa pakai Livin,",2025,livin,kasih bintang kakmohon bantu aplikasi livinnya instal daftar tidak bisa dapat solusi bisa pakai livin,0,netral
Syifa,jaringan full. loading lama,2025,livin,jaring full loading lama,-2,negatif
Putra Sptra,saya pernah daftar TPI g punya kartunya trus gmna cara login nya min selain datang ke cabang terdekat.,2025,livin,daftar tidak kartu gmna login cabang dekat,0,netral
Ujang Sumitra,pas awal buka apk agak lama loading nya,2025,livin,cocok buka aplikasi lama loading,-2,negatif
Yeni Yuniawati,"dulu kalau buat transaksi kemudian di kirim lewat whatsap bisa sekarang knapa tidak bisa, bukti transaksi tidak bisa di kirim",2025,livin,transaksi kirim whatsap bisa knapa tidak bisa bukti transaksi tidak bisa kirim,0,netral
Bastian Achmad,makin kesini makin sisah login kalo mau bayar atau tf nungguinnya kelamaan. tolong diperbaiki,2025,livin,kesini sisah login bayar transfer nungguinnya tolong baik,1,positif
Hari Yadi,"mau masuk susah banget, selalu muncul ""anda sedang dalam panggilan"" padahal hp standby, harus restart hp dulu kalo sudah kayak gitu, Mandiri, perbaiki lah.",2025,livin,masuk susah banget muncul panggil handphone standby restart handphone gitu mandiri baik,0,netral
Zaenal Muttaqin,Bajindul bayar iklan tiktok udah kena PPN 10% sekarang kena biaya admin 5% di Livin Total 15%. auto pindah haluan ke yang lain. Padahal setahun kebelakang gak ada biaya admin.,2025,livin,bajindul bayar iklan tiktok kena ppn kena biaya livin total auto pindah haluan tahun belakang tidak biaya,0,netral
Fernhando 19,"saya mau login ndak bisa, karena saya lupa kata sandi nya, di karena kan saya menguna kan sidik jari Tpi pagi ini mau login tidak menggunakan sidik jari jadi saya tidak bisa login",2025,livin,login ndak bisa lupa sandi menguna sidik jari pagi login tidak sidik jari tidak bisa login,0,netral
Jonathan Hutabarat,ribet dalam transaksik,2025,livin,ribet transaksik,-1,negatif
Hgvhg Hxhff,tiba2 gk bisa transaksi pas cobak login ulang malah GK bisa katanya perbaikan sistem tpi udah mau satu bulan kecewa bgt,2025,livin,tidak bisa transaksi cocok cobak login ulang tidak bisa baik sistem kecewa banget,0,netral
M Febriansyah Akbar Ali,Ini aplikasi sering error,2025,livin,aplikasi error,-1,negatif
Ariansa Putra,Terlalu sering error & pemeliharaan,2025,livin,error pelihara,-1,negatif
YAKIN MUCHAMMAD NURUL YAQIN,tolong ini pin saya ke blokir terus saya di suruh ubah pin di aplikasi gak bisa di suruh telfon Call center 14000 gak ada respon terus kantor cabang sabtu minggu libur ini gimana kan seharusnya lewat ponsel kan bisa kenapa harus ke cabang minta izin petunjuk nya,2025,livin,tolong pin blokir suruh ubah pin aplikasi tidak bisa suruh telfon call center tidak respon kantor cabang sabtu minggu libur ponsel bisa cabang izin tunjuk,0,netral
ari eka,"tiap malam pemeliharaan terus, ga bisa melakukan transaksi. kebanyakan pemiliharan.",2025,livin,malam pelihara tidak bisa transaksi banyak pemiliharan,0,netral
Efrizal,kenapa saldo livin saya terblokir,2025,livin,saldo livin blokir,0,netral
Anggih Ahm Shidiq,"Susah dibuka ini akhir akhir ini, padahal tidak sedang melakukan panggilan, videocall, dan meeteng online, coba tolong perbaiki LIVIN nya",2025,livin,susah buka tidak panggil videocall meeteng online coba tolong baik livin,0,netral
Rezkikhumairah,tidak bisa verifikasi wajah gagal mulu,2025,livin,tidak bisa verifikasi wajah gagal,-1,negatif
Nano Fakot,"aplikasi y sering s x belum terhubung Mulu, PDA hal sinyal bagus, ribet klu mau transaksi, kadang s hari an GK bisa d buka kadang 2 hari GK bisa d buka buka, kadang ada rasa ngeri y juga",2025,livin,aplikasi y s hubung pda sinyal bagus ribet transaksi kadang s an tidak bisa buka kadang tidak bisa buka buka kadang ngeri y,0,netral
Evi Sakuntala,"error Mulu,,, salah pasword,, install ulang,,g bisa masuk2,,, lg merepotkan,,, dunia digital malah merepotkan verifikasi nya,,, beda kyak lainnya,,, dah 1bln g pake living ini,,, masak hrus cuti ke bank mandiri. kerja masuk pagi terus ini,,, Sabtu bank mandiri nya tutup,,, ada kah solusinya ini,,,",2025,livin,error salah pasword install ulangg bisa masuk repot dunia digital repot verifikasi beda kyak bln tidak pakai living masak hrus cuti bank mandiri kerja masuk pagi sabtu bank mandiri tutup kah solusi,-3,negatif
Vian Adhi Nugroho,makin kesini buka aplikasi makin lemot parah sinyal bagus 5g tp lemot,2025,livin,kesini buka aplikasi lama parah sinyal bagus tidak lama,-2,negatif
Suyitno,bangking tiba tiba ngga bisa di buka aneh pdhal baru bkin kmarin,2025,livin,bangking tidak bisa buka aneh pdhal bkin kmarin,0,netral
Hanafi Hanafi,dr pagi gk bs dibuka livinnya,2025,livin,pagi tidak bs buka livinnya,0,netral
Boy 's,transaksi susah banget klo malam,2025,livin,transaksi susah banget malam,-1,negatif
Sindy Viani,"sering banget ngga bisa buka Livin Lola udah di muat ulang tetep ngga bisa kenapa ya kira""takutnya lagi butuh banget tapi ngga bisa dibuka",2025,livin,banget tidak bisa buka livin lola muat ulang tetep tidak bisa kiratakutnya butuh banget tidak bisa buka,0,netral
Rio Dandi,"isi pulsa, saldo udah kesedot malah proses nya tertunda",2025,livin,isi pulsa saldo sedot proses tunda,0,netral
Martha Laras Wati,kenapa kok sering bgt log out sendiri ya min?,2025,livin,banget log out,0,netral
Syam Adzura,"saya pake livin semenjak HP hilang,terus lapor ke kantor bank. akhirnya ganti nomor, tapi sampai saat ini tidak bisa pakai livin nya.",2025,livin,pakai livin semenjak handphone hilangterus lapor kantor bank ganti nomor tidak bisa pakai livin,0,netral
Yulia Irh,bagaimana mengatasi layanan tidak tersedia untuk sementara? sudah uninstall tapi tetep tidak bisa di gunakan,2025,livin,atas layan tidak sedia uninstall tetep tidak bisa,0,netral
Nmaxold,tidak puas dg pelayanan pegawai bank nya jauh sama bca mau buat kartu pisik aja minta ampun susah nya mesin cs disitu ga bisa eee hrs kepusat..memang nya kerjaan saya cuman ngurusi kartu debit aja...nanya ke satpam nya seolah2 ga peduli cabang demang tu,2025,livin,tidak puas dg layan pegawai bank bca kartu pisik ampun susah mesin customer service situ tidak bisa ee hrs kepusatmemang kerja cuman ngurusi kartu debit ajananya satpam tidak peduli cabang demang tu,0,netral
Adnan Syaifulloh,gabisa verif wajah min buset,2025,livin,tidak bisa verif wajah buset,0,netral
mohammad yusuf,"sudah 2x livin saya error status RTP-02, sudah diurus ke bank mandiri tetap saja belum bisa digunakan, masih saja RTP-02. BAGAIMANA INI....?",2025,livin,livin error status rtp urus bank mandiri bisa rtp,-1,negatif
Andi Saputra,ngelag terusss‼️‼️‼️,2025,livin,ngelag teruss,0,netral
ventra sinurat,"Verifikasi wajah sangat sulit,sudah di lakukan sesuai arahannya tetap aja gagal verifikasi wajah.",2025,livin,verifikasi wajah sangat sulitsudah laku sesuai arah gagal verifikasi wajah,-1,negatif
Devrian Eky,Bayar virtual account mulai bulan ini terkena admin 1500 per transaksi,2025,livin,bayar virtual account kena transaksi,0,netral
DANIA NANDA,ini kenapa Livin nya GK bsa dibuka...tiap buka aplikasinya selalu muncul tulisan 'di handphone anda tindak ada aplikasi yang tidak dikenal dan matikan fitur berbagi layar (share screen) atau kontrol handphone jarak jauh.,2025,livin,livin tidak bsa dibukatiap buka aplikasi muncul tulis handphone tindak aplikasi tidak kenal mati fitur bagi layar share screen kontrol handphone jarak,0,netral
Sholehah 777,Kenapa pas mau instal selalu gagal mohon solusi nya,2025,livin,cocok instal gagal mohon solusi,-1,negatif
Suharyanto Suharyanto,"kenapa gagal masuk terus ya, jaringan dalam pengecekan terus hampir 2 minggu, kecewa",2025,livin,gagal masuk jaring kece minggu kecewa,-2,negatif
Rendi 123,kenapa sering gangguan kalau mau tf ke dana,2025,livin,ganggu transfer dana,-1,negatif
Dedi Dores,"kenapa pas mau memasukkan pin Livin susah banget,udah ratusan kali tetap nggak bisa, kecewa banget tolong diperbaiki🙏🙏🙏",2025,livin,cocok masuk pin livin susah bangetudah ratus tidak bisa kecewa banget tolong baik,-1,negatif
Ester Rumbino,tolong data livin saya di kembalikan. kenapa bisa di minta ulang password baru??? tolong di perbaiki penyimpanan data saya. data saya terhapus dari livin??,2025,livin,tolong data livin kembali bisa ulang password tolong baik simpan data data hapus livin,1,positif
Mulyono,"kartu sudah diblokir tapi tiba tiba aktif sendiri,,, berkali kali ke kantor urus kartu gak kelar kelar",2025,livin,kartu blokir aktif kali kantor urus kartu tidak kelar kelar,0,netral
Edi Gunawan,sekarang jadi lemot banget masuk livin doang ge ampun ahh,2025,livin,lama banget masuk livin ge ampun ahh,-1,negatif
desyy R.h.m,perasaan kalo aplikasi jarang di buka . kalo mau buka lagi harus ganti pasword lagi.. sampe udah ganti2 trus.. jadinya lupa sandi.. harusnya kalo jarang di buka gausah harus ganti ps. bikin ribet.. udah ga bisa di ilangin lagi notifikasinya bikin kesel aja,2025,livin,asa aplikasi jarang buka buka ganti pasword ganti lupa sandi jarang buka gausah ganti ps ribet tidak bisa ilangin notifikasi kesel,-1,negatif
Siti Mariam,"baru bikin mandiri lewat hp,tapi belom dikasih nomor kartu debit nya brpa,pas mau login kan jdi gabisa LG karna gatau no debit nya brpa di chat lewat email ga di respon kartu ATM nya belom datang² gimana ya ini karna disitu ada saldo jdi gabisa diambil mau masuk gbisa hadeh",2025,livin,mandiri hptapi bom kasih nomor kartu debit brpapas login tidak bisa gatau no debit brpa chat email tidak respon kartu atm bom situ saldo tidak bisa ambil masuk gbisa hadeh,0,netral
Rita Anggraeni,aku sudah nyaman dengan Livin dari sejak buka livin 2017- Oktober 2025. tp mulai November 2025 Livin apa apa serba admin. yg tadinya JD ladang cuan..skrg down karna aturan baru ... byr virtual aja skrg admin smpe 2.500 😵‍💫 sepertinya mesti buka mbanking lain inimah yg ga ada admin nya kaya kmrin2 🙁,2025,livin,nyaman livin buka livin oktober november livin serba ladang cuanskrg down atur byr virtual smpe mesti buka mbanking inimah tidak kaya kmrin,0,netral
Salp 88,kenapa m banking saya eror gabisa dibuka yaaa,2025,livin,m banking error tidak bisa buka,-1,negatif
Riki All,"selamat siang BPK/ibu saya Rizky Ramadhan Syaputra gini loh PK/buk kok setiap mau gajian kenapa saldo ATM kmi kenak blok trusss,,, mohon kerjasama dan bantuannya ya PT mandiri yang terhormat, saya capek trus²an stiap ada saldo masuk pasti kenak blok,pdahal kmren udah kmi uruss masak begini lagi adminny",2025,livin,selamat siang bpkibu rizky ramadhan syaputra gin pkbuk gaji saldo atm kmi nak blok truss mohon kerjasama bantu pt mandiri hormat capek trusan stiap saldo masuk nak blokpdahal kemarin kmi uruss masak adminny,0,netral
Nurul Nieasha,"akhir akhir ini jelek banget sih livin selalu susah kalau buka dan tulisannya belum berhasil terhubung,pake wifi sama pake data juga ttp ga bisa di buka.. mana lagi urgent juga mau tf.. adeuh bisa tolong lebih di perbaiki ga sih sistemnya",2025,livin,jelek banget livin susah buka tulis hasil terhubungpake wifi pakai data tidak bisa buka urgent transfer adeuh bisa tolong baik tidak sistem,-1,negatif
saduloh zahria,"ini posisi sudah bayar tagihan CC,namun rekening masih diblokir. katanya dalam 1 x 24 jam akan otomatis blokiran dibuka.??",2025,livin,posisi bayar tagih ccnamun rekening blokir jam otomatis blokir buka,0,netral
Afnan Yazid,"walah weeee kalo bisa mentenence ada pemberitahuan nya dulu napa, terlanjur pesan tinggal bayar malah ga bisa di pake anying",2025,livin,walah wee bisa mentenence pemberitahuan napa lanjur pesan tinggal bayar tidak bisa pakai anying,0,netral
Jaenal Arifin,aplikasinya ga bisadi buka ada gangguan gmn caranya mrngatasinya,2025,livin,aplikasi tidak bisadi buka ganggu gmn mrngatasinya,-1,negatif
Hary Shorenk,aplikasi ke hapus pas dowlod lagi ngk bisa2 di karnakan gagal pada bagian verifikasi foto wajah udah 1 minggu ngk kebuka2 tolong di bantu.,2025,livin,aplikasi hapus cocok dowlod ngk bisa karnakan gagal verifikasi foto wajah minggu ngk buka tolong bantu,-1,negatif
Andi Abdillah,"kenapa aplikasi tidak bisa dibuka, meminta untuk menghapus aplikasi lainnya demi keamanan transaksi sedangkan saya tidak tau aplikasi apa yang harus dihapus",2025,livin,aplikasi tidak bisa buka hapus aplikasi aman transaksi tidak aplikasi hapus,1,positif
Intan Iskandar,habis di tf tp gak masuk pemberitahuan apa apa saldonya ttep gak nambah,2025,livin,habis transfer tidak masuk pemberitahuan saldo ttep tidak nambah,0,netral
dery tri,"aplikasi ini lemot, tidak stabil, susah dibuka di awalnya..",2025,livin,aplikasi lama tidak stabil susah buka,-1,negatif
Kaji Marbot,suka eror sendiri kalo.mau daftar,2025,livin,suka error kalomau daftar,0,netral
Jessica Caramello,"Mengapa gak bisa login ke mbanking mandiri yaa saya memang belum bikin kartu fisiknya tapi saya udah buka tabungan online tapi pas saya logout mau login lagi kok gak bisa, kok malah opsinya kembali keawal yaitu buka tabungan/login dengan debit atau kredit . lah saya kan gabisa ngakses rekening digitalnya dong gabisa transaksi online dong kalo gitu. Ini gimana tolong solusinya",2025,livin,tidak bisa login mbanking mandiri kartu fisik buka tabung online cocok logout login tidak bisa opsi awal buka tabunganlogin debit kredit tidak bisa ngakses rekening digital tidak bisa transaksi online gitu tolong solusi,-1,negatif
Suwarnot Pongky,"Sudah lama sekali saya payroll bank mandiri,dan saya juga sudah pakai livein tetapi kenapa di live in saya tidak power cas,kecewa rasanya bila ada keperluan tdk bisa KTA,,,,mohon penjelasan",2025,livin,lama payroll bank mandiridan pakai livein live in tidak power caskecewa perlu tidak bisa ktamohon jelas,-1,negatif
Al Adiet,kenapa di hp saya aplikasi livin mandirinya tidak bisa dibuka yah hp saya Xiaomi 14 5g muncul permintaan tidak dapat di proses. bagai mana yah biar bisa digunakan,2025,livin,handphone aplikasi livin mandiri tidak bisa buka handphone xiaomi tidak muncul minta tidak proses bisa,0,netral
Rahyqel Mahtum,"ayolah brooo, masak ngak bisa top up dana sih, padahal nomer nya udah valid",2025,livin,ayo bro masak ngak bisa top up dana nomer valid,1,positif
Adnan Riyadhi,"susah log in nya,ampun puter² terus..update tp tuk log in aja susah..mohon diperbaiki",2025,livin,susah log in nyaampun puter terusupdate tuk log in susahmohon baik,0,netral
Shikamaru _ (sabri),error tdk mau terbuka,2025,livin,error tidak buka,-1,negatif
yesi wahyuning,"kenapa sering sekali gak bisa dibuka, jadi terhambat transaksi nya, mohon perbaikan,",2025,livin,tidak bisa buka hambat transaksi mohon baik,1,positif
Roni Odegard,buat top up sering gangguan,2025,livin,top up ganggu,0,netral
Asri Rohayati,GK kuat gwh. duit gw di colong Mulu. yang awalanya 130 jadi 107 ribu. gimana mau ke kumpulnya,2025,livin,tidak kuat gwh uang colong awalanya ribu kumpul,0,netral
Desta Alkafin,plis livin ini kenapa ga bisa transfer tolong lah kenapa ni,2025,livin,tolong livin tidak bisa transfer tolong,0,netral
Cahya,"lola bgt,,,,,, tolong dong diperbaiki. padhal sinyal bagus tapi klo mau login susahhhhh bgt lamaaaa",2025,livin,lola banget tolong baik padhal sinyal bagus login susahh banget lamaa,2,positif
rio saputra,mohon maaf sy setiap mau login pasti langsung keluar lagi trs ada keterangan bug nya udah di laporkan tapi tetap ajatidak bisa,2025,livin,mohon maaf login langsung terang bug lapor ajatidak bisa,0,netral
AHMADR Isaldi,gimana ni masak di tendang terus pas masuk apknya udah hapus download tetap aja sama tdk bisa masuk,2025,livin,masak tendang cocok masuk apknya hapus download tidak bisa masuk,0,netral
Ahmad Rifai,kok saya masuk aplikasi livin nya permintaan tidak dapat diproses gimana ini,2025,livin,masuk aplikasi livin minta tidak proses,0,netral
Edy sutrisno,kok apknya loading gk bisa masuk ya,2025,livin,apknya loading tidak bisa masuk,-1,negatif
Andika Dwi,"mau di gunakan pagi"" malah ga bisa masuk ada tulisan saat nya perbarui pasport",2025,livin,pagi tidak bisa masuk tulis baru pasport,0,netral
Anisa Aini,"kenapa susah kali masuk apk nya, telfon² padahal gk da telfon",2025,livin,susah masuk aplikasi telfon tidak da telfon,-1,negatif
Darsono Dono,Ribet dikit dikit blokir,2025,livin,ribet dikit dikit blokir,-1,negatif
Hensam Asev,"Sebelumnya saya lancar menggunakan aplikasi ini,setelah hp sy mengalami perbaikan. aplikasi ini menjadi tidak bisa diregistrasi dengan alasan system operasi tidak resmi. kalau tidak resmi, aplikasi yg ada di google play jg pasti menolak. sedangkan aplikasi perbankan lainnya saya instal sukses dan bisa dipakai dengan normal tanpa hambatan. sudah kirim komplain via email malah disuruh ganti perangkat. Solusi yg kocak!!!",2025,livin,lancar aplikasi inisetelah handphone alami baik aplikasi tidak bisa registrasi alas system operasi tidak resmi tidak resmi aplikasi google play tolak aplikasi perban instal sukses bisa pakai normal hambat kirim komplain email suruh ganti perangkat solusi kocak,2,positif
Goji Latip,aplikasi nya susah di buka pas mau login keluar sendiri kapan ya di perbaiki nya,2025,livin,aplikasi susah buka cocok login baik,0,netral
Permanaputra 87bogor,ini saya mau bikin mbanking tapi kok gabisa yah? saya sudah punya kartunya terus pas menu kirim SMS otp malah bermasalah notifnya layanan tidak tersedia tolong benerin lah,2025,livin,mbanking tidak bisa kartu cocok menu kirim pesan one time password masalah notifnya layan tidak sedia tolong benerin,-1,negatif
Hartati Hartati,pelit,2025,livin,pelit,0,netral
Anang Anang,"sudah 4 bulan mau masuk aplikasi selalu tidak bisa ada keterangan,sementara sistem masih perbaikan.",2025,livin,masuk aplikasi tidak bisa keterangansementara sistem baik,1,positif
Mikya liyannupus,😮‍💨 tiba² kluar login malah eror,2025,livin,kluar login error,-1,negatif
Lapan tiga,"pengguna Livin mandiri di luar negri kecewa,login susah app lemot banget",2025,livin,guna livin mandiri negri kecewalogin susah aplikasi lama banget,-2,negatif
Khoirul R,susah sekarang mau login ke aku mandri sayaa...,2025,livin,susah login mandri sayaa,-1,negatif
Bambang Kelik,Ksulitan verifikasi wajah. Smpai cba brulang kali g bisa. Dh terang cahaya smua sma aj gagal,2025,livin,ksulitan verifikasi wajah smpai cba brulang tidak bisa dh terang cahaya aj gagal,-1,negatif
llyhla yhlla,"selalu di jam 11 udah ga bisa tf masa tolong perbaiki ya jadi susah banget kalo harus nunggu beberapa jam buat pemeliharaan terus"" kaya gitu pdhl kebutuhan orang"" beda waktu, jadinya untuk nyimpen saldo di livin lebih dipikir"" lagi karena gitu di jam malem udah ga bisa tf belum lagi suka eror",2025,livin,jam tidak bisa transfer tolong baik susah banget nunggu jam pelihara kaya gitu butuh orang beda nyimpen saldo livin pikir gitu jam malem tidak bisa transfer suka error,0,netral
iis,"sekarang Livin udah gak free yaa tadinya kalau bayar tiktok shop, shopee, atau alfagift itu selalu free mulai bulan ini setiap bayar belanjaan selalu ada biaya tambahan seribu sedangkan saya sehari bisa transaksi berkali2 jadi lumayan banyak juga ngeluarin biaya tambahannya😭 aaahhh sebel dah ah",2025,livin,livin tidak free bayar tiktok shop shopee alfagift free bayar belanja biaya tambah ribu hari bisa transaksi kali lumayan ngeluarin biaya tambah aahh sebel ah,0,netral
Nurul Khairani,cara daftarnya gimana sih? Kok gak bisa-bisa akunya.,2025,livin,daftar tidak bisabisa aku,0,netral
Wardy Aleale,"sy pengguna lama bank mandiri,baru sekarang agk kecewa.bulan² kemaren sy top up pulsa 100 g ad biaya,bulan sekarang ad biaya 2000.pdahal tiap bulan udh ad potongan admin 16 ribu,belom lg klo TF TF k bank lain..apakah masih kurang biaya segitu msih aj nmbah k yg lain.kita nasabah jd pusing",2025,livin,guna lama bank mandiribaru agk kecewabulan kemaren top up pulsa tidak ad biayabulan ad biaya pdahal ad potong ribubelom transfer transfer k bank lainapakah kurang biaya segitu msih aj nmbah k lainkita nasabah pusing,0,netral
Toha Kiclik7,oke,2025,livin,oke,0,netral
Agus Lukman,susah banget login nya .......................,2025,livin,susah banget login,-1,negatif
Agus Pangestu,"sering banget pemeliharaan, apalagi bila keadaan malem hari.. kita transaksi jadi terkendala terus",2025,livin,banget pelihara malem transaksi kendala,-1,negatif
Khairul Amri,min kenapaa di hp Infinix 40i gak bisa ya kak Livin katanya perangkat nya gak mendukung tolong dong min solusinya dulu bisa ini gak bisa,2025,livin,kenapaa handphone infinix i tidak bisa livin perangkat tidak dukung tolong solusi bisa tidak bisa,0,netral
Paisal Alpin,Selalu ngga bisa di buka aplikasi nya Knp ya .?,2025,livin,tidak bisa buka aplikasi,0,netral
Sisi Andini,"saya top up udah 5x pngajuan masih di tolak,g tau alasan nya apa",2025,livin,top up pngajuan tolakg alas,1,positif
Trubust Mart,Ini bagaimana... update semestinya memudahkan... BUMN .. kalah sama Swasta,2025,livin,update mesti mudah bumn kalah swasta,1,positif
Ratih Susanti,"sdh 2kali aplikasi ini tb2 ga bisa dibuka, tiap klik finger selalu keluar. alhasil hrus di hapus dan di download ulang aplikasinya. ini bnr2 menyita waktu. ayolah dibenahi syg sekali fitur sdh bagus, tp aplikasinya sendiri sering ngebug.",2025,livin,aplikasi tb tidak bisa buka klik finger alhasil hrus hapus download ulang aplikasi bnr sita ayo benah syg fitur bagus aplikasi ngebug,1,positif
Hendra Herawan,"gak bisa2 dibuka, gangguan terus.. tidak bisa terhubung.. pake wifi juga sama aja..",2025,livin,tidak bisa buka ganggu tidak bisa hubung pakai wifi,-1,negatif
hartono chanell,livin saya malah tidak bisa di gunakan semenjak di update sampai sekarang. kalo pake hp lain baru bisa .kenapa kah itu,2025,livin,livin tidak bisa semenjak update pakai handphone bisa kah,0,netral
Syafriadi Voltz,"gak se seru dulu eu, dulu Livin bisa pakai sidik jari hp sekarang versi terbaru gak bisa, harus login pasword terus jadi lama kadang bukanya. Haduhhh, padahal secara aplikasi bagus2 aja, sama itu kenapa sekarang top up E walet kena admin Mulu yah",2025,livin,tidak seru eu livin bisa pakai sidik jari handphone versi baru tidak bisa login pasword lama kadang buka haduhh aplikasi bagus top up e walet kena,1,positif
Ahmad Widiyanto,kenapa jadi banyak iklan sih,2025,livin,iklan,0,netral
Riki Mardiana,"Tiap mau transfer dan top up. Selalu sumber rekening tidak di temukan, padahal sinyal bagus dan saldo tentu saja ada.",2025,livin,transfer top up sumber rekening tidak temu sinyal bagus saldo,2,positif
Scorpiyo Kalewang,parahhh...kartu mandiri di blokir sama siatem mandiri sendiri...,2025,livin,parahhkartu mandiri blokir siatem mandiri,0,netral
Ariel Febrian,gangguan mulu tiap malam,2025,livin,ganggu malam,-1,negatif
Rafi Maulana,mandiri ini knp kok saya ga bisa buka mandirinya ada notif berbagi layar trs yaallah itu dari kemarin ampe skrng ini gimna ceritanya mandiri,2025,livin,mandiri tidak bisa buka mandiri notif bagi layar yaallah kemarin ampe skrng gimna cerita mandiri,0,netral
andhy prihatmoko,"livin pay later ny sudah ga bisa digunakan lagi, payah... ga niat bnget bank mandiri",2025,livin,livin pay later ny tidak bisa payah tidak niat bnget bank mandiri,0,netral
Fitrah alharis,"apaan dah setiap mau login layanan tidak tersedia, sudah di coba beberapa kali tetap aja sampe malas ngulanginnya, udah mau 2 mingu nih apk nya di hp tetap GK bisa"" login, ini dari pihak banknya apa GK ada solusinya paling mls kalo begini terus, jaringan lancar"" aja pake data juga aman tapi tetap aja GK bisa login",2025,livin,login layan tidak sedia coba malas ngulanginnya mingu aplikasi handphone tidak bisa login bank tidak solusi mls jaring lancar pakai data aman tidak bisa login,2,positif
Marlenia Arum,"coba login lagi via hp baru, setelah proses memasukan nomor debit,bulan dan tahun masa berlaku,no hp,masukan kode OTP, terakhir verifikasi wajah dan berhasil, malah masih harus datang ke kantor cabang terdekat sebagai verikasi tambahan. angel tenan. Berbeda ama brimo, satset satset, ikuti langkah, langsung berhasil",2025,livin,coba login handphone proses pasu nomor debitbulan berlakuno hpmasukan kode one time password verifikasi wajah hasil kantor cabang dekat verikasi tambah angel tenan beda ama brimo satset satset ikut langkah langsung hasil,0,netral
Aditya Dwiya Febri Nugroho,"TOLONG PERBAIKI, saya di hp tidak BISA masuk setelah memasukkan nomor kartu, pada bagian DD TIDAK MERESPON SENTUHAN , HANYA MM YY YG MERESPON padahal diluar aplikasi pada POSISI DD BISA DISENTUH DAN BERJALAN NORMAL",2025,livin,tolong baik handphone tidak bisa masuk masuk nomor kartu dd tidak merespon sentuh mm yy merespon luar aplikasi posisi dd bisa sentuh jalan normal,1,positif
Kemal Raihan Fadilah,"udah mulai sering banget loading nya lama/masuk ke aplikasinya lama, waktu awal make padahal ga gini..",2025,livin,banget loading lamamasuk aplikasi lama make tidak gin,-2,negatif
Pakde Slamet,"per tgl 1 Desember 2025 stuck di logo, tidak bisa masuk sama sekali, tolong dibantu",2025,livin,tgl desember stuck logo tidak bisa masuk tolong bantu,0,netral
ilham,livin mandiri 😭😭 KTP Saldo Rp 10000 tidak 😭😭 kak,2025,livin,livin mandiri ktp saldo rp tidak,0,netral
Muhammad Salimin,"Aplikasi Livin aneh kenapa cuma setelah hapus data aplikasi dan saya coba login ulang tiba"" dapat notifikasi Ups Kartu Terblokir padahal sebelumnya aman"" aja tapi setelah hapus data aplikasi doang dan mau login ulang malah tiba"" di blokir aneh",2025,livin,aplikasi livin aneh hapus data aplikasi coba login ulang notifikasi ups kartu blokir aman hapus data aplikasi login ulang blokir aneh,1,positif
Devi Babi,"kenapa tiap verifikasi wajah gak jalan²,password sandi no atm tgl lahir no.hp pun bener tpi verif nya gak jalan²",2025,livin,verifikasi wajah tidak jalanpassword sandi no atm tgl lahir nohp verif tidak jalan,0,netral
siska nongnong,"kejadian lg susha login, knpa sih sering bngt kya gini",2025,livin,jadi susha login knpa banget kya gin,0,netral
Iskandar,"cuma gara gara jaringan tidak bisa masuk, suruh verif ulang, cape verimuknya gak bisa bisa, sudah restart hape, hapus apk download lagi, masih aja GK bisa suruh berkedip sampe cape mata buat kedip",2025,livin,gara gara jaring tidak bisa masuk suruh verif ulang cape verimuknya tidak bisa bisa restart hape hapus aplikasi download tidak bisa suruh kedip cape mata kedip,0,netral
Siti Arnila,"knp ni Livin ga bisa dibuka aplikasinya loading terus pas mau login, udah saya hapus trus install ulang malah pas masukin pas di tanggal lahirnya ngestuck disana trus keluar sendiri, helpp",2025,livin,livin tidak bisa buka aplikasi loading cocok login hapus install ulang cocok masukin cocok tanggal lahir ngestuck sana helpp,-1,negatif
Rudi Hartono,"saya amat menyesal sama ni apps. awalnya daftar krn ditawarin spg pas ada promosi. ternyata promonya kuota syarat macem2, udah gitu tiap bulan ditarik cas admin 5ribu. kirim2 kemana2 ditarik admin dikit2 duh parah jauh bgt dibanding octo uob. sama bca aja kalah, minimal mereka promonya gk nipu! maunya berhemat pake mandiri adanya buntung rugi terus kena cas dikit2. bank maruk",2025,livin,sesal apps daftar ditawarin spg cocok promosi promonya kuota syarat macem gitu tarik cas ribu kirim mana tarik dikit duh parah banget banding octo uob bca kalah minimal promonya tidak nipu mau hemat pakai mandiri buntung rugi kena cas dikit bank maruk,-1,negatif
Jesi Calvine,"aneh pas install ulang Livin terus mau log in ke akun malam nggak bisa harus ke kantor Mandirinya, padahal dulu bisa-bisa aja log in mandiri dari rumah. mana jauh Kantor Cabangnya",2025,livin,aneh cocok install ulang livin log in akun malam tidak bisa kantor mandiri bisabisa log in mandiri rumah kantor cabang,0,netral
Mila Amelia,"saya salah memasukan pin 3 Kali terus di blokir ketika membuat pin baru malah ada Kendal teknis terus tidak bisa di tinjau,Rasanya kecewa di situ ada uang tabungan saya sekarang sama sekali tidak bisa di buka",2025,livin,salah pasu pin blokir pin kendal teknis tidak bisa tinjaurasanya kecewa situ uang tabung tidak bisa buka,-1,negatif
Rohmatul Mufarridah,sedih sekarang virtual account ada biaya nya,2025,livin,sedih virtual account biaya,0,netral
MAHESA OKTA,Memindahkan livin ke hp lain ko ttp harus ke bank.ganti no hp.pun vetifikasi akhir harus ke cs bank. kalo kaya gitu ya ah ga usah ada fitur2 ubah ini itu kalo ujung2 nya harus ke bank.bnr2 ribet ini aplikasi. Merepotkan dibanding apk bank lain,2025,livin,pindah livin handphone bankganti no hppun vetifikasi customer service bank kaya gitu ah tidak fitur ubah ujung bankbnr ribet aplikasi repot banding aplikasi bank,-2,negatif
ronal hermansyah,Gagal login terus Hadeuh.......,2025,livin,gagal login hadeuh,-1,negatif
Lesi Rosita,livin paylater aneh tiba2 gk bsa di pakai tepat waktu teruss,2025,livin,livin paylater aneh tidak bsa pakai teruss,0,netral
Jana Ferdiansyah,"mau login gk bisa bisa,, kami sedang melakukan pemeliharaan, mau sampai kapan, sudah 4 hari gk bisa bisa tolong dong segera perbaikannya agar applikasinya bisa di gunakan lg",2025,livin,login tidak bisa bisa pelihara tidak bisa bisa tolong baik applikasinya bisa,1,positif
Dedi Hartono,"kurang memuaskan, masak mau tarik tunai di ATM tiba2 kartu saya gak bisa digunakan alias diblokir, padahal saya buat rekening mandiri baru kemarin, jadi males nyimpan uang di rekening 😠",2025,livin,kurang muas masak tarik tunai atm kartu tidak bisa alias blokir rekening mandiri kemarin males nyimpan uang rekening,0,netral
Wiwin Jem,kenapa saya tidak bisa masuk ke aplikasi nya ya mohon info nya,2025,livin,tidak bisa masuk aplikasi mohon info,0,netral
linda Rosmawati,tolong kasih tau kenapa yg saya susah dapet pinjaman dari Livin sdgkan teman teman saya yg lain bisa ? apa harus instal ulang?,2025,livin,tolong kasih susah dapet pinjam livin sdgkan teman teman bisa instal ulang,-1,negatif
Ranie Rakhma,"makin lama loading sampe ke login pagenya. tolong lah diperbaiki, kalo perlu akses cepat untuk pembayaran di tempat jadi tidak efisien.",2025,livin,lama loading login pagenya tolong baik akses cepat bayar tidak efisien,0,netral
Ovan Muhamad,terlalu banyak permiliharaan ada kebutuhan mendesak jadi susah,2025,livin,permiliharaan butuh desak susah,-1,negatif
Eka Dewi,baru sadar ternyata bayar2 trx online via mandiri kena admin. padahal bank lain gak. udah gak bisa trx 24 jam. kalau gak krn payroll udah di deleted ini aplikasi.,2025,livin,sadar bayar trx online mandiri kena bank tidak tidak bisa trx jam tidak payroll deleted aplikasi,0,netral
Barnas Ardi,Dipersulit banget kalo soal salah pasword kek ga ada alternatif lain,2025,livin,sulit banget salah pasword kek tidak alternatif,-1,negatif
Ahmad Ali,terlalu sering gangguan.,2025,livin,ganggu,-1,negatif
Chao Fang,"Beli paket data lewat livin sudah 12 jam belum masuk,,, Keterangan ''sedang dalam proses'' padahal pembayaran berhasil",2025,livin,beli paket data livin jam masuk terang proses bayar hasil,0,netral
Bkladot Garage,penggunaan VA sangat tidak simple,2025,livin,guna va sangat tidak simple,0,netral
DAYAT DOC 46,sekarang kok masuk ngga bisa pake key paswd harus kode padahal Uda di aktifin masih saja masuk pake pasword login nya tolong di perbaiki,2025,livin,masuk tidak bisa pakai key paswd kode uda aktifin masuk pakai pasword login tolong baik,1,positif
Rikki Samuel Gultom,sistem nya agak sedikit lambat,2025,livin,sistem lambat,-1,negatif
mzpdesign 220z,TOLONG PERBAIKI APLIKASINYA... GANGGUAN TERUS..MAU LOG IN GAK BISA.. TERHAMBAT LOH ORANG MAU TRANSAKSI ONLINE!!!,2025,livin,tolong baik aplikasi ganggu terusmau log in tidak bisa hambat orang transaksi online,0,netral
Kerl Lok,"Min saya kan isi pulsa di aplikasi Livin kemaren tuh 2hari lalu kalo ga salah, status top up berhasil tapi ko gada masuk pulsanya ke nomer saya... Udah beberapa kali cek nomer ga ada yang salah knpa ya",2025,livin,isi pulsa aplikasi livin kemaren tidak salah status top up hasil gada masuk pulsa nomer cek nomer tidak salah knpa,1,positif
Rikardothitusmamari Rikardomamari,sangat baik,2025,livin,sangat,0,netral
Aisoise e,sukak update gak jelas,2025,livin,sukak update tidak,0,netral
Uliel Amri,"saya dari dulu make mandiri ini dari pertama buat kartu ATM pake mandiri terus sampe sekarang. tapi yang aneh nya kenapa di aplikasi Livin enggak ada pengaduan. kenapa harus telfon ke 14000. saya pernah bayar Qris saldo udah ke potong tapi status pending. udah 1 bulan saldo gak balik lagi, udah saya email tapi gada respon",2025,livin,make mandiri kartu atm pakai mandiri aneh aplikasi livin adu telfon bayar qris saldo potong status pending saldo tidak email gada respon,0,netral
Bayu Segara,"gabisa transfer , top up , narik tiba tiba. tapi login bisa, kocak",2025,livin,tidak bisa transfer top up narik login bisa kocak,1,positif
M Abdur rofi,"minta tolong dong min aplikasi Livin kok sering sekali gak bisa di akses , ada notif aplikasi Livin trus berhenti gimana dong solusinya",2025,livin,tolong aplikasi livin tidak bisa akses notif aplikasi livin henti solusi,0,netral
Lina Isnani,kenapa buat transaksi gagal terus dari kemarin . tolong solusinya,2025,livin,transaksi gagal kemarin tolong solusi,-1,negatif
Arif Budianto,kebanyakan upgrade,2025,livin,banyak upgrade,0,netral
Hetty Rochaeti,cukup mempermudah transaksi,2025,livin,mudah transaksi,1,positif
Wasi Rahmi,aplikasi nya sering eror mlh smpek 1 Minggu ngk bisa di buka ngk bisa di tekn sy mo ambil uang saja ngk bisa,2025,livin,aplikasi error mlh smpek minggu ngk bisa buka ngk bisa tekn mo ambil uang ngk bisa,-1,negatif
Siti Rohana,"Kenapa mesti update terus sihh memori hp udah gak menampung lagi padahal kan cuma mau ngecek doang bukan mau ngapa ngapain bisa gak sih ada pilihan ""abaikan dulu""",2025,livin,mesti update sihh memori handphone tidak tampung ngecek ngapa bisa tidak pilih abai,0,netral
freddy gultom,kak saya mau login ke handphone baru kenapa tidak bisa ya? apakah ada gangguan?,2025,livin,login handphone tidak bisa ganggu,-1,negatif
Asep Salapudin,apaan dikit dikit pemeliharaan gitu aja terus ampun dah beda sama yg sebelah,2025,livin,dikit dikit pelihara gitu ampun beda belah,0,netral
Edi Supriyanto,kenapa habis ganti kartu ko gak bisa masuk lagi ke mtbangking,2025,livin,habis ganti kartu tidak bisa masuk mtbangking,0,netral
Reza Levi,Sering gak bisa buat transaksi...,2025,livin,tidak bisa transaksi,0,netral
Zombie Tuo,kenapa livin setelah di update harus update ulang data kenapa tidak dapat langsung digunakan sehingga penggunaan livin sedikit kesusahan di area yang sedikit susah sinyal,2025,livin,livin update update ulang data tidak langsung guna livin susah area susah sinyal,-2,negatif
Raka Maulan,sangat membantu dg adanya Livin tapi sayang leletnya minta ampun tiap mau buka aplikasi nya .. tolong di upgrade biar Ndak lelet,2025,livin,sangat bantu dg livin sayang lelet ampun buka aplikasi tolong upgrade ndak lelet,0,netral
Msen Dheyax Dheyax Msen,Mantap,2025,livin,mantap,1,positif
Ayu Diah,"ini kenapa yaa livin saya keluar dan tidak bisa masuk lagi. harus mulai awal lagi masukin nomer kartu dll, tapi data selalu di tolak. padahal nomer dll suda betul",2025,livin,livin tidak bisa masuk masukin nomer kartu dll data tolak nomer dll suda,0,netral
April Yanasah,Kak minta tolong di perbarui kembali kak soal tentang nomor handphone yang hilang untuk mendaftar livin kembali kak soalnya saya sudah 4 kali ke cabang kak,2025,livin,tolong baru nomor handphone hilang daftar livin cabang,0,netral
Kadrodin Didik,verifikasi wajah gagal gagal capek kedap kedip,2025,livin,verifikasi wajah gagal gagal capek kedap kedip,-2,negatif
Alz G,"Jujur untuk ux masih ringan bca mobile, untuk ui malah lebih suka yang sebelum di-update ini, sekarang kaya monoton kurang menarik, tapi untuk layout nya sudah lebih baik lah. atau coba kaya main tranparant glass kaya nya menarik",2025,livin,jujur ux ringan bca mobile ui suka diupdate kaya monoton kurang tarik layout coba kaya main tranparant glass kaya tarik,1,positif
Saefudin,sangat. membantu,2025,livin,sangat bantu,0,netral
nuzul rahma,kenapa tidak bisa digunakan disaat telpon karna tidak semua telp saat menggunakan livin itu kita sedang di tipu orang... karna justru disitu kadang kita di telp diingatkan untuk membayar atau mentransfer uang atau meminta pulsa.,2025,livin,tidak bisa saat telpon tidak telp livin tipu orang situ kadang telp bayar transfer uang pulsa,0,netral
15 Ni kade Sukraningsih,"kenapa ya Livin kok tiba tiba saldo saya kepotong 200k tiap bulan, itu sunggung mengganggu sekali",2025,livin,livin saldo potong k sunggung ganggu,-1,negatif
Jupiter Z1 Putih,"perasaan baru diupdet kemarin masa disuruh updet lagi, mana memori penuh lagi gk bsa updet, pas mau gajian jg",2025,livin,asa diupdet kemarin suruh update memori penuh tidak bsa update cocok gaji,0,netral
Ikhsan Sholeh,"setelah dapat notif update,saya update tapi setelah itu,aplikasi sering keluar sendiri waktu saya pakai, gimana ini?",2025,livin,notif updatesaya update ituaplikasi pakai,0,netral
Teguh Hilda,ngebantu banget sih ada livin tapi lama lama kesel juga disuruh update terus,2025,livin,ngebantu banget livin lama lama kesel suruh update,-2,negatif
Riya Artiyaningsih,Bagus sihh udah dari 2017 pakai mandiri mobile sampai ganti ke livin ..performa nya bagus banget tapi yang bikin aku kesel kenapa mesti harus di update terus menerus .coba bayangin kalo lagi urgent eh malah di suruh update lagi,2025,livin,bagus sihh pakai mandiri mobile ganti livin performa bagus banget kesel mesti update terus coba bayangin urgent eh suruh update,2,positif
Genpewal,"jadwal maintenance pindah jam lah, jam 01.00 lebih keq. jangan jam 23.00 udh maintenance aja, payah.",2025,livin,jadwal maintenance pindah jam jam keq jam maintenance payah,0,netral
Lefian Permana Putra,ketika saya ingin mentransfer selalu tidak bisa selalu kena limit 10k perhari padahal saldo ada 41k,2025,livin,transfer tidak bisa kena limit k hari saldo k,0,netral
Samsuri Sam,terlalu sering update. bikin HP makin lemot,2025,livin,update handphone lama,-1,negatif
Amin Cango,okelah,2025,livin,oke,0,netral
Faishal Aditya,sekarangkalo mau login ato daftar ajah sistem tidak mendukung terus kenapa yah. pergi ke bank di suruh daftar sendiri.kalo bisa mh gk bakalan pergi ke bank nya.,2025,livin,sekarangkalo login ato daftar ajah sistem tidak dukung pergi bank suruh daftar sendirikalo bisa mh tidak pergi bank,0,netral
Dewi Laras official,"apk lemot banget loading nya, bagusan yg lama sebelum di update",2025,livin,aplikasi lama banget loading bagus lama update,-2,negatif
Yusuf Nurzaman,tidak bisa di buka,2025,livin,tidak bisa buka,0,netral
ONE BEST,Sering ganguan dan lama untuk mau login nya..tolong di servis lagi..,2025,livin,ganguan lama login nyatolong servis,-1,negatif
Nila Trilia Sari,"Sy tiap kali mau transfer pake Livin, saat liat no rek yg dituju ( dr chat) , Halaman livingnya slalu ulang di posisi pembukaan. Jd no rek yg dituju mesti di foto pake hp lain atau ditulis. skrg halaman transfernya ga bs stay aja sprti biasa, ngilang2 trus ke posisi awal, mesti ketik pin lg. ribet bgt skrg",2025,livin,transfer pakai livin liat no rekening tuju chat halaman livingnya slalu ulang posisi buka no rekening tuju mesti foto pakai handphone tulis halaman transfer tidak bs stay sprti ngilang posisi mesti ketik pin ribet banget,-1,negatif
Irawati Meiningrum,"repot bgt buru2 mau transaksi harus update aplikasi, padahal sebelumnya udah update",2025,livin,repot banget buru transaksi update aplikasi update,-1,negatif
Sugianto Anto,kenapa tidak bisa login hp Vivo y17🙏🙏🙏,2025,livin,tidak bisa login handphone vivo y,0,netral
Desak,login slalu ada gangguan heran,2025,livin,login slalu ganggu heran,-1,negatif
Cery Suryo Prayogo,sangat terganggu dengan pemeliharaan sistem yang hampir setiap hari,2025,livin,sangat ganggu pelihara sistem,-1,negatif
Siti Aminah,gimana cara masuk ke livin kalo lupa no kartu,2025,livin,masuk livin lupa no kartu,0,netral
Muli Ady,minta penjelasan nya saat login terkahir masuk otp langsung GK bisa,2025,livin,jelas login terkahir masuk one time password langsung tidak bisa,0,netral
Sumi yah,kenapa yah susah melakukan transaksi udh menghubungi cs juga ngk membantu udh email pun ngk ada balesan,2025,livin,susah transaksi hubung customer service ngk bantu email ngk balesan,-1,negatif
Unyil Ciponk,sering sekali maintenance. tampilannya juga rame bgt. gak bs dibuat yg simpel aja gtu biar gk bingung.,2025,livin,maintenance tampil rame banget tidak bs simpel gtu tidak bingung,-1,negatif
Raditrusdi Rusdian,tolong bantu bantuan nya aku salah kirim uang gimna ya,2025,livin,tolong bantu bantu salah kirim uang gimna,0,netral
Have fun aja,"ini knpa ga bisa login pake no hp?waktu itu udah daftar pake no hp soalnya tapi pas mau login gaada metode login lewat no hp , udah ngajuin pengiriman kartu tapi ga di kirim""",2025,livin,knpa tidak bisa login pakai no hpwaktu daftar pakai no handphone cocok login tidak metode login no handphone ngajuin kirim kartu tidak kirim,0,netral
Muh Arwin,"aplikasi yang bagus dan cukup mempermudah transaksi, namun fitur E-statement seringkali tidak menampilkan transaksi pada periode tertentu yang telah dilakukan. Semoga bisa di tindak lanjuti masalah tersebut.",2025,livin,aplikasi bagus mudah transaksi fitur estatement seringkali tidak tampil transaksi periode moga bisa tindak lanjut,2,positif
Guruh Syahrial,"Tolong di bantu pak/bu , saya udah update terbaru tapi terkendala di qris paylater nya tidak muncul gimana ini?",2025,livin,tolong bantu pakbu update baru kendala qris paylater tidak muncul,-1,negatif
Dadan Hermawan,D apdet susah masuk,2025,livin,apdet susah masuk,-1,negatif
Maliansyah Kahuwa,gmn ini bapak ibuk. sy buka rekening via aplikasi. udh jd minta pembaruan password. sedangkan sy tidak punya no kartu. tlng petunjuk,2025,livin,gmn ibuk buka rekening aplikasi baru password tidak no kartu tlng tunjuk,0,netral
Sobeki Lampung,okee,2025,livin,okee,0,netral
Alsep Argo Triagung,baik dan memuskn,2025,livin,memuskn,0,netral
Iqbal Siak,uda banyak nya transaksi ya tapi gk ada kluar mnu livin payleter.. gimna sih pitur nya kasih lah saya mnu itu bukan kpr rumaha miliaran saya sudah transaksi di livin ini,2025,livin,uda transaksi tidak kluar mnu livin payleter gimna pitur kasih mnu kpr rumaha miliar transaksi livin,0,netral
Ersan Oppo,tidak bisa login kenapa padahal data sudah sama,2025,livin,tidak bisa login data,0,netral
Den Ray Yana,susah banget kalo buat transaksi di atas jam 11 MLM gagal terus.gk kaya yg lain lancar terus mau jam berapa aja,2025,livin,susah banget transaksi jam mlm gagal terusgk kaya lancar jam,-1,negatif
Ari Sumarta,"Dulu Aplikasinya gampang dibuka, sekarang sering error. Loading lama dan gak bisa dibuka sekarang, sinyal internet bagus, aplikasi livinnya juga sudah di-update. padahal kita perlu untuk transfer keluarga di kampung",2025,livin,aplikasi gampang buka error loading lama tidak bisa buka sinyal internet bagus aplikasi livinnya diupdate transfer keluarga kampung,-2,negatif
Nanda Septiani,gmna si ngirim kode OTP ko lama bener sampe waktunya abis baru kekirim udah kekirim kodenya ga berlaku kocak kocak.,2025,livin,gmna si ngirim kode one time password lama abis kirim kirim kode tidak laku kocak kocak,-1,negatif
Indah Budiarti,Srg gangguan,2025,livin,srg ganggu,-1,negatif
Sandi Kurniawan,"Min, tolong perbaiki, kenapa transfer minimum cuma 25.000 saja terimakasih",2025,livin,tolong baik transfer minimum terimakasih,1,positif
Heri Ritonga,agak lambat jaringan,2025,livin,lambat jaring,-1,negatif
Bagus Azis,kenapa saya gk bisa buka mbeking saya setiap buka kembali,2025,livin,tidak bisa buka mbeking buka,0,netral
Pras131,Kelebihan pembayaran kartu kredit saldonya lari kemana ???,2025,livin,lebih bayar kartu kredit saldo lari mana,0,netral
enditriyanto yanto,masalah terus di jam nya,2025,livin,jam,0,netral
indah puspa rini,kenapa sering tidak bisa dibuka,2025,livin,tidak bisa buka,0,netral
Darma Bakti,"susah sekali buat ambil foto selfinya, tdk semudah dgn nbanking lainnya 😭😭😭",2025,livin,susah ambil foto selfinya tidak mudah nbanking,0,netral
Yeni Marlina,tolong di perbaiki LG apk nya masa iya pas mau verifikasi wajah selalu gagal padahal sebelum nya nggak ada masalah untuk sementara rating 3 dulu ntar kalau udah normal LG baru 5,2025,livin,tolong baik aplikasi iya cocok verifikasi wajah gagal tidak rating normal,0,netral
Darus Setianingrat,knpa ko g bisa dibuka Livin saya,2025,livin,knpa tidak bisa buka livin,0,netral
Ahmad Syam,"baru banget kejadian nih 10 agustus 2025, tarik tunai di ATM, uang gak keluar dr mesin atm tp saldo tetap berkurang, bukan cuma saya doang, tp orang yg antri di belakang sya jg sama kejadian nya, uang tunai gak keluar dr mesin atm, tp saldo tetap berkurang",2025,livin,banget jadi agustus tarik tunai atm uang tidak mesin atm saldo kurang orang antri sya jadi uang tunai tidak mesin atm saldo kurang,0,netral
Chelsea Cell Channel,"kenapa saya tidak bisa transfer ya..padahal nomer rekening sdh benar..tp tulisan nya kok rekening sumber tidak aktif,kenapa ya..pdhal rekening itu aktif..",2025,livin,tidak bisa transfer yapadahal nomer rekening benartp tulis rekening sumber tidak aktifkenapa yapdhal rekening aktif,0,netral
Raffiudin,kenapa livin saya mau verifikasi tidak bisa. dan gak bisa masuk ke aplikasi,2025,livin,livin verifikasi tidak bisa tidak bisa masuk aplikasi,0,netral
Al Mahmud Rouf,rewel untuk apa mau ijin akses telepon males,2025,livin,rewel ijin akses telepon males,0,netral
Aan Ainur,"MASAKK GARAA"" GUSIKU BENGKAK GABISA VERIFIKASI WAJAHH😭😭",2025,livin,masakk garaa gusi bengkak tidak bisa verifikasi wajahh,0,netral
aa yotyot,Refund dana gak bisa😡 Sering banget transfer /QRISH uangnya entah nyangkut dimana... di livin nya sudah berhasil namun di akun tujuan belum,2025,livin,refund dana tidak bisa banget transfer qrish uang nyangkut mana livin hasil akun tuju,0,netral
Nurmlsarist 0805,"uang baru di TF dari PT malah tiba' mengurang, mana gada keterangannya pula 👎🏻",2025,livin,uang transfer pt kurang gada terang,0,netral
Farhan,"verifikasi wajahnya sudah kali, padahal udah sesuai petunjuk masih aja gagal",2025,livin,verifikasi wajah sesuai tunjuk gagal,-1,negatif
Dj suherman al azhar,"kalo pemeliharaan tuh jangan setiap hari,bumn gimana si kalah sama swasta",2025,livin,pelihara haribumn si kalah swasta,0,netral
Zaina Cahaya,"saya mau buka Livin di hp yg baru di hp sebelumnya sudah sy hapus sudah ikutin arahan ,terakhir verifikasi wajah suruh ulang terus ,sampai 10x gagal terus ..kenapa dgn wajahku ..sampai ganti kerudung .. masih gagal padahal mau buat transaksi ..kenapa dgnkuuu dan dgnmuuu..😭😭😭",2025,livin,buka livin handphone handphone hapus ikutin arah verifikasi wajah suruh ulang gagal wajah ganti kerudung gagal transaksi dgnkuu dgnmuu,-2,negatif
Nameless Author,"Sejauh ini fungsi masih normal hanya saja kompatibilitas untuk perangkat lama sangat terbatas yang jadinya loading semakin lama dan kemungkinan FC pun lebih tinggi, dimohon untuk tim pengembang aplikasi nya untuk lebih fokus pada kompatibilitas dengan android lawas trms",2025,livin,fungsi normal kompatibilitas perangkat lama sangat batas loading lama fc mohon tim kembang aplikasi fokus kompatibilitas android lawas trms,-3,negatif
Dhea Majestha,bintanh 3 dulu karna sering force close,2025,livin,bintanh force close,-2,negatif
Muji Yono,Kenapa aplikasi ini begitu dibuka langsung ilang lagi.bagaimana cara memperbaiki nya,2025,livin,aplikasi buka langsung ilang lagibagaimana baik,1,positif
Muhammad Insan kamil,masa kaga bisa aktivasi gagal Mulu dah,2025,livin,kaga bisa aktivasi gagal,-1,negatif
Eko Sugianto,"saya buka rekening via online, nunggu kartu debit 2minggu, di apk livin tertulis sudah nyampe, padahal saya dan orang rumah gak ada yg nerima, kenapa ya,,??",2025,livin,buka rekening online nunggu kartu debit minggu aplikasi livin tulis nyampe orang rumah tidak nerima,0,netral
nur hasanah,kenapa iya aplikasi saya dibuka muncul tanda seru keterangan belum berhasil terhubung sudah dari kemarin begitu terus,2025,livin,iya aplikasi buka muncul tanda seru terang hasil hubung kemarin,0,netral
Rendi Sajalah,kak kenapa di HP saya livin nya gak bisa ya di gunakan perangkat HP saya nolak ke ini apk,2025,livin,handphone livin tidak bisa perangkat handphone nolak aplikasi,0,netral
sinta valensia,ribet ! minta update mulu dah. harusnya mempermudah malah bikin ribet sering2 update aplikasi,2025,livin,ribet update mudah ribet update aplikasi,-1,negatif
Qyai 76,No rekeningku gak muncul,2025,livin,no rekening tidak muncul,0,netral
Gita Fitriani,"Tolonggg, kenapa saya tidak bisa buka akses livin saat pakai wifi? padahal jaringannya bagus",2025,livin,tolongg tidak bisa buka akses livin pakai wifi jaring bagus,1,positif
Aldi Syaputra,Min ini kenapa gagal terus verifikasi wajah nya,2025,livin,gagal verifikasi wajah,-1,negatif
Canzu Ardy,Lifin saya g bisa dibuka,2025,livin,lifin tidak bisa buka,0,netral
Yudi Firmansyah,"cgk BS masuk ke Livin mandiri karena SMS kode OTP nya terlambat masuk terus, dicoba berulang kali kode OTP salah, klik kirim ulang kode OTP tp masuk SMS nya lama",2025,livin,cgk bs masuk livin mandiri pesan kode one time password lambat masuk coba ulang kode one time password salah klik kirim ulang kode one time password masuk pesan lama,-2,negatif
tiwi line,"saat masuk apk harus masuk melalui playstore, apk livin tidak berada pada tampilan luar, sudah di unistall dan di install kembali tapi sama saja. mohon diperbaiki",2025,livin,masuk aplikasi masuk playstore aplikasi livin tidak tampil unistall install mohon baik,1,positif
Yolanda Lumbangaol,waktu mau login ketik pasword nya ga bisa padahal jaringan internet nya lancar ada aja problem nya aplikasi LIViN iniiii!!!!!!,2025,livin,login ketik pasword tidak bisa jaring internet lancar problem aplikasi livin ini,1,positif
Yozan sembilan,"Admin tolong di benerin lagi apknya, Repot kalo urgent, gak bisa trx sama skali , eror terus,ket seting jam ke pengaturan otomatis.",2025,livin,tolong benerin apknya repot urgent tidak bisa trx skali error terusket ting jam atur otomatis,-2,negatif
Muhammad “MhD” Yusuf,maaf min kok kartu saya belum kunjung tiba,2025,livin,maaf kartu kunjung,0,netral
Andri Jumali,banyak notifikasi ga penting,2025,livin,notifikasi tidak,0,netral
Maman Suryaman,kenapa sih sandi harus selalu di ganti yang baru,2025,livin,sandi ganti,0,netral
Jeli Kapitri,kenapa beberapa hari ini ga bisa login ya? tulisan ny BELUM BiSA TERHUBUNG coba sesaat lgi🥲sampai hari ini belum bisa di buka sama sekali,2025,livin,tidak bisa login tulis ny bisa hubung coba lgisampai bisa buka,0,netral
Robby Mandayona,EEEERREl,2025,livin,eerrel,0,netral
Darmianto,sangat disayangkan ketika nmr hp hilang atau kartu mati tidak bisa pindah lagi ke aplikasi living di hp baru,2025,livin,sangat sayang nmr handphone hilang kartu mati tidak bisa pindah aplikasi living handphone,0,netral
Aman Simatupang,ok,2025,livin,ok,0,netral
Yudha Wilanda,Padahal aplikasi nya bagus... Cuma berat susah masuk rata2 d setiap pengguna,2025,livin,aplikasi bagus berat susah masuk guna,0,netral
Yuli Yuli,"kok sekarang mulai September 2025 kok malah POTONGAN pembayaran ADMINSTRASI KARTU DEBIT YA mkin naik ya tadi , bulan agustus Juli juni dan sterus ya gak ada tu. kok abis demo malah makin jadi2 naik ya potongan ya. dah loading trus kadang malas nabung tiap bulan potongan ya hampir 12ribu .",2025,livin,september potong bayar adminstrasi kartu debit mkin agustus juli juni sterus tidak tu abis demo potong loading kadang malas nabung potong ribu,-1,negatif
Tasya Zean,udah berapa minggu livin ga bisa dibuka. di update pun susah loading saja ga bisa bisa,2025,livin,minggu livin tidak bisa buka update susah loading tidak bisa bisa,-2,negatif
Jarvie / JACK MOJICA,semoga makin maju,2025,livin,moga maju,0,netral
Harold West,Untuk Complain Ke Cs nya Susah banget di Hubungi,2025,livin,complain customer service susah banget hubung,-1,negatif
Hamzah,maaf fitur sidik jaringan kok hilang,2025,livin,maaf fitur sidik jaring hilang,0,netral
Denz Deni,"aplikasi nya cepat bagua, cuma kurang suka nya terlalu lama buat tidak transfernya,, dari jam 22.30-01.00 itu sangat lama, dan lebih ga nyaman nya lagi, jam 1.30 udah mulai pemeliharaan sampe jam 02.30 itu yangg bikin tidak nyaman, tolong dikasuh kebijaksanaan soalnya ituu tutup transfer aja lama banget, ditambah jam 1.30 pemeliharaan sistem lama juga.",2025,livin,aplikasi cepat bagua kurang suka lama tidak transfer jam sangat lama tidak nyaman jam pelihara jam yangg tidak nyaman tolong dikasuh bijaksana ituu tutup transfer lama banget tambah jam pelihara sistem lama,0,netral
Andrian Dju,sangat membantu,2025,livin,sangat bantu,0,netral
Muh syarir,"kenapa livin sayabtidka bisa login lagi, selalu ganguan sistem, padahal udah di perbaharui loh, livin tolong lwrbaiki lagi sistem ya",2025,livin,livin sayabtidka bisa login ganguan sistem baharu livin tolong lwrbaiki sistem,0,netral
Elmita Sari,"tiba-tiba m-banking saya tidak dapat diakses harus menghubungi call center ribetnya mintak ampun akun saya diamankan kena Rpt-02, tolong dong kembalikan lagi akun M-banking saya semula mau transaksi jadi ngak bisa ini!",2025,livin,tibatiba mbanking tidak akses hubung call center ribetnya mintak ampun akun aman kena rpt tolong kembali akun mbanking transaksi ngak bisa,1,positif
Andhito bin Bambang Hermanto,kenapa harus minta akses panggilan telp?,2025,livin,akses panggil telp,0,netral
Dwi Prihati Ningsih,"jaman udah digital, tapi nelpon CS Masih dikenakan pulsa, beda sama bank swasta 😓",2025,livin,jaman digital nelpon customer service kena pulsa beda bank swasta,0,netral
Hikmat Jr,kenapa tarik tunai tanpa kartu cuma bisa smpai 2 kali aja... apakah memang dibatasi sperti itu.,2025,livin,tarik tunai kartu bisa smpai batas sperti,0,netral
Ardianus Aji,Sering eror,2025,livin,error,-1,negatif
Rezha akbqr,suka keluar sendiri,2025,livin,suka,1,positif
Ferry Untung Budianto,"ini aplikasi kenapa ya koq muncul pengaturan terus. Mau masukin password ga bisa karena kehalangan notif ""pengaturan""",2025,livin,aplikasi koq muncul atur masukin password tidak bisa halang notif atur,0,netral
bio Rahma,"andaikan ada fitur pengajuan pinjaman tanmpa anggunan, pasti lebih mempermudah nasabah setia mandiri",2025,livin,andai fitur aju pinjam tanmpa anggun mudah nasabah setia mandiri,1,positif
Yudi Wakwaw,"terlalu banyak iklan, terlalu mengganggu aktivitas kerja",2025,livin,iklan ganggu aktivitas kerja,-1,negatif
Imun Sita,"min,mau nanya nerima tranferan d atas jam 12 malam kok belum masuk ya",2025,livin,minmau nanya nerima tranferan jam malam masuk,0,netral
Abie Qomaru,bagus sekali untuk memudah transaksi perbankan,2025,livin,bagus mudah transaksi perban,2,positif
Kisna Maulana,aplikasi aman oke..tapi saya bikin akun livin.disitu di suruh isi saldo 100k terlebih dahulu buat dapetin kartu debitnya.pengiriman 3-14 hari kerja.yang jadi masalahnya sampe sekrang blom dateng2 pdahal udah melebihi batas waktu,2025,livin,aplikasi aman oketapi akun livindisitu suruh isi saldo k dapetin kartu debitnyapengiriman kerjayang sekrang dateng pdahal lebih batas,1,positif
Andreas Kedang,kenapa ya apk livin saya nggak bisa lakukan traksaksi? mohon bantuannya,2025,livin,aplikasi livin tidak bisa laku traksaksi mohon bantu,0,netral
Rifqi Riskulloh,kenapa livin saya jadi ga bisa kebuka pas di buka malah ada tulisan akun belum dapat di akses,2025,livin,livin tidak bisa buka cocok buka tulis akun akses,0,netral
Debby Pontoh Debby Rosalina Pontoh,Tidak muncul ksm nya.padahal Uda pake lama,2025,livin,tidak muncul ksm nyapadahal uda pakai lama,-1,negatif
Sherly,"Saya login di perangkat baru. Saya sudah menerima otp(kode berhasil) lalu ada tulisan ""layanan tidak tersedia untuk semetara.."" padahal saya waktu lalu sudah login tetap tidak bisa dan saya coba hari ini masih tidak bisa",2025,livin,login perangkat terima otpkode hasil tulis layan tidak sedia semetara login tidak bisa coba tidak bisa,0,netral
Bang Mantul,living saya tidak bisa masuk karena RTP 02,2025,livin,living tidak bisa masuk rtp,0,netral
ARI YANTO,aplikasinya bagus banget mempermudah untuk berbagai transaksi apalagi kalau lagi berjauhan dengan keluarga,2025,livin,aplikasi bagus banget mudah transaksi jauh keluarga,2,positif
Tita Sepia,"belum bisa didaftar, layanan masih tidak tersedia untuk sementara terus",2025,livin,bisa daftar layan tidak sedia,0,netral
tha thata02,admin tolong perbaiki ko Livin tidak bisa melakukan top up e money..katanya harus cek jam pembaharuan otomatis..sudah di cek masih tidak bisa melakukan top up..tolong dong ini tau gini gak usah pake Livin ajj,2025,livin,tolong baik livin tidak bisa top up e moneykatanya cek jam baharu otomatissudah cek tidak bisa top uptolong gin tidak pakai livin ajj,3,positif
Nidaul Khasanah,Sangat membantu,2025,livin,sangat bantu,0,netral
esal ramdani,Kenapa livin tiap mau transfer tengah malam gak bisa terus. Ini udh 3 hari berturut2 tidak berhasil trs. Mohon diperhatikan layanan nya agar bisa digunakan setiap saat,2025,livin,livin transfer malam tidak bisa tidak hasil mohon perhati layan bisa,0,netral
ady memet,Aplikasi susah di upgrade,2025,livin,aplikasi susah upgrade,-1,negatif
Asep nuralim,Tolong Perbaiki Riwayat Transaksi Masa Cuma tertera nominal sama nama dan gak bisa di download juga,2025,livin,tolong baik riwayat transaksi tera nominal nama tidak bisa download,1,positif
Febri Setyawan,"tambahan kan,, e money untuk di cairkan ke rekening atau e wallet min,,",2025,livin,tambah e money cair rekening e wallet,0,netral
Novitasari Tiansyah,livin mandiri saya sudah 4 hari susah diakses . ga bisa di buka padahal saya pedagang banyak pake Livin mandiri. mohon bantuannya,2025,livin,livin mandiri susah akses tidak bisa buka dagang pakai livin mandiri mohon bantu,-1,negatif
annisa alifia addila,ini lagi kenapa yah kok tidak bisa d update pdhl penyimpanan kosong data lancar,2025,livin,tidak bisa update simpan kosong data lancar,1,positif
Selamet Selamet,sering berganti cara mengakses,2025,livin,ganti akses,0,netral
Heni Ajaa,"kenapa enggak bisa transfer dan top up sudah seminggu lebih, padahal jaringan full, cuma bisa Terima transfer saja",2025,livin,bisa transfer top up minggu jaring full bisa terima transfer,1,positif
Irul Azwardi,Kenapa akhir -akhir ini login ke Livin susah banget ya..,2025,livin,login livin susah banget,-1,negatif
Areyanti,knp Fitur livinpay nya gah bsa di pake lq. padahal bnyak Limit nYa,2025,livin,fitur livinpay gah bsa pakai lq bnyak limit,0,netral
Ridwan Pitono,"gimana caranya Pasword ke blokir , soalnya kartu juga hilang",2025,livin,pasword blokir kartu hilang,0,netral
Ripal Hidayat,apa cuma saya ya kalo buka aplikasi livin susah banget loadingnya lama. jaringan bagus pun masuk aplikasinya muter2,2025,livin,buka aplikasi livin susah banget loadingnya lama jaring bagus masuk aplikasi muter,-1,negatif
Alam Afanasiy,Pinjaman ksm di mandiri kapan munculnya?. Saya yg payroll via mandiri berharap pihak mandiri memberikan kemudahan bagi kami,2025,livin,pinjam ksm mandiri muncul payroll mandiri harap mandiri mudah,1,positif
Salahuddin Salahuddin83,Bagus sekali,2025,livin,bagus,1,positif
Rene Pokek,"kok setelah di update tidak bisa dibuka, "" sistem hanphone tidak mendukung"" kenapa ya, padahal sebelum di update bisa. tolong dong",2025,livin,update tidak bisa buka sistem hanphone tidak dukung update bisa tolong,0,netral
Roy Ariehadist,"Apl livin sy skrg malah gk bisa di buka,knp ini ??",2025,livin,apl livin tidak bisa bukaknp,0,netral
Irwan Caco,baik,2025,livin,,0,netral
serpihan jiwayangretak,dr sekian aplikasi yg paling bagus dan cepat sejauh ini hanya BRIMO BRI...TAMPILANYA BAGUS CEPET JUGA BUKA NYA. COBA DEH YG LAIN BISA BELAJAR DARI BRIMO,2025,livin,sekian aplikasi bagus cepat brimo britampilanya bagus cepet buka coba bisa ajar brimo,3,positif
Zacking,Daftar nama transfer sering kali hilang sudah 3 kali saya mengalami..,2025,livin,daftar nama transfer hilang alami,0,netral
Night Dream,sekarang sering lemot nih Livin buka nya,2025,livin,lama livin buka,-1,negatif
Riski Dewi pratama,kenapa ga bisa buka sudah ke bank mandirinya tetep ga bisa dibuka,2025,livin,tidak bisa buka bank mandiri tetep tidak bisa buka,0,netral
Sholatiah Sholat,lama pembaruannya,2025,livin,lama baru,-1,negatif
Agus Riyanto,perangkat tidak mendukung di android 15,2025,livin,perangkat tidak dukung android,0,netral
Andik Triyadi,livin paylater kenapa sekarang tidak bisa digunakan,2025,livin,livin paylater tidak bisa,0,netral
Nurul,ini kenapa akun tiba-tiba ga bisa di akses ya? tanggal 25 Juli 2025. 07:01,2025,livin,akun tibatiba tidak bisa akses tanggal juli,0,netral
Syfah Yenny,semenjak update susah login dan sering keluar sendiri,2025,livin,semenjak update susah login,-1,negatif
Suwandi Suwandi,cara buka pengaturan; ada tulisan lindungi transaksi. kok ngga bsa dibuka,2025,livin,buka atur tulis lindung transaksi tidak bsa buka,0,netral
Fi Ra,Sangat biruk msak gk bisa masuk layanan diperbarui kyak gimna,2025,livin,sangat biruk msak tidak bisa masuk layan baru kyak gimna,0,netral
Muhamad Dwiakbar,"biasanya gampang akses nya kok sekarang susah buat daftar nya,harus ke kantor cabang dulu",2025,livin,gampang akses susah daftar nyaharus kantor cabang,-1,negatif
07.Berlian Indra Rosmayanti,"ini kenapa ya ko update ga bisa bisa, padahal sinyalnya bagus memorinya juga ga penuh lho",2025,livin,update tidak bisa bisa sinyal bagus memori tidak penuh lho,1,positif
Muhsi Abdul,bisa cek nomor rekening & ganti pin password gk...?,2025,livin,bisa cek nomor rekening ganti pin password tidak,0,netral
Putra Ragil,orang fripikasi agak beda dari KTP di persulit orang bikin KTP umur 16 sekarang umur 25 ya beda penampilan tolol,2025,livin,orang fripikasi beda ktp sulit orang ktp umur umur beda tampil tolol,-1,negatif
Masanto Ma,aplikasi ini sebenarnya bagus playlater nya tidak ada sayang sekali telalu berkelass jadi malu kita pakai ini,2025,livin,aplikasi bagus playlater tidak sayang talu berkelass malu pakai,1,positif
Nova Manis,"Knp livin tidak bisa dibuka,ada tulisan livin tidak mengakses no telepon",2025,livin,livin tidak bisa dibukaada tulis livin tidak akses no telepon,0,netral
Ari Yawardo,"saya tidak bisa login ke Livin,apakh sedang ada perbaikan",2025,livin,tidak bisa login livinapakh baik,1,positif
Cita S (Sinta),Sering hang ga bs di buka,2025,livin,hang tidak bs buka,-1,negatif
Dwi Aji Pangestu,"Ambil selfi susahnya minta ampun, kalau sistem belum mumpuni g usah pakai aplikasi",2025,livin,ambil selfi susah ampun sistem mumpuni tidak pakai aplikasi,-1,negatif
Iqbal Muhammad,gak bisa login kata nya ada perbaikan kpn selesai nya perbaikan nya,2025,livin,tidak bisa login baik kpn selesai baik,2,positif
Een Patimah,"inikan sy buat m-banking aja. dan dkrmlah kartu fisiknya. tp tanpa buku tabungannya. apakh mmg begitu ya? kcp LIWA sdngkan sy perlu utk Info norek dan nama pemilik. d apk livinnya gkda, jd sy harus gimana nh. d tolak trus karna ga jls dmna letaknya",2025,livin,ini mbanking dkrmlah kartu fisik buku tabung apakh mmg kcp liwa sdngkan info norek nama milik aplikasi livinnya gkda nh tolak tidak jls dmna letak,0,netral
Nofa Wulan,"baru download aplikasi Livin tetapi tidak bisa dibuka, tertulis kartu terblokir itu kenapa ya?",2025,livin,download aplikasi livin tidak bisa buka tulis kartu blokir,0,netral
Ilham A. Fabanyo,verifikasi wajah susah,2025,livin,verifikasi wajah susah,-1,negatif
Chartam Chartam,"memasuki Minggu ketiga tapi kartu ATM nya gak datang datang,, katanya paling lama 16 hari,, payah,,",2025,livin,pasuk minggu tiga kartu atm tidak lama payah,-1,negatif
Agus Kurniawan Ahonk,jangan terlalu sering minta di update dong agak mengganggu,2025,livin,update ganggu,-1,negatif
Haris Rafael,sudah 1 minggu aplikasi ini tdk bisa di buka. tolong apa penyebab nya. gara tdk bisa di buka. sya mau transaksi apa pun jdi sulit. krna uang saya di dalam smua..,2025,livin,minggu aplikasi tidak bisa buka tolong sebab gara tidak bisa buka sya transaksi sulit krna uang,-1,negatif
Maryam Habibah,bagus,2025,livin,bagus,1,positif
nrwn nda,"udah 3 thn lebih pake apk ini, tpi baru kali ini gabisa dibuka disuruh perbaharui kata sandi, giliran di perbaharui gabisa harus nunggu keamanan 24 jam katanya, padahal sengaja nunggu 3 hari biar bisa kebuka tpi ttep gabis. ini gimana min solusinya?",2025,livin,thn pakai aplikasi tidak bisa buka suruh baharu sandi gilir baharu tidak bisa nunggu aman jam sengaja nunggu bisa buka ttep gabis solusi,1,positif
Saepuloh Anwar,"kenapa livin mandiri d android sekarang susah masukny,lama loadingny..tolong di perbaiki lagi.!!!",2025,livin,livin mandiri android susah masuknylama loadingnytolong baik,0,netral
Shanty Wulandari,kenapa notifikasi kode otp email nya gk muncul muncul udah beberapa kali di coba tetap tidak ada notifikasi otp nya. jadi gak terdaftar daftar dah,2025,livin,notifikasi kode one time password email tidak muncul muncul coba tidak notifikasi one time password tidak daftar daftar,0,netral
Muhamad Kurniawan,"kenapa hari ini 19-8-2025, saya tidak bisa buka aplikasi Livin yah (apakah ada update terbaru yg menyebabkan error atau pembaharuan aplikasi?)",2025,livin,tidak bisa buka aplikasi livin update baru sebab error baharu aplikasi,-1,negatif
Asep priant,kenapa saat masuk tidak terhubung,2025,livin,masuk tidak hubung,0,netral
Sriwidya.rulen Rulen,update trus update trus... tpaksa hapus2 trus isi hp,2025,livin,update update tpaksa hapus isi handphone,0,netral
Kellen Owens,"tolong perbaiki sistem keamanan yg lebih tinggi lagi, per hari ini Livin saya kena boboll ,,, saya sarankan pihak mandiri bisa update keamanan yg lebih2 bagus lagii,,",2025,livin,tolong baik sistem aman livin kena boboll saran mandiri bisa update aman bagus lagi,4,positif
Ando vander haln,gangguan ga bisa loading,2025,livin,ganggu tidak bisa loading,-2,negatif
Novi Sofia,"Ribet harus di update terussss,udh gtu lama lagiii",2025,livin,ribet update terussudh gtu lama lagi,-2,negatif
Sugiarti Manik,"akun tiba2 tidak bisa dibuka, sudah direfresh dan instal ulang juga tidak bisa dibuka, padahal penting untuk transaksi.",2025,livin,akun tidak bisa buka direfresh instal ulang tidak bisa buka transaksi,0,netral
Jalan SKD,👍,2025,livin,,0,netral
Hidayat,knpah saat login slalu timbul bacaan (ANDA SEDANG MELAKUKAN PANGGILAN) kira kira kenapah ya,2025,livin,knpah login slalu timbul baca panggil kenapah,0,netral
aerul Hamzah,aneh saldo ada ga bisa transfer makin males pake nyah udah login lemot,2025,livin,aneh saldo tidak bisa transfer males pakai nyah login lama,-1,negatif
Gan Dul,harus bgt ya sering di update di play store capek bgt tau,2025,livin,banget update play store capek banget,0,netral
Sapar Udin,kenapa tidak ada notifikasi uang masuk ya? di email pun tidak ada..,2025,livin,tidak notifikasi uang masuk email tidak,0,netral
Rudy DW,kenapa livin jam bank off line nya terlalu lama dr jam 23.00 sd jam 03.00 ? sangat mengganggu,2025,livin,livin jam bank off line lama jam sd jam sangat ganggu,-2,negatif
Govindapharta,"sejak pembaruan sistem , aplikasi sering force close padahal hp masih mumpuni dan penyimpanan masih sangat banyak. saya kasih bintang 3 jika sudah diperbaiki bintang akan saya ubah",2025,livin,baru sistem aplikasi force close handphone mumpuni simpan sangat kasih bintang baik bintang ubah,-1,negatif
Enim Wijayya.,"tidak bisa masuk selalu ada peringatan untuk mengubah password, padahal Sudah di rubah semua namun ttp tidak bisa",2025,livin,tidak bisa masuk ingat ubah password rubah tidak bisa,0,netral
Darta,aplikasi sangat baik,2025,livin,aplikasi sangat,0,netral
Didin Tajudin,daftar rek baru pas verif muka gagal terus aneh,2025,livin,daftar rekening cocok verif muka gagal aneh,-1,negatif
Ema Setyawati,sering tidak connect,2025,livin,tidak connect,0,netral
Irha Ita Handayani,"Transfer Uang dr Bifast Dana ke Livin By Mandiri kemarin. Status Dana Berhasil, Tapi Saldo Tidak Masuk.. Mohon diperbaiki dan Segera diproses Saldonya...",2025,livin,transfer uang bifast dana livin by mandiri kemarin status dana hasil saldo tidak masuk mohon baik proses saldo,1,positif
Nadyah Zulfiya,terus aja Mintanance.,2025,livin,mintanance,0,netral
Siti Yuhana,"kenapa saat di download dibatalkan otomatis, tidak ter-Download",2025,livin,download batal otomatis tidak terdownload,0,netral
Dedi Kusmayadi,kok nggk bisa di buka mohon solusinya mks,2025,livin,tidak bisa buka mohon solusi mks,0,netral
Rizky Febriyanto,kok tidak ada mandiri paylater nya ya?,2025,livin,tidak mandiri paylater,0,netral
Her manto,"Livin saya kok ngak bisa login ya,tulisanya akun tidak dapat di akses",2025,livin,livin ngak bisa login yatulisanya akun tidak akses,0,netral
Rojikin Kin,"maaf aku kasih bintang 3, soalnya loginnya lama",2025,livin,maaf kasih bintang loginnya lama,-1,negatif
Ace Subrata,"Hp hilang, udh laporan ke cabang mandiri dgn no baru, tapi aplikasi TDK bisa di akses LG, mohon petunjuk🙏",2025,livin,handphone hilang lapor cabang mandiri no aplikasi tidak bisa akses mohon tunjuk,0,netral
Ekky Firmansyah putra,kenapa ga bisa di buka iniiiii?,2025,livin,tidak bisa buka ini,0,netral
Yenny faratih,kendala saya di kartu cridet saya tdk ada power cash dan pay mandiri semua tdk bs,2025,livin,kendala kartu cridet tidak power cash pay mandiri tidak bs,-1,negatif
Farel Gustian,tidak bisa memindahkan rekening Livin ke hp yang lain,2025,livin,tidak bisa pindah rekening livin handphone,0,netral
IIM IMANUDIN,"Fitur aplikasi kaku tidak relevan tidak ada fitur untuk cs dan notifikasi tidak jelas notif ada pas masuk ke aplikasi tidak ada, riwayat tf atau deposit banyak yang hilang terlalu banyak fitur bikin pusing tapi yang dibutuhkan tidak ada, sekelas aplikasi bank kalah dengan aplikasi dompet digital",2025,livin,fitur aplikasi kaku tidak relevan tidak fitur customer service notifikasi tidak notif cocok masuk aplikasi tidak riwayat transfer deposit hilang fitur pusing butuh tidak kelas aplikasi bank kalah aplikasi dompet digital,0,netral
Onward Christian,"Semalam sya transfer dana ke rekening lain,di resi nya udah berhasil TPI pas di cek di rekening tujuan dana nya blom masuk..gmna solusinya",2025,livin,malam sya transfer dana rekening laindi resi hasil cocok cek rekening tuju dana masukgmna solusi,0,netral
Gerhana Annuur,knp setiap mau masuk keluar terus apakh gangguan pada hari in selasai tgl 24-6-2025,2025,livin,masuk apakh ganggu in selasa tgl,-1,negatif
Athaar Abrizam,biaya admin kartu debit berapa kali si dlam 1 bulan..? potongan direkening sya sampai 30 ribuan sebulan.,2025,livin,biaya kartu debit si dlam potong rekening sya ribu bulan,0,netral
bagas stardust,"Akhir2 ini sangat lelet banget loadingnya saat mau login, sampai nunggu lama pas mau bayar2 bikin orang lain nunggu kita. Tolong diperbaiki min",2025,livin,sangat lelet banget loadingnya login nunggu lama cocok bayar orang nunggu tolong baik,0,netral
Faqihpunya Sartati,eror pendaftaran nasabah baru melalui online .. saat melengkapi photo Selfi.. gagal terus.. sampe sekarang tidak dapat terhubung,2025,livin,error daftar nasabah online lengkap photo selfi gagal tidak hubung,-2,negatif
Corea Halil,sangat bagus,2025,livin,sangat bagus,1,positif
Bang Awal,livin tidak dapat di gunakan,2025,livin,livin tidak,0,netral
Jesse Thomas,apdate terus sampi mampus,2025,livin,apdate sampi mampus,0,netral
Ismail Volker,"kecewa sama MANDIRI, pinjaman sudah lunas 1th yang lalu dan sudah di urus semua, tp masih saja muncul saldo tertahan, tolong di perbaiki lagi sistemnya.",2025,livin,kecewa mandiri pinjam lunas th urus muncul saldo tahan tolong baik sistem,0,netral
Agus Rismanto,"Lagi sering error akhir2 ini, suka susah masuk aplikasinya... kenapa yah",2025,livin,error suka susah masuk aplikasi,-1,negatif
Yusi Yusmitha,"Kenapa akhir"" ini sulit sekali dibuat transfer rupiah ya?",2025,livin,sulit transfer rupiah,-1,negatif
Rachmat Dermawan,"Tidak semudah apa yang dinyatakan,begitu KTP diupload berhasil buat rekening tabungan,malah masih ribet harus registrasi lagi pakai kartu debet. Tidak sesimpel dengan Bank Be Er I begitu bikin tabungan baru langsung aktif tanpa harus memiliki kartu debet segala.",2025,livin,tidak mudah dinyatakanbegitu ktp diupload hasil rekening tabunganmalah ribet registrasi pakai kartu debet tidak simpel bank be er i tabung langsung aktif milik kartu debet,0,netral
Defri Ardianto,Mntap Bos,2025,livin,mntap bos,0,netral
Abdullah Maryono,transaksi Qris kalau tertunda saldo berkurang tapi di tunggu sampai 3 hari saldo masih belum balik. kalau mau balik harus beli pulsa buat telpon call center 14000. yang pasti biaya telpon mahal,2025,livin,transaksi qris tunda saldo kurang tunggu saldo beli pulsa telpon call center biaya telpon mahal,0,netral
Rahmat hidayat,kenapa ya pas pindah ke hp baru gak bisa login. banking manidiri livin,2025,livin,cocok pindah handphone tidak bisa login banking manidiri livin,0,netral
Azhara Ajah,aplikasi udah 3 hari engga bisa di buka,2025,livin,aplikasi engga bisa buka,0,netral
Klik 2x,"semenjak payroll mandiri, lama gajian",2025,livin,semenjak payroll mandiri lama gaji,-1,negatif
Ipung Pupung,good,2025,livin,good,0,netral
Gia Gia,mengapa ada iklannya banyak sekali,2025,livin,iklan,0,netral
Karel nahak,Lama bngt loading,2025,livin,lama banget loading,-2,negatif
Choerul Anam,"tiap mau buka apk lag tross, muter² bae. perbaikan apk hampir tiap malem tpi tetep gini² aja",2025,livin,buka aplikasi lag tross muter bae baik aplikasi malem tetep gin,1,positif
Feri Felani,berapa lama proses mbanking di blokir yaa,2025,livin,lama proses mbanking blokir,-1,negatif
Tubagus Aldi G,anjir lah aing rek bayar di Alfamart malah maintenance era ku jalema loba 😢😢😢😢😢,2025,livin,anjing aing rekening bayar alfamart maintenance era ku jalema loba,0,netral
Galih Sutrisno,kenapa saya mau login dengan sidik jari nggak bisa malah disuruh ubah password,2025,livin,login sidik jari tidak bisa suruh ubah password,0,netral
Shasa Ray,"buka Livin sekarang loding banget g cepat kaya kemarin, sama juga livin merchan nya lola",2025,livin,buka livin loding banget tidak cepat kaya kemarin livin merchan lola,1,positif
Fanesya Aulia Hsb,ok lanjutkan,2025,livin,ok lanjut,0,netral
Shilver Lende,sa kasih bintang 3 dulu karna sdh terdafatar masih loading ulng lagi datanya sdh masuk tapi kenapa masih harus punya kartu dulu tolong perbaiki🙏,2025,livin,sa kasih bintang terdafatar loading ulng data masuk kartu tolong baik,0,netral
robby irmawan,kenapa setelah di update tambah lemot aplikasinya?,2025,livin,update lama aplikasi,-1,negatif
Dimas Rinaldi,kebanyakan maintenance transaksi jadi terganggu!!?,2025,livin,banyak maintenance transaksi ganggu,-1,negatif
Angel Eztrada,ini kok no rek saya ga aktf ga bs d gunain gmn,2025,livin,no rekening tidak aktf tidak bs gunain gmn,0,netral
Purba Mergana,kenapa ngk bisa login. kalau buka apk nya langsung keluar,2025,livin,ngk bisa login buka aplikasi langsung,0,netral
Cintanur Aprilia Sugandi,mau buka rekening susah pas poto Selfi nya,2025,livin,buka rekening susah cocok poto selfi,-1,negatif
Andini Eka,"dikit dikit minta update uda di update selang bbrapa minggu minta lg, kaya kl di update makin bagus aja pdl b aja",2025,livin,dikit dikit update uda update selang bbrapa minggu kaya update bagus pdl b,1,positif
sur yana,verifikasi wajah selalu gagal tolong di perbaiki,2025,livin,verifikasi wajah gagal tolong baik,0,netral
Zakaria Hiki,"gagal verifikasi waktu mau bikin mbanking, padahal sudah poto dengan jelassssssssssas",2025,livin,gagal verifikasi mbanking poto jelassas,-1,negatif
Nauval Yusuf,"Jika transfer seharusnya gratis, Gopay saja gratis kalp transfer",2025,livin,transfer gratis gopay gratis kalp transfer,0,netral
Ummu Taqiyya,saya install berkali-kali tapi gagal. kenapa yaaa. padahal sblmnya fine² saja lalu saya unisntall. eh mau install lagi kok ga bisa,2025,livin,install berkalikali gagal sblmnya fine unisntall eh install tidak bisa,-1,negatif
Ahmad Fahrizal,aplikasi Livin tdk bisa di gunakan,2025,livin,aplikasi livin tidak bisa,0,netral
Laminten Ok,"kenapa Livin by mandiri g bisa d buka y, buka aplikasi langsung tertutup tlg dong d perbaiki",2025,livin,livin by mandiri tidak bisa buka y buka aplikasi langsung tutup tlg baik,1,positif
Riki Saepulloh,ga bisa top up,2025,livin,tidak bisa top up,1,positif
roni dadang mardiana,setelah hp diservice kenapa tidak bisa buka livin,2025,livin,handphone diservice tidak bisa buka livin,0,netral
Siti Muna Choerunisa,"Belakangan ini masuknya lama, loading terus. Saya mau transaksi ditunggu lama bangetttttt, sampe ga jadi. Padahal jaringan bagus dan aman. Tolong diperbaiki!!!",2025,livin,masuk lama loading transaksi tunggu lama bangett tidak jaring bagus aman tolong baik,0,netral
Genta Tak,kebanyakan update sialan,2025,livin,banyak update sial,0,netral
Muzaidi Ana,Begitu baik,2025,livin,,0,netral
Titin Nurwati,udah dire start tetp ahh ga bisa...Malay disuruh k bank mandir I terdekat,2025,livin,dire start tetp ahh tidak bisamalay suruh k bank mandir i dekat,0,netral
Darus Ap,"parah banget setiap mau buka livin lama banget, harus beberapa kali bahkan sampe harus matiin HP dulu. tolong diperbaikin",2025,livin,parah banget buka livin lama banget matiin handphone tolong diperbaikin,-2,negatif
Wong Sabar,di hp baru Samsung A14 yang system nya arab ngga bisa login,2025,livin,handphone samsung a system arab tidak bisa login,0,netral
Endah setya,"mohon bantuannya aplikasi ini setiap saya buka selalu close otomatis, saya instal ulang masukan no kartu dll ttp close. apa yg harus saya lakukan??? sangat mengganggu aktivitas saya",2025,livin,mohon bantu aplikasi buka close otomatis instal ulang masuk no kartu dll close laku sangat ganggu aktivitas,-3,negatif
Topik ganas,kenapa yah sekarang mahal bgt perbulnya kepotong nya . biaya saldo sama biaya adminitrasi rekeninya . kepotonya 17.500,2025,livin,mahal banget perbulnya potong biaya saldo biaya adminitrasi reken kepotonya,0,netral
Arnold Robert,"tolong dibenerin ya gak bisa dipakai di samsung yang sudah pakai one ui 7 android 15, bahaya ini",2025,livin,tolong dibenerin tidak bisa pakai samsung pakai one ui android bahaya,0,netral
Jas Manto,suruh update malah gak bisa di buka gimana nih livin jadi gini🤦🏽‍♂️🤦🏽‍♂️,2025,livin,suruh update tidak bisa buka livin gin,0,netral
Iqbal Malik,pinjaman hanya KPR yang bisa digunakan,2025,livin,pinjam kpr bisa,0,netral
Sukirma Kirma,"susah buka aplikasinya,tolong diperbaiki demi kenyamanan",2025,livin,susah buka aplikasinyatolong baik nyaman,1,positif
SULIWA PUTRA SULAIMAN,"masih perlu banyak perbaikan terlalu banyak bugs, disaat mau login kadang lamaa banget terus setelah dihapus data aplikasi terus login pake akun sendiri nyangkut diverifikasi otp bahkan sampe disuruh ulangi lagi",2025,livin,baik bugs saat login kadang lamaa banget hapus data aplikasi login pakai akun nyangkut verifikasi one time password suruh ulang,1,positif
Loren Ren,apakah livin yg sudah diblokir masih bisa diakses kembali,2025,livin,livin blokir bisa akses,0,netral
Ekha Xiaomi,Aplikasi tidak bisa digunakan di hp dengan sistem operasi hyperOS....,2025,livin,aplikasi tidak bisa handphone sistem operasi hyperos,0,netral
Priskilla Wilna Putri,Kenapa setelah terblokir pin sekali tidak bisa daftar lagi?,2025,livin,blokir pin tidak bisa daftar,0,netral
Infinix Zero,"tampilan mutasi dana kurang lengkap.. tidak ada tampilan jumlah dana ketika ada mutasi , atau ada cara lain yang saya belum paham agar sisa dana ketika ada mutasi bisa terlihat?",2025,livin,tampil mutasi dana kurang lengkap tidak tampil dana mutasi paham sisa dana mutasi bisa,0,netral
Kamal Asegaf,"Setiap hari pemeliharaan rutin gada kegiatan kah, sini mau transaksi keluar tidak bawa cash tiap login pemeliharaan rutin terus, setiap malam loh pasti tidak bisa buat transaksi, ada apa sih sebenernyaaaa? capek bener aneh banget asli!!!",2025,livin,pelihara rutin gada giat kah transaksi tidak bawa cash login pelihara rutin malam tidak bisa transaksi sebenernyaa capek aneh banget asli,0,netral
Marsiti Mar,Ini knp kok ga bs dipake ya Livin nya..kluarnya ktrg sharescreen trs..pdhl ga ada share ke siapa2 atau pke aplksi itu,2025,livin,tidak bs dipake livin nyakluarnya ktrg sharescreen trspdhl tidak share pakai aplksi,0,netral
Devy ristiana sari,"kenapa buka livin susah bnget ya,, pdhl buka aplikasi bank sebelah masih lancar2 aja, livin seharian gk konek😭,, gimana klo mau belanja trs mau bayar gk bisa d login,, tolong dong d perbaiki .....",2025,livin,buka livin susah bnget buka aplikasi bank belah lancar livin hari tidak konek belanja bayar tidak bisa login tolong baik,1,positif
Siti Rohana,pliss bgt ini kenapa s3telah update jd super lemoottt?? buka apk saja harus nunggu muter2 biasa nya cepet 🥲,2025,livin,tolong banget s update super lemoott buka aplikasi nunggu muter cepet,0,netral
Aa Suhendar,"tolong ada in update lagi, tidak support untuk hp itel s26 ultra, sistem hp dianggap tidak resmi",2025,livin,tolong in update tidak support handphone itel s ultra sistem handphone anggap tidak resmi,0,netral
Ayra Tisa,suruh ganti sandi terus gimana ya,2025,livin,suruh ganti sandi,0,netral
Yusuf Supriatna,"g bisa di buka min, layanan tidak tersedia terus",2025,livin,tidak bisa buka layan tidak sedia,0,netral
Hana Kariana,Knp tiap buka livin lemot trs hrs instal ulang...mhn diperbaiki min ... lain² jg aman² aja,2025,livin,buka livin lama hrs instal ulangmhn baik aman,1,positif
Fahrul Rozi,sudah beberapa kali TF ke rek lain atau sesama mandiri sering terjadinya TF gagal tapi saldo kepotong !!!,2025,livin,transfer rekening mandiri transfer gagal saldo potong,-1,negatif
Hartono Tono,mantap,2025,livin,mantap,1,positif
Sandi Febriyan,di coba,2025,livin,coba,0,netral
Mustopa topa,tidak bisa login lagi karna lupa pasword tolong d bantu solusi nya dong,2025,livin,tidak bisa login lupa pasword tolong bantu solusi,0,netral
Gita Kristina,"capek bet pake mandiri sekarang apa apa pake biaya admin, mau pindah ke bank sebelah aja",2025,livin,capek bet pakai mandiri pakai biaya pindah bank belah,0,netral
Poly Karpus,mantap,2025,livin,mantap,1,positif
Intannova Aprella,Kenapa ni suka memperbarui pasword bru 1mggu udh 2x ubh pasword... Ni mau dbka pke acara update lg... Gmn ni,2025,livin,suka baru pasword bru mggu ubh pasword dbka pakai acara update gmn,1,positif
Abdul Namit,"untuk Livin tolong perbaiki lagi untuk masuk login lama sekali, loading terus",2025,livin,livin tolong baik masuk login lama loading,-1,negatif
EBONG chanel,ka gimna saya lipa pin trus d blokir benerin nya gimna .... sedangkan saya bikin ga pake kartu,2025,livin,ka gimna lipa pin blokir benerin gimna tidak pakai kartu,0,netral
Mama Arfi,kenapa sekarang gak bisa intip saldo ya,2025,livin,tidak bisa intip saldo,0,netral
Edowardo Ani,tolong dong saya selalu gagal dalam verifikasi kode otp nya tidak dapat di proses mohon kembali sesaat lagi slalu muncul begtu saya tidak bisa login lagi,2025,livin,tolong gagal verifikasi kode one time password tidak proses mohon slalu muncul begtu tidak bisa login,-1,negatif
Syarmani Manie,setelah diupdate error2 kenapa setelah buka kunci langsung kebuka sendiri aplikasinya,2025,livin,diupdate error buka kunci langsung buka aplikasi,-1,negatif
Gholda Alma Sandi,lelet banget buka aplikasinya-_,2025,livin,lelet banget buka aplikasi,0,netral
Damar Ardianto,"Tarik tunai dibatasi 1 jt per hari, menyulitkan konsumen harus transfer ke bank lain yg bisa ambil dengan nominal lebih..",2025,livin,tarik tunai batas jt sulit konsumen transfer bank bisa ambil nominal,-1,negatif
Fajar Wiryawan,"ini saya knpa ga bisa masuk aplikasi ya, Ngebug mulu",2025,livin,knpa tidak bisa masuk aplikasi ngebug,0,netral
Arina Nurlatifa,Apa tidak ada contact center by WhatsApp atau by aplikasi untuk komunikasi dengan customer center?,2025,livin,tidak contact center by whatsapp by aplikasi komunikasi customer center,0,netral
Rusdiana Dian,lama banget saat mau buka aplikasi nya padhl kuota internet banyak ..,2025,livin,lama banget buka aplikasi padhl kuota internet,-1,negatif
andre yogie,Kenapa system oprasi tidak mendukung minimal harus android berapa biar bisa buka ?,2025,livin,system oprasi tidak dukung minimal android bisa buka,0,netral
Dewi Lestari,daftar lagi malah layanan tidak tersedia sementara ini maksudnya bagaimana padahl orang lain bisa,2025,livin,daftar layan tidak sedia maksud padahl orang bisa,0,netral
Asih Awaliaa,update an mulu kagak kelar kelar🥴,2025,livin,update an kagak kelar kelar,0,netral
Mei Dwi Isanto,"Kenapa saya buka livin mandiri sbelum di gunakan trs kembali ke layar hape semula, apakah yg bermasalh hp'nya atu livin sedang dalam maintenance",2025,livin,buka livin mandiri sbelum layar hape bermasalh hpnya atu livin maintenance,0,netral
Putra KiD,Kenapa makin upgrade makin payah di buka min,2025,livin,upgrade payah buka,0,netral
Wahyu Eds,kenapa yha gk bisa login livin ada tulisan layanan tidak tersedia untuk sementara,2025,livin,yha tidak bisa login livin tulis layan tidak sedia,0,netral
Herry Soerjono,Sulit menerima aplikasi nya,2025,livin,sulit terima aplikasi,-1,negatif
aris saputra,"Untuk vermuk susah, tolong di perbaiki lagi",2025,livin,verifikasi muka susah tolong baik,0,netral
Jeruk Lampung,aplikasi gabisa di buka,2025,livin,aplikasi tidak bisa buka,0,netral
zaQi Maulana,mohon maaf kenapa daftar wajah susah bgt sih padahal udah pas terang kedip,2025,livin,mohon maaf daftar wajah susah banget cocok terang kedip,-1,negatif
Riski Maulana,kok malah ngebug ini pas di updte keluar sendiri terus,2025,livin,ngebug cocok updte,0,netral
Risal Saldi,mengapa aplikasi livin mandiri saya TDK bisa transfer uang dan pulsa mohon bantuannya.,2025,livin,aplikasi livin mandiri tidak bisa transfer uang pulsa mohon bantu,0,netral
Dorodod,aneh masa ram 8 GB tidak mendukung hp sya,2025,livin,aneh ram gb tidak dukung handphone sya,0,netral
Tegar Sahirman,kok setiap mau tf ke dana nggak bisa yaa,2025,livin,transfer dana tidak bisa,0,netral
Junior Dedy,ngga bisa masuk untuk akses login pdhal udah punya atm. tapi ga bisa. giliran di coba esok harinya malah aplikasi muter doang. pdhal sinyal lancar,2025,livin,tidak bisa masuk akses login pdhal atm tidak bisa gilir coba esok hari aplikasi muter pdhal sinyal lancar,1,positif
mono adrianto,lumayan cepet sekarang walo sering minta update,2025,livin,lumayan cepet walo update,0,netral
Ach Yusuf,"kenapa aplikasi mbanking mandiri saya dari pagi sampai mlm tdk bisa sibuka ,selalu ada tulisan ""Belum berhasil terhubung"" pdhl sebelumya lancar2 aja dan aplikasi punya tmn2 gk ada mslh",2025,livin,aplikasi mbanking mandiri pagi mlm tidak bisa sibuka tulis hasil hubung sebelumya lancar aplikasi tmn tidak mslh,1,positif
Yasin Ramdani,"udh 3 tahun make bahkan digunakan sebagai TF gaji, tpi blm dpt fitur pinjaman:(",2025,livin,make transfer gaji dpt fitur pinjam,0,netral
Alfa Wenno,akhir2 ini Livin kenapa yaa??,2025,livin,livin,0,netral
Lidia Astuti,"kenapa harus di update ulang yah😌,, tolong kak diperbaiki.. masa aku suruh update mulu, mana penuh pula penyimpanan alhasil blm ke update lagi deh🥲",2025,livin,update ulang tolong baik suruh update penuh simpan alhasil update,1,positif
Teguh Gunawan,ini knpa trouble,2025,livin,knpa trouble,0,netral
Rian J.A,pemeliharaan nya tiap malem banget mau transaksi susah mulu mau bayar makan aja nunggu sejm,2025,livin,pelihara malem banget transaksi susah bayar makan nunggu sejm,-1,negatif
Jaka Sepranda,min berapa kali BIAYA ADMINISTRASI REKENING dlm sebulan dan kenapa BIAYA SALDO MINIMUM baru ada di bulan november ini adanya?,2025,livin,biaya administrasi rekening dlm bulan biaya saldo minimum november,0,netral
AB`DuL OFFICIAL,mau login keblokir terus,2025,livin,login blokir,0,netral
Lambok Mardongan Sitompul,"mohon bantuan nya,saya lupa password..jadi saya tidak bisa mengakses aplikasi ini di karenakan saya selalu salah memasukkan password livin saya..",2025,livin,mohon bantu nyasaya lupa passwordjadi tidak bisa akses aplikasi karena salah masuk password livin,0,netral
GKMI4_MASDARIYAH,sangat susah verifikasi wajah padahal kamera sudah bagus pencahayaan udah terang dan posisi wajah sudah sesuai tapi tetap aja gagal tolong perbaiki lah,2025,livin,sangat susah verifikasi wajah kamera bagus cahaya terang posisi wajah sesuai gagal tolong baik,0,netral
Adi Hariyono,living mdri ok,2025,livin,living mdri ok,0,netral
Ulik Julianto,"tolong min kenapa Livin saya gk bisa di bukak ini,,",2025,livin,tolong livin tidak bisa bukak,0,netral
Benediktus Nikolistyawan Wibawa,Jadi susah kalo pindah hp verifikasi wajah gagal terus mohon dipermudah atau ganti metode lain,2025,livin,susah pindah handphone verifikasi wajah gagal mohon mudah ganti metode,-1,negatif
Fazar Yulianawati,mau buka aplikasi ini dr kmrn susah pagi ini saya un install dan install ulang tp ga bisa jg,2025,livin,buka aplikasi kemarin susah pagi un install install ulang tidak bisa,-1,negatif
brothoSurya project,sering gangguan,2025,livin,ganggu,-1,negatif
Johanes Fernando,ini kenapa akhir2 ini aplikasinya susah untuk di buka min?,2025,livin,aplikasi susah buka,-1,negatif
anisaa Naura,"akhir-akhir ini sering bgt mau buka app nya ada tulisannya Anda sedang melakukan panggilan terus jadi gabisa login. padahal kan nggak lagi melakukan panggilan apapun, udah tutup semua app juga tetep gabisa hilang tulisannya. mau pake app karena perlu, kalo gabisa login gini pakenya gimana coba??",2025,livin,akhirakhir banget buka aplikasi tulis panggil tidak bisa login tidak panggil apa tutup aplikasi tetep tidak bisa hilang tulis pakai aplikasi tidak bisa login gin pakenya coba,0,netral
Amaliya.andani,sekarang top up ke dana gk gratis lagi ada biaya transaksinya. kalau dikaliin udah lumayan banyak tuh lama2 kesedot gk krasa saldo,2025,livin,top up dana tidak gratis biaya transaksi dikaliin lumayan lama sedot tidak krasa saldo,0,netral
Kusut Phalo,"knp ko dri semlm living gk bisa login,tolong di perbaharui biar lebih baik dn lbih nyaman lagi",2025,livin,dri semlm living tidak bisa logintolong baharu dn lbih nyaman,1,positif
Dadang Mamulaty,gimana caranya membuka blokir tanpa adanya ATM,2025,livin,buka blokir atm,0,netral
Nayla ayuning bilqis Bilqis,"knp slalu d update trs,,,,",2025,livin,slalu update,0,netral
Anisa Dwikartika15,Baguss tapi harus di update muluu,2025,livin,baguss update muluu,0,netral
farah dilla fanur,"Udh sekitar satu bulan ini aplikasi livin sulit bgt buat di buka, loading terus bener2 gk membatu saat sedang buru2, mungkin aplikasi nya terlalu berat skrg",2025,livin,aplikasi livin sulit banget buka loading tidak batu buru aplikasi berat,-2,negatif
Hari Susanto,"Saya kurangin bintangnya, Sekelas BUMN perawatanya abal2, ganti semua ITnya. disaat butuh buat transaksi disitu pula eror aplikasinya. Akhir2 ini livin by Mandiri selalu erorrrr",2025,livin,rangin bintang kelas bumn perawatanya abal ganti itnya saat butuh transaksi situ error aplikasi livin by mandiri erorr,-1,negatif
Pesona Truk desa,livin aneh banget masa ATM ku di blokir sementara sedangkan aku gak ada transaksi yg aneh aneh mohon di perbaiki Sistem nya,2025,livin,livin aneh banget atm ku blokir tidak transaksi aneh aneh mohon baik sistem,1,positif
Farhazha Fira,kenapa harus update terus jadi lama,2025,livin,update lama,-1,negatif
Elinda 15,Tolong dong d perpanjang waktu nya masak Bru 3 Minggu update udh mau mintk updat LG,2025,livin,tolong panjang masak bru minggu update mintk updat,0,netral
Kenzo Azhwira,Blm ada sebulan potongan biaya adm kartu debit udh sampe 3x aja..apa²an sih mandiri.. potongan aja terus..kok aneh ya,2025,livin,bulan potong biaya adm kartu debit ajaapaan mandiri potong teruskok aneh,0,netral
Vera Maghfiroh,kenapa sering eror gk bisa transfer katanya harus setelah pengaturan jam dulu,2025,livin,error tidak bisa transfer atur jam,-1,negatif
rudy lumia,kenapa ya riwayat transaksi tidak lengakap atau tidak detail...? tolong sempurnakan lagi misal waktu nya jam dan menit transaksi dan bisa di klik buat memudahakan bukti transaksi..dan saya pengguna pemula,2025,livin,riwayat transaksi tidak lengakap tidak detail tolong sempurna jam menit transaksi bisa klik memudahakan bukti transaksidan guna mula,0,netral
Dhandy Alamsyah,"cara hubungi cs nya gmna ya, yg call gratis",2025,livin,hubung customer service gmna call gratis,0,netral
pyra queen,"selalu minta di-update aplikasinya, sudah tuh loadingnya lama benerrr.duh lah",2025,livin,diupdate aplikasi loadingnya lama benerrduh,-1,negatif
Noer Indra ockta Rudiawan NS,untuk pinjaman ga ada di Livin mandiri,2025,livin,pinjam tidak livin mandiri,0,netral
bayy swn,seringkali tidak bisa transaksi,2025,livin,seringkali tidak bisa transaksi,0,netral
Rizky Somantri,kenapa livin minta di perbaharui password terus? sedangkan sudah di ganti password pun Masih ga bisa di akses aplikasinya,2025,livin,livin baharu password ganti password tidak bisa akses aplikasi,0,netral
St Nurhaliza,"ini kenapa ya suruh diupdate,, giliran mau malah katanya udh ga konfatible silahkan hubungi develover katanya,, skrng malah ga bisa dibuka livinya,,mau di uninstall tapi takut ga bisa masuk lg,, gmna dongg",2025,livin,suruh diupdate gilir tidak konfatible silah hubung develover skrng tidak bisa buka livinyamau uninstall takut tidak bisa masuk gmna dongg,0,netral
Memel Barbie,"untuk hp yang gak bisa update sayang sih jadi gak bisa pakai apl ini, mentok update hp di ios 12 soalnya mohon buat yang aplikasi lite nya 😉",2025,livin,handphone tidak bisa update sayang tidak bisa pakai apl mentok update handphone ios mohon aplikasi lite,0,netral
Bintang Timur,sy udh menggunakan aplikasi dan tiba2 gak bisa masuk dan disuruh ubah password sementara kartu ATM sampe skr blm ada diterima mau kekantor agak jauh tempatnya,2025,livin,aplikasi tidak bisa masuk suruh ubah password kartu atm terima kantor tempat,0,netral
piqri soleha,kecewa ngirim ke dana sering banget gangguan.,2025,livin,kecewa ngirim dana banget ganggu,-2,negatif
Tukiyah Tukiyah,"saya mau update aplikasinya kok g bs terus ya, slalu berhenti pas udh 90-an persen, terus bilang g bs di update aplikasinya, pdhal internet lancar, memori ada, sistem jg update. ??? tlong bntu min",2025,livin,update aplikasi tidak bs slalu henti cocok an persen bilang tidak bs update aplikasi pdhal internet lancar memori sistem update tlong bntu,1,positif
Wahyu Aji,"tolong tambahin setting dark mode dong. semua apk & setting hp udh dibikin dark mode, livin doang yg gabisa. buka livin pas malem jdi tiba² terang banget bikin sakit mata",2025,livin,tolong tambahin setting dark mode aplikasi setting handphone bikin dark mode livin tidak bisa buka livin cocok malem terang banget sakit mata,0,netral
Agus Irawan,agak kesel knp sering banget klo MLM mau di pake GK bisa hadehhh udh pernah kantor pakai ini malah agak susah,2025,livin,kesel banget mlm pakai tidak bisa hadehh kantor pakai susah,-1,negatif
zazna aja,"Di Tablet saya gak mendukung padahal bank lain bisa,tolong versi untuk tab di suport",2025,livin,tablet tidak dukung bank bisatolong versi tab suport,0,netral
DRONE JAWA TENGAH,sekarang sudah gak ada pinjaman online apa mandiri sekarang ya,2025,livin,tidak pinjam online mandiri,0,netral
Badutt Recycle,saat pengajuan ksm yg kedua kalinya sangat ribet.... mentok di isian unit/cabang tempat bekerja...,2025,livin,aju ksm kali sangat ribet mentok isi unitcabang,-1,negatif
GOBER Tv,mantap,2025,livin,mantap,1,positif
WAHYU HIDAYATULLOH,saya ga bisa buka padahal sudah pernah bikin,2025,livin,tidak bisa buka,0,netral
Aulia Pratama,kenapa ya karena bulan tgl kadaluarsa udah kelewat ttp ga kebuka,2025,livin,tgl kadaluarsa lewat tidak buka,0,netral
Yudha Frasetyo,untuk pengiriman kartu atm kok gak pernah sampai alamat tujuan ya,2025,livin,kirim kartu atm tidak alamat tuju,0,netral
Reyza Gara,livin paylaternya kok gak bisa lagi di gunakan ? padahal limit masih ada,2025,livin,livin paylaternya tidak bisa limit,0,netral
Hendarisman Suryadi,waktu offline nya gak tentu.,2025,livin,offline tidak,0,netral
wawan wawan,"update terbaru malah jadi susah log in nya ,lama nunggu ,bukannya mempermudah malah jadi lama",2025,livin,update baru susah log in lama nunggu mudah lama,-2,negatif
Salim Salim,program bagus dan tolong buat akun di perketat and di jaga kerahasiaan nya,2025,livin,program bagus tolong akun ketat and jaga rahasia,1,positif
Riski Devira14,aplikasi ini bagus si cuma kadang gak bisa buka mbanking harus kecabang mandirinya,2025,livin,aplikasi bagus si kadang tidak bisa buka mbanking cabang mandiri,1,positif
Syamsul Huda,verifikasi wajah susah amadddd,2025,livin,verifikasi wajah susah amadd,-1,negatif
‫اِيوَان مَولاَناَ (‪Iwan Maulana‬‏)‬‎,"kenapa buka/ login applikasi livin, keluar mulu.? biasanya lancar, apa sedang maintenance?",2025,livin,buka login applikasi livin lancar maintenance,1,positif
mochamad iqbal waluyo,kenapa di samsung tab s6lite tidak tersedia ya?,2025,livin,samsung tab s lite tidak sedia,0,netral
Deku,Ganti hp baru dan berusaha buat login ke Livin lagi selalu gagal setelah verifikasi wajah dan infonya suruh ke cabang terdekat ketika sudah di cabang ca gabisa bantu juga...trs kalo sekelas cs gabisa bantu saya harus gimana?? Mohon respon dan bantuannya!! Saya udah berulang kali stuck begini!!,2025,livin,ganti handphone usaha login livin gagal verifikasi wajah info suruh cabang dekat cabang ca tidak bisa bantu jugatrs kelas customer service tidak bisa bantu mohon respon bantu ulang stuck,-1,negatif
Zahra Syurgawi,"knapa saya ga bisa login? setiap login ada keterangan kendala sistem pdhl udh smpe tahap yg kode otp masuk, tolong perbaiki",2025,livin,knapa tidak bisa login login terang kendala sistem smpe tahap kode one time password masuk tolong baik,0,netral
erna nur ayu,"terkadang tiba tiba saldo berkurang 2.000 sebenarnya bukan uang besar . tapi ga tau tiba tiba ada potongan saldo 2.000 rupiah, dan itu di luar potongan pajak perbulan yang 6.000. tolong di kasih kejelasan dong, buat apa potongan tersebut.",2025,livin,terkadang saldo kurang uang tidak potong saldo rupiah potong pajak bulan tolong kasih jelas potong,0,netral
Rintan Meyriskia,update terus min perubahannya gaada malah tambah ngelag kasian yang hpnya jelek,2025,livin,update ubah tidak ngelag kasi hpnya jelek,-1,negatif
Ulfa Rida,mau instal ulang kok malah g bs terus knp ini y padahal sdh banyak apl yg dihapus kok masih g bs jg🙏,2025,livin,instal ulang tidak bs y apl hapus tidak bs,0,netral
hendra_hery_wanto sinaga,"Ini kenapa yah tidak bisa login , loading terus. Di uninstall juga ga bisa ?",2025,livin,tidak bisa login loading uninstall tidak bisa,-1,negatif
NET MINECRAFT,sangat baik,2025,livin,sangat,0,netral
susilawati susi,Kenapa mandiri banyak potongan administrasi yang bikin bingung Bahkan lebih dari satu kali dalam sehari Diketerangan biaya administrasi kartu debit Kenapa di saat pembuatan tidak ada pemberitahuan seperti ini,2025,livin,mandiri potong administrasi bingung hari terang biaya administrasi kartu debit buat tidak pemberitahuan,-1,negatif
Ilmy Toys378,"bagaimana kalau saya belom dapat no kartu untuk login ya admin , gk bisa login lagi jadinya",2025,livin,bom no kartu login tidak bisa login,0,netral
Nabila Nazril,"kadang bug saat masuk aplikasi padahal data baru beli dan muncul tulisan harus hapus riwayat dah dihapus dah verifikasi ga bisa masuk lagi padahal o.s 10 coba ditingkatkan lagi masak ganti hp ,baru bisa login trus KLO ga punya hp lebih gimana 🫵",2025,livin,kadang bug masuk aplikasi data beli muncul tulis hapus riwayat hapus verifikasi tidak bisa masuk os coba tingkat masak ganti handphone bisa login tidak handphone,0,netral
Sukma Jaya,gmna cara nya bsa apus riwayat transaksi nya kra2 bsa nggk,2025,livin,gmna bsa apus riwayat transaksi kra bsa tidak,0,netral
Su Bandi,"cukup bagus,sayangnya menu power cash belum ada di aplikasi saya",2025,livin,bagussayangnya menu power cash aplikasi,0,netral
mori Indrianti,mantap,2025,livin,mantap,1,positif
Fitri Dewi,ini kenapa yaaa OTP belum sampai masuk udah ada notif sedang dalam perbaikkan terus,2025,livin,one time password masuk notif baik,1,positif
Achmad Nouval Habib Ar Rohman,"buat top up e-wallet ribet, VA bener, koneksi bagus. Tetep ga bisa, pake QR pun susah kalo ke e-wallet",2025,livin,top up ewallet ribet va koneksi bagus tetep tidak bisa pakai qr susah ewallet,0,netral
Bagus Prasetyo Utomo,"saya tidak bisa login livin, karena harus menggunakan no kartu mandiri,, sedangkan kartu fisik saya hilang, bagaimana caranya untuk mengetahui no kartu saya tanpa harus ke ATM terdekat",2025,livin,tidak bisa login livin no kartu mandiri kartu fisik hilang no kartu atm dekat,0,netral
Khalida Luthfiani Muthmainnah,ko gak bsa d bka aplksi ny ya,2025,livin,tidak bsa bka aplksi ny,0,netral
Farhan Rifaldi,mengapa tidak bisa membuka bank sendiri apa lagi sedang ada gangguan?,2025,livin,tidak bisa buka bank ganggu,-1,negatif
Gio Rekanan,KADANG-KADANG SUKA GAGAL TRANSAKSI DI TENGAH MALEM & DI JAM MALAM,2025,livin,kadangkadang suka gagal transaksi malem jam malam,0,netral
Frans Nababan,Livin saya tidak bisa login min,2025,livin,livin tidak bisa login,0,netral
Pohon Gaharu,"untuk developer, di pengaturan akun, No HP yang terdaftar kok tidak bisa di lihat ya. tolong perbaiki dong",2025,livin,developer atur akun no handphone daftar tidak bisa lihat tolong baik,1,positif
cris kecik,pay letter tidak bisa digunakan sebagai sumber dana lagi.,2025,livin,pay letter tidak bisa sumber dana,0,netral
Yana Tea,kok gak bisa masuk sih kode otpnya gak mau,2025,livin,tidak bisa masuk kode otpnya tidak,0,netral
Ropi Cs,ko Livin saya GK bisa di buka..selalu berhenti dan kembali keluar dengan sendiri nya,2025,livin,livin tidak bisa bukaselalu henti,0,netral
Ahmad Darwin Darwin,kenapa ini ga bisa dibuka selalu minta update terus.setelah di update pun ga bisa,2025,livin,tidak bisa buka update terussetelah update tidak bisa,0,netral
Budi Mulyani,"Livin baik bagus saya suka yang tidak saya suka sekarang livin tidak bisa dibuka hp saya lg,setiap mau login pasti keluar sendiri dari apk, sudah coba dihapus data dan instal ulang tetep sama hasilnya,sudah kirim email juga tetep tidak bisa digunakan",2025,livin,livin bagus suka tidak suka livin tidak bisa buka handphone lgsetiap login aplikasi coba hapus data instal ulang tetep hasilnyasudah kirim email tetep tidak bisa,3,positif
Bastian Tafuli,"Kenapa saya tiap mau TF gagal trus,?",2025,livin,transfer gagal,-1,negatif
Siti Salami,Aduh kenapa livin jdi begini ya... susah utk login. muter-muter mulu gak kebuka buka tombol utk loginnya. dr siang mpe mlm pengen sekedar pop up tengok saldo sj susah.,2025,livin,aduh livin susah login mutermuter tidak buka buka tombol loginnya siang mpe mlm ken dar pop up tengok saldo sj susah,-2,negatif
Kokyok Ae,"eror kah, kok disuruh ganti pasword sama pin berulang""",2025,livin,error kah suruh ganti pasword pin ulang,-1,negatif
Rstnur Anggraini,kenapa punyaku eror dari kemarin tolong di upgrade dong min,2025,livin,punya error kemarin tolong upgrade,-1,negatif
Alika Putri17,"ini kenapa saya tiba"" tidak bisa login ya padahal dah masukin no kartunya dan ga bisa juga mohon pencerahanya",2025,livin,tidak bisa login masukin no kartu tidak bisa mohon pencerahanya,0,netral
Dasmanta Putra,Mantaapp.. skarang sudah bisa deh cek history transks emoney..,2025,livin,mantaapp skarang bisa cek history transks emoney,0,netral
all swiya,"min ini saya kemaren kn lupa password login nya terus di minta login ulang, sudah login ulang tapi selalu di bilang data tanggal lahir salah padahal sudah benar min itu apa nya yang salah min ya selalu di bilang format data tidak sesuai itu gimana ya min???? karna kendala itu saya jadi nggak bisa menikmati fitur"" aplikasi ini lagi ☹️☹️",2025,livin,kemaren kn lupa password login login ulang login ulang bilang data tanggal lahir salah salah bilang format data tidak sesuai kendala tidak bisa nikmat fitur aplikasi,-1,negatif
Jefry Mahemba,sangat memuaskan,2025,livin,sangat muas,0,netral
Elsa Krisna,kok gk bisa login lgi yaa? kenapa ini.,2025,livin,tidak bisa login lgi,0,netral
Steffanus Gerahdi,sejak menggunakan aplikasi Livin ini sy merasa terbantu dan mudah urusan,2025,livin,aplikasi livin bantu mudah urus,1,positif
Kang Man,baik,2025,livin,,0,netral
Johari Spd,kenapa tindak bisa di gunakan kan,2025,livin,tindak bisa,0,netral
M Akwariza,bagus,2025,livin,bagus,1,positif
Winto Muis,ok,2025,livin,ok,0,netral
Tomo Pijet,masuk ke apknya kok mental terus kenapa ya,2025,livin,masuk apknya mental,0,netral
Bayu Murti,belom ada,2025,livin,bom,0,netral
Deni Hardiansah,lebih gampang dan instan,2025,livin,gampang instan,0,netral
Angghie _27,pembayaran nya mudah enggak ribet ...banyak pilihan juga...mantap pokoknya..,2025,livin,bayar mudah ribet pilih jugamantap pokok,0,netral
Akmadmiftakhus Sobirin,bIk cukup,2025,livin,bik,0,netral
Nurdin Jamal,sangat membantu,2025,livin,sangat bantu,0,netral
Aminudin Maftuh,"livin Ok, bagus, tampilan elegan, friendly, tapi untuk transaksi di Livin tlong kalau bisa dibuat 24 jam, dan misal ada jam cut off dikasih notif lah, dan saran saya untuk ATM nya tlong dibuat agak cepat dikit, agak lemot mesin ATM nya",2025,livin,livin ok bagus tampil elegan friendly transaksi livin tlong bisa jam jam cut off kasih notif saran atm tlong cepat dikit lama mesin atm,1,positif
Waidin bener,gmn ni kok ubah pasword lah...,2025,livin,gmn ubah pasword,0,netral
Rian,Tolong tambahkan pilihan tarik tunai tanpa kartu 50.000,2025,livin,tolong tambah pilih tarik tunai kartu,0,netral
Adi Suwarno,Ok,2025,livin,ok,0,netral
Muhammad Nur Ansar,aplikasi baru di update knpa jadi gak bisa dibuka ya min slalu bug dan aplikasi berhenti sendiri?,2025,livin,aplikasi update knpa tidak bisa buka slalu bug aplikasi henti,0,netral
Suheli Lie,salam kerja,2025,livin,salam kerja,0,netral
Novita Sari,"kenapa ya bs masuk, tp g bs d bwt transaksi",2025,livin,bs masuk tidak bs bwt transaksi,0,netral
Yadi Yani,mantol bos,2025,livin,mantol bos,0,netral
Saep Udin,transaksi lebih mudah,2025,livin,transaksi mudah,1,positif
Faidz Citi,"ini Livin di motorola edge 60 fusion tidak bisa dipakai, setelah instal keluar OS anda harus resmi.. padahal OS 15 terbaru inika ln motorola edge 60 ini produksi di Batam Indonesia.. aneeh bin ajaib..jadi ga bisa Makai Livin deeh..tolong dibantu",2025,livin,livin motorola edge fusion tidak bisa pakai instal os resmi os baru inika ln motorola edge produksi batam indonesia aneeh bin ajaibjadi tidak bisa maka livin deehtolong bantu,0,netral
Resty Nila,Susah du bukak,2025,livin,susah du bukak,-1,negatif
Nining antika Syamsu,"ada apa dengan Livin saya kok tidak bisa terbuka ,aplikasinya otomatis keluar sendiri sebelum sempat terbuka",2025,livin,livin tidak bisa buka aplikasi otomatis buka,0,netral
Muh Taufik,mengapa livin saya tidak bisa terbuka dari kemarin ?,2025,livin,livin tidak bisa buka kemarin,0,netral
ari amans,baik,2025,livin,,0,netral
Alit Yuliawati Pelealu,Lemot banget sumpah yaak ini Livin Mandiri kalau dibuka 😩,2025,livin,lama banget sumpah yaak livin mandiri buka,-1,negatif
Al Azhari,sngt membatu,2025,livin,sngt batu,0,netral
Muzakir Daud,"sungguh terganggu benget dgn iklan y,, setiap mau buka hp timbul iklan mandiri,,,, padahal dihp ku sudah ada aplikasi livin mandiri,,,, klo mengganggu trs bisa saya uninstal sekalian ini mandiri,,",2025,livin,sungguh ganggu benget iklan y buka handphone timbul iklan mandiri dihp ku aplikasi livin mandiri ganggu bisa uninstal mandiri,-2,negatif
MUS TOFA,mudah dan murah,2025,livin,mudah murah,1,positif
Karpil Aja,sangat mudah untuk bertransaksi,2025,livin,sangat mudah transaksi,1,positif
Fransiska Bere,Aplikasi tidak bisa di gunakan setelah reset hpku mohon bantuannya,2025,livin,aplikasi tidak bisa reset hpku mohon bantu,0,netral
Mutmudahh Lophepholepell,loadingnya lama bgt parah GK kebuka buka..muncul tulisan belum berhasil terhubung Uda 2 hri ini...parah..,2025,livin,loadingnya lama banget parah tidak buka bukamuncul tulis hasil hubung uda hri iniparah,-2,negatif
Chandra Adi,mudah bgt,2025,livin,mudah banget,1,positif
Jacky Jack,aplikasi livin punya saya susah di buka utk msk jd susah untuk transaksi mohon info ny.,2025,livin,aplikasi livin susah buka msk susah transaksi mohon info ny,-2,negatif
N 1988,perlu di perbaiki lagi sistemnya,2025,livin,baik sistem,1,positif
Mutialmas Faset,"aplikasinya bagus, tampilannya eye-catching, tapi lemot banget astagaaa padahal sinyal bagus. loadingnya terlalu lama dan banyak. baru buka apk, loading. mau mulai transaksi, loading. mau payment, loading. mohon diperbaiki yaa🥺🥺",2025,livin,aplikasi bagus tampil eyecatching lama banget astagaa sinyal bagus loadingnya lama buka aplikasi loading transaksi loading payment loading mohon baik,-2,negatif
Wibri Susilowati,"kenapa buka Livin koq sekarang susah sekali lemot buka loding terus mental keluar gitu,jadi susah buat transaksi,apa lagi sekarang transaksi harus TF jadi susah jadinya Livin saja susah dibuka🤦🏼‍♀️ mohon segera diperbaiki ya",2025,livin,buka livin koq susah lama buka loding mental gitujadi susah transaksiapa transaksi transfer susah livin susah buka mohon baik,-4,negatif
Andre Raharjo,"kalo gajian ga di tranfer aq ga mau buka rekening, pembayaran dari pembaruan kemarin, harus kehilangan 1 ribu, hemmm, males ah,",2025,livin,gaji tidak tranfer tidak buka rekening bayar baru kemarin hilang ribu hemm males ah,0,netral
Nur Indah,"kenapa dr kmrin livin ga bisa dbuka,kl mau login selalu balik ke layar hp awal,ga bisa buka livin smpe hari ini",2025,livin,kmrin livin tidak bisa dbukakl login layar handphone awalga bisa buka livin smpe,0,netral
Sam Ilela,sangat membantu tapi kenapa apknya TDK mau terbuka lagi,2025,livin,sangat bantu apknya tidak buka,0,netral
Novita Nainggolan,"Dear BMRI, kenapa ya menu power cash credit card di Livin saya menghilang?",2025,livin,dear bmri menu power cash credit card livin hilang,0,netral
helmi setiyawan,knp mau log in Livin mandiri susah...keluar sendiri kmarin kemarin hanya lemot saja skrg malah gk bisa dibuka utk transaksi,2025,livin,log in livin mandiri susahkeluar kmarin kemarin lama tidak bisa buka transaksi,-1,negatif
Fikri Febriansyah,"sekarang kenapa ya aga lambat untuk masuk ke Apk ? padahal jaringan nya bagus tpi lemot , harus di refresh berapa kali juga",2025,livin,aga lambat masuk aplikasi jaring bagus lama refresh,-1,negatif
zikri ramadhan,Alhamdulillah. Bagus aplikasinya,2025,livin,alhamdulillah bagus aplikasi,1,positif
nurdin Ck,tolong di perbaiki lagi.sinyal sudah stabil tapi selalu muter muter terus pas di buka aplikasinya,2025,livin,tolong baik lagisinyal stabil muter muter cocok buka aplikasi,2,positif
AGUS SETYAWAN,"kenapa saya tidak bisa menggunakan aplikasi livin ,setelah log out",2025,livin,tidak bisa aplikasi livin log out,0,netral
MURIQI TV,coba dulu seperti apa,2025,livin,coba,0,netral
Dita Septiani,kks saya sudah 2buln blum aktif apa saya harus ke bank nya langsung untuk membuka blokir nya,2025,livin,kks buln blum aktif bank langsung buka blokir,0,netral
Irna Indriana,bagus sih tp kadang suka tbtb aplikasi berhenti,2025,livin,bagus kadang suka tbtb aplikasi henti,2,positif
Fatan Putra narni,kenapa pas mauu buka mlh langsung keluar GK ke buka tolong gimana ini di perbaiki dong GK bisa di buka,2025,livin,cocok mauu buka mlh langsung tidak buka tolong baik tidak bisa buka,1,positif
Rizal Bounez,baik,2025,livin,,0,netral
Hardiyas Nina,"cara mendapatkan Pinjaman KSM Mandiri bagaiman yaa,saya sudah lama jadi nasabah mandiri tapi di Livin saya belum Muncul untuk pinjaman KSM mandiri nya.",2025,livin,pinjam ksm mandiri bagaiman yaasaya lama nasabah mandiri livin muncul pinjam ksm mandiri,-1,negatif
Riki Ampera,kenapa susah akses aplikasi ny ya,2025,livin,susah akses aplikasi ny,-1,negatif
Saka Abrisam,oke baik,2025,livin,oke,0,netral
Hus Mubar,"nanti aku kasih bintang 5 kalau udah ada fitur dark mode di aplikasinya, silau mata kalian transaksi malam hari.",2025,livin,kasih bintang fitur dark mode aplikasi silau mata transaksi malam,0,netral
Hasan Ac,good,2025,livin,good,0,netral
Vie Fin,"aplikasi nya bagus,ga ngelag,lancar pokoknya suka...",2025,livin,aplikasi bagusga ngelaglancar pokok suka,1,positif
Awal Pembaharuan,yah😀👍,2025,livin,,0,netral
dicky pemalang,senang sekali bisa bergabung di livin by mandiri,2025,livin,senang bisa gabung livin by mandiri,0,netral
Leli Nazili,Apk hurufnya kecil kalau saran agak dibesarin dah.,2025,livin,aplikasi huruf saran dibesarin,0,netral
Buky Hamdi,membantu,2025,livin,bantu,0,netral
Dinar Windira,Kenapa aplikasi tidak bisa dibuka ya,2025,livin,aplikasi tidak bisa buka,0,netral
LULU SA'IDAH * HAYNAF STORY,"padahal jaringan bagus, tapi kenapa sulit sekali log in ya",2025,livin,jaring bagus sulit log in,0,netral
Zulfi Kar,kenapa ya gak bisa install,2025,livin,tidak bisa install,0,netral
Fauzhan Al Ghifari,"min kayanya harus ada pembaharuan untuk mencegah bug deh, soalnya akhir akhir ini livin lemot banget",2025,livin,kaya baharu cegah bug livin lama banget,-1,negatif
Edy Aquarius,knpa ya Uda masukan no rek.suru tnggl bulan lahir sla terus knp iaa,2025,livin,knpa uda masuk no reksuru tnggl lahir sla iaa,0,netral
Yayan Sidik,"praktis,serbaguna,simpel",2025,livin,praktisserbagunasimpel,0,netral
DdleniiLestarii,"tiba tiba keluar akun gak bisa di akses,tolong lah mandiri d perbaikisaya udh seneng pake mandiri ,eh malah tiba tiba gak bisa d pake,nelpon call center malah slow respon",2025,livin,akun tidak bisa aksestolong mandiri perbaikisaya neng pakai mandiri eh tidak bisa pakenelpon call center slow respon,0,netral
Ilham Abdul Hakim,waktu bikin rekening ada eror input ga ada pesan nya. nama ibu kandung harusnya kapital tapi ga ada pesannya. jadi ga bisa submit. tolong perbaikannya,2025,livin,rekening error input tidak pesan nama kandung kapital tidak pesan tidak bisa submit tolong baik,0,netral
Khairun nisa,"halo mandiri, kok aplikasi livin saya gabisa kebuka yah loading terus sudah saya update sampai instal ulang juga gabisa masuk padahal saya sudah isi pasword dan kok tetap gabisa tertulis ulangi dan coba lagi begitu terus ini gimana yah kok begini",2025,livin,halo mandiri aplikasi livin tidak bisa buka loading update instal ulang tidak bisa masuk isi pasword tidak bisa tulis ulang coba,-1,negatif
Raka Pratama,apk sangat berguna sekali tapi sekarang pas mau Transfer ada biaya admin nya nggak kaya dulu padahal ini apk bank besar ko ada biaya adminnya di apk BRIMO gk ada biaya adminya tolong agar tidak merugikan pengguna apk ini,2025,livin,aplikasi sangat guna cocok transfer biaya tidak kaya aplikasi bank biaya adminnya aplikasi brimo tidak biaya adminya tolong tidak rugi guna aplikasi,0,netral
krisna wati,kenapa 2 bln ini tiap buat top up pasti kena biaya admin🫠🫠,2025,livin,bln top up kena biaya,1,positif
Kenan Bmy,kenapa aplikasi punya saya tidak bisa di buka yah,2025,livin,aplikasi tidak bisa buka,0,netral
Agusjaya Waruwu,"Kok baru"" ini ya,,,, setiap ak transaksi selalu ada potongan.mulai dari dana maupun bayar shopee sllu ad potongan, dari kmren ngk ada kek gtuuu.🙂‍↕️🙏",2025,livin,ak transaksi potonganmulai dana bayar shopee sllu ad potong kemarin ngk kek gtuu,0,netral
Ajat Indri,"bagus sih tapi sayang kalo sudah keluar atau ganti hp gada cara buat login kembali, dan harus ada kartu sedangkan kartu blom juga kunjung diantar.",2025,livin,bagus sayang ganti handphone gada login kartu kartu kunjung antar,1,positif
Kholiq Purnomo,"mungkin, perbaiki beberapa bug saja",2025,livin,baik bug,1,positif
Try Agustin,"perlu waktu lama untuk apk ini terbuka, loading sekali muter-muter, padahal sinyal ok paketan data aman, bikin tidak nyaman saat digunakan terutama untuk pembayaran mohon ditingkatkan lagi",2025,livin,lama aplikasi buka loading mutermuter sinyal ok paket data aman tidak nyaman bayar mohon tingkat,0,netral
Ibnu Yudha,sangat membantu dan amanah😚😁😇,2025,livin,sangat bantu amanah,0,netral
Rafi Noor Fauzi,bagus tapi terkadang suka erorr,2025,livin,bagus terkadang suka erorr,2,positif
SITI ROFIAH,"Pelayanan Ramah, Baik, Oke Mantap...",2025,livin,layan ramah oke mantap,1,positif
Anjar alam Triloka 12iis2,"setelah di hapus trus di download lagi ,kok ga bisa login ya , tolong dong , soal nya saya belum punya kartu bank nya",2025,livin,hapus download tidak bisa login tolong kartu bank,0,netral
Haikal Muzaqi,Aplikasi udah bagus cuma proses login akun perifikasi wajah nya ga guna udah kedip kedip juga masih ga bisa,2025,livin,aplikasi bagus proses login akun perifikasi wajah tidak kedip kedip tidak bisa,1,positif
Maryuni Zonex,"sangat membantu,",2025,livin,sangat bantu,0,netral
Anggi Saputri,kenapa ya apk livin nya keluar terus padahal mau tf tapi ga bisa karna apk keluar keluar terus tolong diperbaiki bug nya,2025,livin,aplikasi livin transfer tidak bisa aplikasi tolong baik bug,1,positif
MOH BUSAERI,aplikasi pay later sudah gak bisa di pake ya? padahal dah lunas dan lancar jaya pembayaran....mohon solusi...,2025,livin,aplikasi pay later tidak bisa pakai lunas lancar jaya pembayaranmohon solusi,1,positif
Khafiz Rifai,"aneh lama"" mau tf gak bisa padahal nomor yang mau di tf bener",2025,livin,aneh lama transfer tidak bisa nomor transfer,-1,negatif
Ali Wafa,"4 aja dulu, baru coba",2025,livin,coba,0,netral
benny asa,Banyak uang gampang2 az,2025,livin,uang gampang az,0,netral
Agus Riyoo Ry,aplikasi saya livin gak biss login. sebelum nya bisa karena habis install ulang kok jadi gak bisa,2025,livin,aplikasi livin tidak biss login bisa habis install ulang tidak bisa,0,netral
wan46 3632,"Mandiri Aman, Nyaman, Yerdepan",2025,livin,mandiri aman nyaman yerdepan,2,positif
Muhammad Rifai,"ini kenapa ya,livin loading jadi lama,terus jadi sering forclose",2025,livin,yalivin loading lamaterus forclose,-1,negatif
Muhammad Mashuri,kok bisa kepotong biaaya adminitrasi kartu sampai 2 x. biasaya 6000. in kok sampai 2 x jadi 12000 gmn ya,2025,livin,bisa potong biaaya adminitrasi kartu biasaya in gmn,0,netral
Moh Saleh,sangat bagus dn praktis,2025,livin,sangat bagus dn praktis,2,positif
M Irham,"kenpa saya mau bayar melalui qris, malah ada bacaan ""tertunda"" tapi saldo saya sudah terpotong?",2025,livin,kenpa bayar qris baca tunda saldo potong,0,netral
Rustandi 21,gara2 ganti hp pas masuk di hp baru susah masuk lagi pas deteksi wajah y gagal trus,2025,livin,gara ganti handphone cocok masuk handphone susah masuk cocok deteksi wajah y gagal,-2,negatif
Wah yudi,mantap,2025,livin,mantap,1,positif
Agit Surahman,"min knpa living saya , waktu mau bagikan resi transfer suka keluar sendiri ya",2025,livin,knpa living bagi resi transfer suka,1,positif
Melky Sembiring,"aplikasi nya bagus, ini ada sedikit ngebug atau gimana saya ga tau, jadi saya mau top up dana awalnya kak 89508(nomorkita) nahhh semua nomornya udh pas, tapi kok""nomor tidak ditemukan"" kok gitu?",2025,livin,aplikasi bagus ngebug tidak top up dana nomorkita nahh nomor cocok koknomor tidak temu gitu,2,positif
Ramdan Abdul Gani,baru pakai livin semoga bagus,2025,livin,pakai livin moga bagus,1,positif
Tyo aditia pratama,"pengiriman kartu nyh udah melebihi 20hari kerja tapi ga sampai""",2025,livin,kirim kartu nyh lebih kerja tidak,0,netral
Fajar Mustofa,"ini gmna si mau login pas verifikasi wajah saya sudah mengikuti panduan di layar, mohon berkedip, sudah berkedip masih aja ga bisa² aneh, padahal saya sudah pernah login.",2025,livin,gmna si login cocok verifikasi wajah ikut pandu layar mohon kedip kedip tidak bisa aneh login,0,netral
Gani Wijaya Armando 018,tolong berikan opsi untuk login biometrik menggunakan face recognition,2025,livin,tolong opsi login biometrik face recognition,0,netral
Dwie Yanto,"mantap,,semua di permuda",2025,livin,mantapsemua muda,0,netral
Darlena Arlin,tidak tersedia fitur pinjaman atau ajukan kartu kredit,2025,livin,tidak sedia fitur pinjam aju kartu kredit,0,netral
Dirman Syah,bagus,2025,livin,bagus,1,positif
Jaka Jeck,Loadingya lemot,2025,livin,loadingya lama,-1,negatif
MALIQYLA Music,good,2025,livin,good,0,netral
Wulan Celline,aplikasi sudah bagus tapi sayangnya tidak ada fitur cetak struknya,2025,livin,aplikasi bagus sayang tidak fitur cetak struknya,1,positif
eko purwanto,power chas gak muncul,2025,livin,power chas tidak muncul,0,netral
Haris Saja,kenapa saya mau top up gabisa,2025,livin,top up tidak bisa,1,positif
agie muslieh,Sangat membantu dlm brtransaksi...so far so good.!!,2025,livin,sangat bantu dlm brtransaksiso far so good,0,netral
Amar Touwe,bagus apk nya,2025,livin,bagus aplikasi,1,positif
Didik Murdiati,masih banyak kendala di bagian pendaftaran,2025,livin,kendala daftar,-1,negatif
Adi Ada,"ok semoga lbih aman,lancar dan sukses",2025,livin,ok moga lbih amanlancar sukses,0,netral
Pungki Yuliana,kenapa sekarang loadingnya jadi lama banget ya,2025,livin,loadingnya lama banget,-1,negatif
Murgi Morgan,kenapa sekarang power cash sudah tidak muncul di aplikasi livin.... padahal lebih dari setahun sebelumnya ada?,2025,livin,power cash tidak muncul aplikasi livin tahun,0,netral
Sarif Udin,pendaftaran susah banget sih balik ke awal terus,2025,livin,daftar susah banget,-1,negatif
Petruk 99,sangat membantu dalam transaksi ...terima kasih livim by mandiri lebih di sempurnakan lagi,2025,livin,sangat bantu transaksi terima kasih livim by mandiri sempurna,0,netral
Putra Astika,"mohon info....,,aplikasi livin saya tidak bisa dibuka dari kemarin yaaa....???",2025,livin,mohon infoaplikasi livin tidak bisa buka kemarin,0,netral
YourEyes,min tolong tambahkan fitur dark mode,2025,livin,tolong tambah fitur dark mode,0,netral
Indah Zebua,udah beberapa hari mobile banking nya gak bisa di buka.,2025,livin,mobile banking tidak bisa buka,0,netral
Dede Femi,Susah buka apk,2025,livin,susah buka aplikasi,-1,negatif
Deni Widarsun,"pada awal biasa saja tapi kok tiba tiba tidak bisa dibuka ya akun sama aplikasi nya,pas kebuka tiba tiba keluar lagi.ini kenapa ya,saya dah coba cek internet dan lain lain tidak ada masalah...",2025,livin,tidak bisa buka akun aplikasi nyapas buka lagiini yasaya coba cek internet tidak,0,netral
Mukhlisin Reareo,"kok bisa sih pake ada updatan bareng, momori hp udh penuh malah Livin ngak bisa di buka",2025,livin,bisa pakai updatan bareng momori handphone penuh livin ngak bisa buka,0,netral
Aryaa Sakti,👌🏻,2025,livin,,0,netral
Saiful Pentol,mantap,2025,livin,mantap,1,positif
Taha Achil,halo.bg saya disini mau komplain saya tuh udah ada akun mandiri udah tercantum dan saya belum memiliki kartu debit kok saya gk bisa masuk in akun saya gak ada cara buat masuk tanpa kartu debit tolong bantulah,2025,livin,halobg komplain akun mandiri cantum milik kartu debit tidak bisa masuk in akun tidak masuk kartu debit tolong bantu,0,netral
Supriyadi Yadi,cukup membantu,2025,livin,bantu,0,netral
Riri Marselina,kenapa akun mandiri saya tidak bisa di buka,2025,livin,akun mandiri tidak bisa buka,0,netral
Amel Seli,Bagus,2025,livin,bagus,1,positif
Wanda Julia Sandra,"knp sekarang kalau top up dana ada biaya admin nya ya, padahal di bank lain nggak loh, kecewa sih",2025,livin,top up dana biaya bank tidak kecewa,0,netral
Ika Kuntari,puas dengan pelayanan,2025,livin,puas layan,1,positif
Dini Suharyati,"kenapa di jam jam tertentu sulit melakukan transfer, top up atau transaksi lainnya , seperti diatas jam12 malem",2025,livin,jam jam sulit transfer top up transaksi atas jam malem,0,netral
Nico Terserah,improve,2025,livin,improve,0,netral
Merdi Ktb,lumayan. cuman syang nya harus berulang kali login,2025,livin,lumayan cuman syang ulang login,0,netral
Aldi-DESKTOP,"Aplikasi nya sudah bagus, cuman sayang tidak bisa menyimpan no rekening yang sudah di Transfer jadi kalau mau transaksi ke rekening orang harus tulis manual lagi, tolong diupdate untuk kedepan nya, agar ada fitur menyimpan no rekening orang",2025,livin,aplikasi bagus cuman sayang tidak bisa simpan no rekening transfer transaksi rekening orang tulis manual tolong diupdate depan fitur simpan no rekening orang,1,positif
Ruslan Birin,Alhamdulillah agak lancar,2025,livin,alhamdulillah lancar,1,positif
Nanang Kudrat,kalo d buka suka lemot,2025,livin,buka suka lama,0,netral
Nur alam Ramadani,KA saya lupa password gimana cara lupa kata sandi nya sedang kan saya tidak punya kartu nya,2025,livin,ka lupa password lupa sandi tidak kartu,0,netral
agnes agnes,mohon maaf mau tanya ini kok aplikasi nya di instal dari tadi kok tidak bisa ya padahal sinyal nya bagus pakai wfi juga gak bisa,2025,livin,mohon maaf aplikasi instal tidak bisa sinyal bagus pakai wfi tidak bisa,1,positif
Suyono Arif,mantappp...,2025,livin,mantapp,0,netral
habib,"kenapa aplikasi Livin itu berat bukanya ya. kalau karena spek hp, nyatanya yang lain bisa cepet. tp Livin bisa 5-10 menit loading nya. tolong dong min diperbaiki. bukan pengin membandingkan, cobalah lihat aplikasi bank yg lain yg lebih ringan bukanya",2025,livin,aplikasi livin berat buka spek handphone bisa cepet livin bisa menit loading tolong baik pengin banding coba lihat aplikasi bank ringan buka,0,netral
Van Megazines,ini kenapa aplikasinya saya ga bisa login sama sekali masa maintance dari jam 11 malem sampe sekarang ga bisa dibuka,2025,livin,aplikasi tidak bisa login maintance jam malem tidak bisa buka,0,netral
Dany N.A,ngebug ga bsa dibuka sama sekali. app eror,2025,livin,ngebug tidak bsa buka aplikasi error,-1,negatif
Andika Blewer,kenapa ini tidak bisa login,2025,livin,tidak bisa login,0,netral
Hadiz Gurun,sangat bagus,2025,livin,sangat bagus,1,positif
NUR Hadi,sudah 2 hari livin by mandiri gk bisa di buka,2025,livin,livin by mandiri tidak bisa buka,0,netral
devi emarita dewi,"adakah yang setelah update aplikasi Livin,limit paylatter malah gak bisa digunakan?udah telpon service center,dioper2 kesana kemari telpon nya ngabisin pulsa tapi gak ada jawaban.ujung ujung nya suruh ke kantor aja🤦🏻",2025,livin,ada update aplikasi livinlimit paylatter tidak bisa digunakanudah telpon service centerdioper kesana kemari telpon ngabisin pulsa tidak jawabanujung ujung suruh kantor,0,netral
Sumi Ati,sangat cocok Buat saya memudahkan saya melakukan transaksi,2025,livin,sangat cocok mudah transaksi,1,positif
Regina S Trisnawati,Lebih efisien dlm transaksi. Lbh cpt.. Hemat waktu..,2025,livin,efisien dlm transaksi lbh cpt hemat,0,netral
Erna Sari,"aplikasi ini mempermudah transaksi,tapi kenapa ya dari pagi aplikasi nya TDK bisa di buka ,,mau transaksi jadi ga bisa padahal biasa nya gpp.",2025,livin,aplikasi mudah transaksitapi pagi aplikasi tidak bisa buka transaksi tidak bisa tidak apa,1,positif
Siti Habibah,"hari ini aku coba untuk login tapi gagal trus, gimna ya",2025,livin,coba login gagal gimna,-1,negatif
Andika Bagas,"aplikasi buruk, buang buang waktu orang sama orang lain buka aplikasi bener bener lama banget alias ujung ujungnya eror, ditunggu gabisa gabisa woy mau bayar pake qr ini kocak ni sekelas himbara ko begini sih",2025,livin,aplikasi buruk buang buang orang orang buka aplikasi lama banget alias ujung ujung error tunggu tidak bisa tidak bisa woy bayar pakai qr kocak kelas himbara,-3,negatif
Agustina Nainggolan,lancar,2025,livin,lancar,1,positif
Rika Indriyanti,satu harian full tdk bisa di buka ad apa kaaa....,2025,livin,hari full tidak bisa buka ad kaa,0,netral
Satria S Dg Situju,oke mbaik 👍👍👍,2025,livin,oke mbaik,0,netral
Rahmat Hidayat,ongkir kirim nya tolong di murahin dong kemahalan itu,2025,livin,ongkir kirim tolong murahin mahal,0,netral
panggil aja kiky,"saya investasi bulanan otomatis, saldo saya sudah kepotong tapi tidak masuk ke investnya",2025,livin,investasi bulan otomatis saldo potong tidak masuk investnya,0,netral
Jhonson 27,mohon di tingkatkan pelayanan nya. saya sudah 4 bulan minta penggantian kartu tapi belum kunjung ada info kartunya untuk di kirim. mohon di tinjau,2025,livin,mohon tingkat layan ganti kartu kunjung info kartu kirim mohon tinjau,0,netral
Aidil Syah Putra,"Susah banget pemakaian diluar negeri kalau mau buka terkadang ada kendala, entah apanya, gak tau.. Tolong ditingkatkan lagi",2025,livin,susah banget pakai luar negeri buka terkadang kendala apa tidak tolong tingkat,-2,negatif
Joy,"sebenarnya bagus, cuman sayang aja suka ngelag... tolong di benerin lagi aplikasinya agar tidak ngelag",2025,livin,bagus cuman sayang suka ngelag tolong benerin aplikasi tidak ngelag,2,positif
Ayubi ayu nabila lia,Saya belum pernah membagikan Nomer Rekening saya.tapi kenapa ko ada yang TF Saldo 1000.00 rp.ke norek saya..? apa itu berbahaya..?,2025,livin,bagi nomer rekening sayatapi transfer saldo rpke norek bahaya,0,netral
AHMAD TANFIDA,"Min jika di dashboard Livin Muncul menu Tulisan "" Permintaan Baru "" Terus Langsung Hilang itu bagaimana ya ?",2025,livin,dashboard livin muncul menu tulis minta langsung hilang,0,netral
SINGA PATRA HAMS,bgs membantu keren pokoknya,2025,livin,bgs bantu keren pokok,0,netral
Mastok,"kenapa Livin sekarang susah untuk daftar, udah masukan nomor hp untuk ngirim kode otpnya malah kembali ke menu utama...",2025,livin,livin susah daftar masuk nomor handphone ngirim kode otpnya menu utama,-1,negatif
Syari Oi,good,2025,livin,good,0,netral
Maulana Maulana,"semua aman2 aja dan lancar2, jd kynya ok deh , semua saya rasa terbantu, lanjutkn...",2025,livin,aman lancar kynya ok bantu lanjutkn,2,positif
Hamzah Hamzah,mm..m..o...om,2025,livin,mmmoom,0,netral
Fanani ahmad,"Mohon untuk fitur paylaternya di aktifkan, sayang ini ada limit 10jt ga bisa di pakai",2025,livin,mohon fitur paylaternya aktif sayang limit jt tidak bisa pakai,0,netral
mpok Mideh,Alhamdulillah lancar skrg,2025,livin,alhamdulillah lancar,1,positif
Akun Bott,Gara2 hp rusak.. Jadi harus instal kembali apk livin nya.. Smoga bisa tanpa harus dtg ke bank mandiri..,2025,livin,gara handphone rusak instal aplikasi livin smoga bisa dtg bank mandiri,0,netral
Zuyyina Anastasia,"lagi butuh-butuhnya malah diminta update aplikasi, mana memori ngepas pula...padahal udah di-update pun aplikasinya masih sama aja",2025,livin,butuhbutuhnya update aplikasi memori ngepas pulapadahal diupdate aplikasi,0,netral
Restu Agil Purnomo Adi,"Terkait transaksi pembayaran masuk ke akun, tidak ada notifikasi baik di aplikasi maupun di email. Tolong untuk tambahkan fitur ini. Terima kasih",2025,livin,kait transaksi bayar masuk akun tidak notifikasi aplikasi email tolong tambah fitur terima kasih,0,netral
Masenih Prasetyo,loadingnya berat.. tolong di perbaiki 🙏,2025,livin,loadingnya berat tolong baik,1,positif
Dytggah69 Gagagh,benersan,2025,livin,benersan,0,netral
Nana L,mantap pas dan oke,2025,livin,mantap cocok oke,1,positif
Enda Saputra,bagu cuma agak ngekek kalo di buka,2025,livin,bagus ngekek buka,1,positif
Kang Dhek,sip ok,2025,livin,sip ok,0,netral
Suryadi Adi,aplikasi y ok,2025,livin,aplikasi y ok,0,netral
Dori Dori,bagus,2025,livin,bagus,1,positif
Yemmy,senang menggunakan Livin By Mandiri,2025,livin,senang livin by mandiri,0,netral
Muhammad Setiawan Jhodi,livin sekarang banyak potongan sama biaya admin kalau mau bayar apa apa juga mohon di perbaiki,2025,livin,livin potong biaya bayar mohon baik,1,positif
Hanif Dinulloh,"halo ka, saya mau tanya kenapa ya setiap mau topup dana selalu nomor salah, padahal sebelumnya bisa dengan nomor yang sama",2025,livin,halo ka topup dana nomor salah bisa nomor,0,netral
Sok Tau,saya transaksi selalu ada kendala 😡,2025,livin,transaksi kendala,-1,negatif
liangtae,"memudahkan dan terbantu, tapi di bagian investasi dan saham, belum ada fitur beli saham yang akan E - IPO",2025,livin,mudah bantu investasi saham fitur beli saham e ipo,1,positif
ANTP Chanel,ojos,2025,livin,ojos,0,netral
Atta Prayitno,jos,2025,livin,jos,0,netral
Rebecca Viona,dulu saya download dan jadi pake mandiri sampe sekarang karena trejo pernah diundang muehehe😁🙏,2025,livin,download pakai mandiri trejo undang muehehe,0,netral
nauli fajarillah,"sebenarnya bagus sekali aplikasi ini. tpi kenapa ditengah malem selalu aja maintance. haduuh, memangnya bank plat merah gk ada midal buat pemeliharaan dengan waktu cepat??",2025,livin,bagus aplikasi tengah malem maintance haduuh memang bank plat merah tidak midal pelihara cepat,2,positif
Adi Hanif,"loading screen awal untuk buka app sangat lama. terjadi di app livin bukan milik saya saja tapi teman2 di kantor juga mengeluhkan hal yang sama. Mohon di perbaiki karena untuk pembayaran qris jadi terkendala. (Sudah update app terbaru, internet lancar, dengan hp keluaran terbaru.)",2025,livin,loading screen buka aplikasi sangat lama aplikasi livin milik teman kantor keluh mohon baik bayar qris kendala update aplikasi baru internet lancar handphone keluar baru,-1,negatif
Fredy Rahmanto,kenapa bayar v/a sekarang dikenakan biaya .. padahal bulan lalu gak kena ? mana biaya admin naik pula kartu atmnya ..hadeh ya kali sini pembisnis ..cuman penerima upah geh. gak bisa sampe nol saldo juga paling tidak 50rblah min²nya untuk ditinggalin dikartu atmnya maupun mbankingnya juga.,2025,livin,bayar va kena biaya tidak kena biaya kartu atmnya hadeh bisnis cuman terima upah geh tidak bisa nol saldo tidak rblah min ditinggalin kartu atmnya mbankingnya,0,netral
Adi Yuswardi,is the best,2025,livin,is the best,0,netral
Agus Supriyatna,baik,2025,livin,,0,netral
Wens Humoen,mantap,2025,livin,mantap,1,positif
Janah 0105,hebat,2025,livin,hebat,0,netral
Ajattasatru S.R,"Mengapa saat ingin bertransaksi, selalu mempermasalahkan waktu, apakah tidak ada solusi selain mengahpus, dan menginstal ulang?",2025,livin,transaksi masalah tidak solusi mengahpus menginstal ulang,-1,negatif
Abdul Halim,"tolonglah saat kita lupa password jangan di persulit,harus isi nomor kartu sedangkan lupa ,kartu fisik tidak ada / belum di kirim saya saranin saat lupa password ya kode otp dikirim ke email yg terdaftar di aplikasi,jangan di persulit satu lagi aplikasi lemot sekali",2025,livin,tolong lupa password persulitharus isi nomor kartu lupa kartu fisik tidak kirim saranin lupa password kode one time password kirim email daftar aplikasijangan sulit aplikasi lama,-2,negatif
Wahyudi Abimanyu,sangat membantu,2025,livin,sangat bantu,0,netral
tomi silalahi,kok jadi nggak bisa isi pulsa aneh banget ya livin sekarang.,2025,livin,tidak bisa isi pulsa aneh banget livin,0,netral
Faisal Danu Erlangga,"mohon untuk pengisian nomor npwp tidak harus 16 digit, karena tidak bisa input kalau dibawah 16 digit.",2025,livin,mohon isi nomor npwp tidak digit tidak bisa input bawah digit,0,netral
Andreas Aleksi,kenapa hape saya tidak support ke Livin ya padahal update android 14??ada yg bisa bantu jawab??,2025,livin,hape tidak support livin update android bisa bantu,0,netral
Sepia Elita Tada,kenapa hari ini enggak bisa login,2025,livin,bisa login,0,netral
Budak baonk,"kenapa sekarang apknya susah kebuka,padahal jaringan bagus",2025,livin,apknya susah kebukapadahal jaring bagus,0,netral
Sugeng Rianto,mudahan sgat mambantu,2025,livin,mudah sgat mambantu,1,positif
N Saifullah,oke,2025,livin,oke,0,netral
Askirman Askirman,seumpama bulan purnama tapi juga terkadang agak redup tergantung naluri saat di pakai yang penting rejekiku lancar okk..,2025,livin,umpama purnama terkadang redup gantung naluri pakai rejekiku lancar okk,1,positif
Tasirin,sangat membantu,2025,livin,sangat bantu,0,netral
Reno Septa,baguss,2025,livin,baguss,0,netral
Siti Khoiriyah ALKA,Untuk update apk Livin ini berapa bulan ya? sepertinya belum ada 1 tahun dah minta upgrade lagi 🤔,2025,livin,update aplikasi livin upgrade,0,netral
rama salehudin,"mohon maaf, top up pulsa yang tertunda saldo yg hilang nya apakah akan kembali otomatis?",2025,livin,mohon maaf top up pulsa tunda saldo hilang otomatis,1,positif
Black,good,2025,livin,good,0,netral
Erwan Nu,cukup baik,2025,livin,,0,netral
harippin muhammad,"loading masuk pas buka apk lama banget, padahal koneksi internet bagus",2025,livin,loading masuk cocok buka aplikasi lama banget koneksi internet bagus,-1,negatif
Mudaim Daim,kok gk bs kirim ke dana min,2025,livin,tidak bs kirim dana,0,netral
Robi Daniel,mantasi cuman kadang TDK bisa krm pulsa,2025,livin,mantasi cuman kadang tidak bisa krm pulsa,0,netral
Gabean Nambela,"Aplikasi ini, sangan membantu & sangat mudah di mengerti.",2025,livin,aplikasi sangan bantu sangat mudah erti,1,positif
Diaz Ganteng,hebat,2025,livin,hebat,0,netral
Makassar Love,Kenapa aplikasi Livin saya tidak bisa login dan belum sempat login sudah keluar,2025,livin,aplikasi livin tidak bisa login login,0,netral
Fernando Tobing,"Bank Mandiri, is the best.",2025,livin,bank mandiri is the best,0,netral
Apriyanto Rendyi,bagus,2025,livin,bagus,1,positif
Andi Budi (abud),mantap,2025,livin,mantap,1,positif
Widartoto Handhy,bagus,2025,livin,bagus,1,positif
Cantika Dewi,kenapa saya tidak bisa melakukan transaksi transfer ya,2025,livin,tidak bisa transaksi transfer,0,netral
Firman Arsa,bagus membantu saya,2025,livin,bagus bantu,1,positif
Dicky Septian Nugraha,warisan ALM ayah adalah ATM mandiri 😭,2025,livin,waris alm ayah atm mandiri,0,netral
Choky'e darmadi,Livin saya tidak bisa kebuka kak,2025,livin,livin tidak bisa buka,0,netral
Samsul arifin Isul,bagus dan mantap.semuar lancar dan tak ada kendala,2025,livin,bagus mantapsemuar lancar kendala,1,positif
Ismail mail,mantap tapi tidak pernah memeriksakan saya paylater,2025,livin,mantap tidak periksa paylater,1,positif
Anselmus Bria,lovin by mandiri adalah aplikasi yg sangat bagus untuk di gunakan keuangan,2025,livin,lovin by mandiri aplikasi sangat bagus uang,1,positif
Sri Opung,niceeeeee,2025,livin,nicee,0,netral
Alfin Kaur,bermanfaat,2025,livin,manfaat,0,netral
Eko Semar,bagus,2025,livin,bagus,1,positif
Agung Dewata,God job,2025,livin,god job,0,netral
Faizul Farhan,"aplikasi binatang dah lama dari minggu lalu ga bisa login livin, rusak rusak, lebih baik BCA",2025,livin,aplikasi binatang lama minggu tidak bisa login livin rusak rusak bca,-1,negatif
Ammar Husein,saya sudah buka akun bank mandiri tapi tidak bisa di buka,2025,livin,buka akun bank mandiri tidak bisa buka,0,netral
Man Lower,bagai mana cara login ? tolong dijawab 😁,2025,livin,login tolong,0,netral
Syarifah,sangat bermanfaat,2025,livin,sangat manfaat,0,netral
MU ADIVIA,Tambahkan Fitur Cicil Emas Lebih Fleksibel Dan Modern,2025,livin,tambah fitur cicil emas fleksibel modern,0,netral
Zaki Hanung,mntp jos saya sering paki,2025,livin,mntp jos paki,0,netral
Eka Yudha,semakin hebat saja,2025,livin,hebat,0,netral
Mirda Sudrajat,mantap,2025,livin,mantap,1,positif
Dinandhiyaanpamungkas dinandhiyaanpamungkas,assalamualaikum pak dan Bu kartu kredit saya rusak ucapan terima kasih,2025,livin,assalamualaikum bu kartu kredit rusak ucap terima kasih,0,netral
Ruhimat Badranaya,"livin mandiri gk bisa dibuka, ribet",2025,livin,livin mandiri tidak bisa buka ribet,-1,negatif
Septian Nurcahyanto,terbaikk 👏👏👏,2025,livin,terbaikk,0,netral
Suli Harjanti,bagus,2025,livin,bagus,1,positif
wiyono huye,nice,2025,livin,nice,0,netral
BBK CHANNEL 92,semoga semakin ditingkatkan lagi,2025,livin,moga tingkat,0,netral
kmp_indramayu jabarindo,"Terimakasih banyak,sangat bermanfaat",2025,livin,terimakasih banyaksangat manfaat,0,netral
Non's Lyhta02,baguss nyaman,2025,livin,baguss nyaman,1,positif
Jessuz Ma,good job,2025,livin,good job,0,netral
Muh Sabri,aplikasi yg sangat membantu,2025,livin,aplikasi sangat bantu,0,netral
M Rizal Rizal,belum pernah dapat pinjaman,2025,livin,pinjam,0,netral
Samsul Arif,knp aplikasi livin kok g bisa dibuka ya,2025,livin,aplikasi livin tidak bisa buka,0,netral
Om akbar Akbar iribaram,mau bikin akun,2025,livin,akun,0,netral
Indahguru S. Pd,sangat baik,2025,livin,sangat,0,netral
Anne Eka Wijayanti,"Sangat memudahkan tpi sangat di sayangkan, update-an sekarang klo bukan app livin lama bgt. Padahal sinyal/wifi lancar2 aja, tolong dong solusinya. Udh nyaman nih pake livin mandiri",2025,livin,sangat mudah sangat sayang updatean aplikasi livin lama banget sinyalwifi lancar tolong solusi nyaman pakai livin mandiri,2,positif
dedi Kurwendi,tidak bisa aktivasi otp selalu kembali kemenu awal,2025,livin,tidak bisa aktivasi one time password menu,0,netral
Muslimin 84,mantap,2025,livin,mantap,1,positif
M.irham Irham,klu bisa livin mandiri harus ada live chat supaya klu ada kendala tdk harus ke bank mandiri terdekat lagi,2025,livin,bisa livin mandiri live chat kendala tidak bank mandiri dekat,-1,negatif
Siti Aisyah,selama ini lancar jaya..☺️membantu lalulintas keuangan saya..sangat membantu sekali..👍,2025,livin,lancar jayamembantu lalulintas uang sayasangat bantu,1,positif
Junaidi junet,mantap,2025,livin,mantap,1,positif
Irawan Lako,sangat bagus dan membantu banget,2025,livin,sangat bagus bantu banget,1,positif
dik dik,hp saya samsung note 9 knpa ko gak bisa yaa,2025,livin,handphone samsung note knpa tidak bisa,0,netral
Derit Susanto,sangat membantu,2025,livin,sangat bantu,0,netral
Dia Mond,bermanfaat,2025,livin,manfaat,0,netral
Endang Ahmad,ok,2025,livin,ok,0,netral
titis shu,memudahkan transaksi apapun,2025,livin,mudah transaksi apa,1,positif
Sutrisno No,pas butuh pas gak bisa dibuka ..,2025,livin,cocok butuh cocok tidak bisa buka,0,netral
Pcc Tofik,sukses selalluuu 👍👍👍,2025,livin,sukses selalluu,0,netral
Muksin Maulana,kok nggak bisa di buka,2025,livin,tidak bisa buka,0,netral
Tegar Jagat,sangat bagus,2025,livin,sangat bagus,1,positif
Chitaasmm3011,Puji Tuhan amanah dan gampang transaksi,2025,livin,puji tuhan amanah gampang transaksi,0,netral
asmaul Maul,sangat baik,2025,livin,sangat,0,netral
TRI SEPTIADI,mantap,2025,livin,mantap,1,positif
Rudi Ansyah,sangat menbantu,2025,livin,sangat menbantu,0,netral
herry priyanto,ok,2025,livin,ok,0,netral
Nike xft,baik,2025,livin,,0,netral
Keji Sitohang,"mudah , cepat dan praktis sangat up-to-date. semoga semakin berkembang dalam technology yg lebih canggih dan aman bagi konsumennya",2025,livin,mudah cepat praktis sangat uptodate moga kembang technology canggih aman konsumen,4,positif
Niho Lawolo,bagus,2025,livin,bagus,1,positif
MTs Raudlatus Syabab,mantap,2025,livin,mantap,1,positif
Suardy Van sidrap,sangat baik👌,2025,livin,sangat,0,netral
Ziyanul Haq,masih terlalu lama loadingnya.,2025,livin,lama loadingnya,-1,negatif
Nusantara Fighter,👍👍👍👍👍👍👍👍👍👍👍👍👍👍👍👍👍👍👍👍👍👍👍👍👍👍👍👍👍👍👍👍👍👍👍👍👍👍,2025,livin,,0,netral
paska raharjanto,Apk Mangtap Banna ... 👍👍🏼,2025,livin,aplikasi mangtap banna,0,netral
Sangkoti Sihombing,harga murah dan aplikasi mudah,2025,livin,harga murah aplikasi mudah,1,positif
ahmad Rohani,ok,2025,livin,ok,0,netral
spandi bee,bos saya mau transper lewat kode QR kenapa gak bisa masuk sandi saya?,2025,livin,bos transper kode qr tidak bisa masuk sandi,0,netral
Fadly Ramadhan,terbsik,2025,livin,terbsik,0,netral
Agung Sucipto,kenapa tidak kompitible di vivo x300? sistem operasi tidak di dukung pesan nya sudah solve setelah sy hard reset,2025,livin,tidak kompitible vivo sistem operasi tidak dukung pesan solve hard reset,0,netral
Kadek Nonong,"Memudahkan pekerjaan untuk kirim uang, terima, dan pembayaran di berbagai e-commerce.",2025,livin,mudah kerja kirim uang terima bayar ecommerce,1,positif
Bella Cantika Suhantoro,Membantu kegiatan sehari²,2025,livin,bantu giat hari,0,netral
Hendarto Sumo,semoga amana,2025,livin,moga amana,0,netral
Dedyzulkhaidir,Bagus,2025,livin,bagus,1,positif
Makruf Yanto,baik,2025,livin,,0,netral
Budi Xtiawan,mantap,2025,livin,mantap,1,positif
Andiirawan,"hanya sekedar pemberi Tahuan ada penipuan,mengatas namakan bank BRI",2025,livin,dar beri tahu penipuanmengatas nama bank bri,0,netral
Putri Dwina Agustin,semua transaksi sangat dipermudah,2025,livin,transaksi sangat mudah,1,positif
A.zalukhu Zalukhu,sangat mendukung pengguna,2025,livin,sangat dukung guna,0,netral
Firmansyah Lucky,sangat memudahkan transaksi,2025,livin,sangat mudah transaksi,1,positif
Ratna s Souno,baguss,2025,livin,baguss,0,netral
Apendi Rajes,mantul,2025,livin,mantap,1,positif
Wahyu din,terlalu banyak iklan,2025,livin,iklan,0,netral
Apip Nur,terimakasih ini sangat bermanfaat,2025,livin,terimakasih sangat manfaat,0,netral
Reza,bagus,2025,livin,bagus,1,positif
Duana Priska,Ada masalah apa dengan livin sering ganguan,2025,livin,livin ganguan,0,netral
Atik Nurul Aeni,"mandiri,livin is okey...",2025,livin,mandirilivin is okey,0,netral
Risman Lesmana,mantap,2025,livin,mantap,1,positif
azahra mel,top markotop,2025,livin,top markotop,1,positif
MUKHAMMAD FARUKH AAFANDI,aplikasi yang sangat berguna pakek banget,2025,livin,aplikasi sangat guna pakek banget,0,netral
Acong Riyadi,sangat berguna,2025,livin,sangat guna,0,netral
Yara randi aisyah,luar biasa,2025,livin,,0,netral
Tulus Wiranto,ok,2025,livin,ok,0,netral
andi boy,sangat membantu untuk keperluan yg urgen apalagi aplikasi transaksi tanpa kartu,2025,livin,sangat bantu perlu urgen aplikasi transaksi kartu,0,netral
Mansur Wibisono,sangat bagus ...gampang untuk transaksi,2025,livin,sangat bagus gampang transaksi,1,positif
Aryandho Land,"mohon maaf hanya sekedar bertanya, kenapa ya aplikasi sudah di update ke versi terbaru tapi fitur fitur terbarunya belum muncul contohnya yang lagi ramai sekarang fitur pinjaman KSM. padahal kita nasabah yang sumber gajinya dari rekening Bank Mandiri. mohon penjelasannya dari pihak Bank Mandiri. salam santun, 🙏",2025,livin,mohon maaf dar aplikasi update versi baru fitur fitur baru muncul contoh ramai fitur pinjam ksm nasabah sumber gaji rekening bank mandiri mohon jelas bank mandiri salam santun,0,netral
mustakim afandy,oke sekali,2025,livin,oke,0,netral
susanto aja,"kok, gk bisa di buka sih,",2025,livin,tidak bisa buka,0,netral
Aris Abate,kenapa ko paylater saya ga aktif,2025,livin,paylater tidak aktif,0,netral
Yogie ogie,Terimakasih Licin by mandiri,2025,livin,terimakasih licin by mandiri,0,netral
Juli Darmanto,Semakin memudahkan,2025,livin,mudah,1,positif
Tri Sapto,Simple dan memudahkan pelayanan bagus.,2025,livin,simple mudah layan bagus,2,positif
San Goreng,andalan ku ini,2025,livin,andal ku,0,netral
feri syaefudin,"saya hapus bintang 1 dan ganti dengan bintang 5, karna sudah tidak pernah minta update lagi, performa juga sangat bagus.",2025,livin,hapus bintang ganti bintang tidak update performa sangat bagus,1,positif
Amet Tema,ok,2025,livin,ok,0,netral
Hasmoko Azh,terima kasih ..pelayanan yg bain ...mandiri pahlawan repolusi,2025,livin,terima kasih layan bain mandiri pahlawan repolusi,0,netral
Yudi gendut,sagat membatu,2025,livin,sagat batu,0,netral
Alfa Aliyosa,"komplit,mudah",2025,livin,komplitmudah,0,netral
Rudi Rosali,kenapa yah harus update2 terus ini livin mandiri jadi jika hpnya sudah ketinggalan m banking ga bisa digunakan lg di hp yang sebelumnya jadi ga nyaman,2025,livin,update livin mandiri hpnya tinggal m banking tidak bisa handphone tidak nyaman,1,positif
Hh Hh,ok,2025,livin,ok,0,netral
Reka Hati,sangat perktis dan mempermudah transaksi,2025,livin,sangat perktis mudah transaksi,1,positif
Elmira Ramadhanita,baik digunakan,2025,livin,,0,netral
kapten _96,terbaik,2025,livin,baik,1,positif
ningsih ning,untuk mengajukan pinjaman on line menu di aplikasi tidak ad?,2025,livin,aju pinjam on line menu aplikasi tidak ad,0,netral
MRM Tomadola,baik,2025,livin,,0,netral
Ririn Syarifah,good,2025,livin,good,0,netral
Dwi Widiarto,praktis dan mudah digunakan,2025,livin,praktis mudah,2,positif
Mjex Adpl,sangat memuaskan pelayanan livin...sangat memper mudah dalam ber transaksi..,2025,livin,sangat muas layan livinsangat memper mudah ber transaksi,1,positif
Felix Nawer,"dari semua Apk sejenis ini, Cuman ini aja Yang Bagus",2025,livin,aplikasi jenis cuman bagus,1,positif
Nur Pahmi,bagus,2025,livin,bagus,1,positif
La Bonte,ok,2025,livin,ok,0,netral
Adin Pokémon,semoga ke depan ada fitur buat pinjam uang juga,2025,livin,moga fitur pinjam uang,0,netral
Eko Suryo Wijayanto,"Seriap ada transaksi masuk, knp tdk ada notifikasi dr aplikasinya ?",2025,livin,seriap transaksi masuk tidak notifikasi aplikasi,0,netral
Dae Amir,mantap,2025,livin,mantap,1,positif
Haerul Saleh,memudahkan,2025,livin,mudah,1,positif
lusi anagultom,keren..smua jd gampang,2025,livin,kerensmua gampang,0,netral
Virgi samsung,"sudah bagus, lancar di hp saya, tapi bakal lebih bagus kalau ada tabungan emas dan sebagainya, mohon dipertimbangkan",2025,livin,bagus lancar handphone bagus tabung emas mohon timbang,3,positif
ghalib naufal,aplikasi mudah digunakan,2025,livin,aplikasi mudah,1,positif
Maria godalifa sirken Nona,sangat membantu,2025,livin,sangat bantu,0,netral
Azzam AAY,livin mandiri sangat membantu dalam setiap langkahku,2025,livin,livin mandiri sangat bantu langkah,0,netral
Saffanah Naimy,dari tahun 2023 pake apk ini sangat amat safety,2025,livin,pakai aplikasi sangat safety,0,netral
Rahman Cek,"livin saya tidak bisa di buka fitur sedang di perbaiki atau apalah itu,,enta kenapa saya dah bosen",2025,livin,livin tidak bisa buka fitur baik apa ituenta bosen,1,positif
sadam saut gultom,lancar dan aman,2025,livin,lancar aman,2,positif
Ros Res,👍👍👍👍👍,2025,livin,,0,netral
Aisyah Aisyah,bagus,2025,livin,bagus,1,positif
ecep r,Sangat membantu,2025,livin,sangat bantu,0,netral
wahyu new,bagus,2025,livin,bagus,1,positif
Ko Ti,bagus,2025,livin,bagus,1,positif
Bang ayoung,keren,2025,livin,keren,0,netral
Enjang RF,"aplikasi menarik, fitur bermanfaat",2025,livin,aplikasi tarik fitur manfaat,0,netral
Nur Sodik,terimakasih Livin memudahkan transaksi,2025,livin,terimakasih livin mudah transaksi,1,positif
christina indraswari,mempermudah transaksi,2025,livin,mudah transaksi,1,positif
Afiah Bahasoan,Mantap,2025,livin,mantap,1,positif
Julman Efendy Lase,Terima kasih,2025,livin,terima kasih,0,netral
irwan budi rachman,ok,2025,livin,ok,0,netral
Hendra Bakti,sangat menguntungkan,2025,livin,sangat untung,0,netral
Jahwan Adut,luar biasa,2025,livin,,0,netral
Redi Permana,notifikasi transaksi masuk dan keluar masih belum muncul seperti sebelumnya,2025,livin,notifikasi transaksi masuk muncul,0,netral
Jono Riyanto,sempurna dan paling mudah ga ribet,2025,livin,sempurna mudah tidak ribet,0,netral
Aalj92,tingkatkan kualitas pelayanan digital dan perkuat sistem keamanan nya. untuk log in di mobile jika memungkinkan ditambah log in dg username atau id,2025,livin,tingkat kualitas layan digital kuat sistem aman log in mobile tambah log in dg username id,1,positif
Amirul Faiz,aplikasinya kalau saya pasang di Hp saya selalu bermasalah,2025,livin,aplikasi pasang handphone masalah,-1,negatif
Zul Karnain,mempermudah,2025,livin,mudah,1,positif
Ineke Taime,mantap,2025,livin,mantap,1,positif
Anggia Nurfadilah,kenapa aplikasi nya keluar sendiri ya? pengen beli pulsa tapi ga bisa🤧,2025,livin,aplikasi ken beli pulsa tidak bisa,0,netral
Hairul Indra,"sangat puas Dnegan pelayanannya gak kayak tetangga sebelah,kalau mau minjem harus lewat calo baru mau di dengar,kalau di mandiri begitu di tlpn langsung di respon, pokoknya best dah pelayanannya",2025,livin,sangat puas dnegan layan tidak tetangga sebelahkalau minjem calo dengarkalau mandiri tlpn langsung respon pokok best layan,1,positif
Mochi Magi.,bagus selalu terbantu saat kita lupa bawa uang cash,2025,livin,bagus bantu lupa bawa uang cash,1,positif
Sela Abil,baik,2025,livin,,0,netral
Muhamad Akrom,sangat membantu,2025,livin,sangat bantu,0,netral
Raka Pro,ok mantap juga,2025,livin,ok mantap,1,positif
Supriatna 80,ok,2025,livin,ok,0,netral
Mitalova Ptk,"Saya sudah dua kali ganti atm susah ngecek saldo saya, kenapa ya..?",2025,livin,ganti atm susah ngecek saldo,-1,negatif
Suharti 162,Mantap,2025,livin,mantap,1,positif
Reka Prasetyo,kak apakah hari ini Livin sendeng eror,2025,livin,livin sendeng error,-1,negatif
Moh. Zainuri,👍,2025,livin,,0,netral
Galuh Pradana,terimakasih Mandiri transaksi jadi lebih mudah dan bisa menabung,2025,livin,terimakasih mandiri transaksi mudah bisa tabung,1,positif
Lunpia Solo,the best bank from asia pacific ot Line.!@,2025,livin,the best bank from asia pacific ot line,0,netral
Rizal Virgo padang city,"Sangat bermamfa'at,praktis dan gk ribet",2025,livin,sangat bermamfaatpraktis tidak ribet,-1,negatif
Lis Dianti,program ini sangat mendukung,2025,livin,program sangat dukung,0,netral
Mia Silitonga,☺😍😍😍😍,2025,livin,,0,netral
hasayangan tanjung,kenapa tidak bisa dibuka aplikasinya di oppo a31,2025,livin,tidak bisa buka aplikasi oppo a,0,netral
Khalis,best,2025,livin,best,0,netral
Tabletdjp01,Livin sering close sendiri,2025,livin,livin close,-1,negatif
Heri gunawan Gunawan,jadi serba mudah,2025,livin,serba mudah,1,positif
Yusuf Akbar,The Best Livin by Mandiri untuk kebutuhan perbankan,2025,livin,the best livin by mandiri butuh perban,0,netral
Septa Efraim Tarigan,"Udh setahun sejak ganti HP gak bisa lg menggunakan livin mandiri..pada saat registrasi,selalu muncul ""verifikasi tambahan diperlukan..silahkan kunjungi bank mandiri terdekat"" tp pd saat ke bank mandiri,pegawai nya pun tidak bisa menemukan solusi... Dan jangan minta saya kirim email atau hubungi 14000 krn udh berkali2 tp tetap gak selesai masalahnya; *edit : sekarang udh bisa livin nya setelah dibantu CS Mandiri..terima kasih",2025,livin,tahun ganti handphone tidak bisa livin mandiripada registrasiselalu muncul verifikasi tambah diperlukansilahkan kunjung bank mandiri dekat pd bank mandiripegawai tidak bisa temu solusi kirim email hubung kali tidak selesai edit bisa livin bantu customer service mandiriterima kasih,0,netral
Perry Durham Perry,"ngga bisa berkata-kata lagi bagus dan worthhhhh it bgt apk mbanking ini, cuman minus nya KLO rekening lagi goceng aja🤣",2025,livin,tidak bisa berkatakata bagus worthh it banget aplikasi mbanking cuman minus rekening goceng,1,positif
Entin Susantini,sangat puas,2025,livin,sangat puas,1,positif
Dicky Marsaldi,Ok,2025,livin,ok,0,netral
Haifa Ifaa,aman amanah,2025,livin,aman amanah,1,positif
Neti Aja,sangat puas,2025,livin,sangat puas,1,positif
ARES GROWONG,Ini knp gak bisa,2025,livin,tidak bisa,0,netral
Roby Yanoor,"tolong dong perbaiki.. ini apanya keseringan gak respon, dan sekali respoundpun lama.. gak kaya dulu.. cepet... selebihnya gak ada masalah..",2025,livin,tolong baik apa sering tidak respon respoundpun lama tidak kaya cepet lebih tidak,0,netral
Siska Pratiwi,"Meni kudu di update wae livin teh unggal bulan, mana nmbah gede MB na",2025,livin,meni kudu update wae livin teh unggal nmbah gede mb na,0,netral
Neng Mia,bagusss,2025,livin,baguss,0,netral
Dirga Yelze,sangat bagus❣️,2025,livin,sangat bagus,1,positif
Snta Sntya,knp suka susah buat di update,2025,livin,suka susah update,0,netral
edo ricardo,terbaik... tapi koq saya gk ada fitur pinjaman tunai.,2025,livin,baik koq tidak fitur pinjam tunai,1,positif
Andi Alamsyah,tolomg donk..rekening livin sy dr semalam gak bisa transfer kerekening lain..bisanya kerekening sy sj sesama livin sy krn sy punya 4 rekening livin,2025,livin,tolomg donkrekening livin malam tidak bisa transfer rekening lainbisanya rekening sj livin rekening livin,0,netral
Iin Barono,bgus,2025,livin,bgus,0,netral
Tiara amel,mantap,2025,livin,mantap,1,positif
Fathir Shidqi,"bagus,sangat membantu",2025,livin,bagussangat bantu,0,netral
Irwan,mantp,2025,livin,mantp,0,netral
Rb Sonny Bassay Bassay,sering error,2025,livin,error,-1,negatif
Ronald Toloh,security bagus,2025,livin,security bagus,1,positif
KRIS ROTELLA LUBUK PAKAM,ok,2025,livin,ok,0,netral
Oktivia Elisabeth,bagus,2025,livin,bagus,1,positif
Imam Bohenk,mantap,2025,livin,mantap,1,positif
Galih yudhistira,ok sepp lanjut,2025,livin,ok sepp,0,netral
Muhamad Winai,Sangat memuaskan bisa membantu Nasabah...dlm bertransaksi.,2025,livin,sangat muas bisa bantu nasabahdlm transaksi,0,netral
lukman haqim,"Mantap, PERTAHANKAN KEAMANAN NYA",2025,livin,mantap tahan aman,2,positif
Nurhaeni Yusi,kenapa aplikasi livin by mandiri g bisa kebuka,2025,livin,aplikasi livin by mandiri tidak bisa buka,0,netral
Dadang,Aplikasi ini bagus,2025,livin,aplikasi bagus,1,positif
Achmad Sampriono,mudah dan cepat,2025,livin,mudah cepat,2,positif
Iyan Sbl,oke,2025,livin,oke,0,netral
M. Rasya,kaga bisa tf malem,2025,livin,kaga bisa transfer malem,0,netral
darsinah nina,Nyaman dan sat set,2025,livin,nyaman sat set,1,positif
Hadi Prayitno,pelayanan bersahaja dan ramah,2025,livin,layan sahaja ramah,0,netral
Khandik Kahan,bagus,2025,livin,bagus,1,positif
Oman Rohman,sangan membantu dlm transaksi,2025,livin,sangan bantu dlm transaksi,0,netral
Yusuf Bin karmo,layananya bagus.,2025,livin,layananya bagus,1,positif
Ronauli sitorus,ok,2025,livin,ok,0,netral
Tanam Tanaman,sangat membantu,2025,livin,sangat bantu,0,netral
Fathir Ibrahim,mantap,2025,livin,mantap,1,positif
Sinar Surya Syarif,baik,2025,livin,,0,netral
Dede Abdul Karim,Bagus,2025,livin,bagus,1,positif
Syaputra Andra19,bgus sekali,2025,livin,bgus,0,netral
Tanwiruddin,"Aplikasi bagus memudahkan segala urusan, bisa buat topup token bayar² qris dan belanjaan online dengan prosesnya mudah",2025,livin,aplikasi bagus mudah urus bisa topup token bayar qris belanja online proses mudah,3,positif
Iyan Emon,"kenapa sekarang leven saya tidak bisa digunakan setelah tiba2 keluar sendiri , padal sebelumnya selalu lancar",2025,livin,leven tidak bisa padal lancar,1,positif
Ateng 053,oke,2025,livin,oke,0,netral
Triyant Yanto,Kenapa sering muncul belum berhasil terhubung,2025,livin,muncul hasil hubung,0,netral
Nur Kholis,livin by mandiri sangat dinprlukaan,2025,livin,livin by mandiri sangat dinprlukaan,0,netral
Zuly Rizky friantino,sangat bagus,2025,livin,sangat bagus,1,positif
Juri RIAN,sangat membantu semua yang di perlukan 🥰❤️👍👍,2025,livin,sangat bantu perlu,0,netral
Budi Astawan,"bagus,bgt",2025,livin,bagusbgt,0,netral
Ramadani Badrutamam,knpa si apk nya lelet bngt,2025,livin,knpa si aplikasi lelet banget,0,netral
Entin Supartini,saya sangat terbantu dengan ada.nya aplikasi ini jadi mempermudah urusan transaksi saya,2025,livin,sangat bantu aplikasi mudah urus transaksi,1,positif
Tommy Suratmaja,sangat membantu,2025,livin,sangat bantu,0,netral
Gemoys f Mind,"tolong dong akun saya di livinn gabisa masuk, gmna cara mulihin akun nya, soalnya saya blm punya kartu kredit mandirinnya, mau login lagi ke Livin pun gabisa karna gatau no bank nya sama kode mm yy nya, tolong min biar bisa pulih lagi akun saya waktu itu ga sengaja ke riset hp nya, saya gatau lagi gmna cara mulihinnya semoga di sini ada jawaban nya🙏🙏🙏",2025,livin,tolong akun livinn tidak bisa masuk gmna mulihin akun kartu kredit mandirinnya login livin tidak bisa gatau no bank kode mm yy tolong bisa pulih akun tidak sengaja riset handphone gatau gmna mulihinnya moga,0,netral
Adi Hariono,"aplikasi sangat bagus, tolong di update",2025,livin,aplikasi sangat bagus tolong update,1,positif
Cinta Dudul,aplikasi bagus sangat mudah dalam bertransaksi,2025,livin,aplikasi bagus sangat mudah transaksi,2,positif
Dede Suryana Dede,BAIK,2025,livin,,0,netral
Fros Bocil,belanja nggak punya uang cash,2025,livin,belanja tidak uang cash,0,netral
Danank Victoria,Saldo nya tiba2 hilang di debt otomatis sampe 0 oleh bank tanpa konfirmasi apa2,2025,livin,saldo hilang debt otomatis bank konfirmasi,0,netral
Choirul Habib,aplikasi yang sangat membatu memudahkan segala akses transaksi,2025,livin,aplikasi sangat batu mudah akses transaksi,1,positif
Hartadi Adi,sangat membantu sekali dalam transaksi,2025,livin,sangat bantu transaksi,0,netral
Samsul Mubarok,sekarang QRIS udah gk bisa di pake apa emang ada gangguan aja ya?,2025,livin,qris tidak bisa pakai ganggu,-1,negatif
Syarif Rahman,lebih efisien manfaatnya,2025,livin,efisien manfaat,0,netral
Hasanov Fauziyev,Tiap hari saya pakai,2025,livin,pakai,0,netral
Suratmin Soerez,sangat membantu sekali,2025,livin,sangat bantu,0,netral
Mhd Niko,sangat cepat,2025,livin,sangat cepat,1,positif
Aenur Solikha Tizana,"semuanya ada di livin, jadi praktis banget dan suka banget fiturnya",2025,livin,livin praktis banget suka banget fiturnya,2,positif
Mohammad Muhlis,sangat membatu sekali... mantapppppp❤️❤️❤️❤️❤️❤️,2025,livin,sangat batu mantapp,0,netral
Agus Supriyanto,istimewa,2025,livin,istimewa,0,netral
Bangk Jr Jr,maaf living mandiri sya TDK bisa transaksi bisa bantu sya cara mengatasi nya?,2025,livin,maaf living mandiri sya tidak bisa transaksi bisa bantu sya atas,0,netral
Arjuno Bawono,good service so good job,2025,livin,good service so good job,0,netral
Jaka Mardila,rekomendasi aplikasi ini,2025,livin,rekomendasi aplikasi,0,netral
Yuli Yanti,saya ga pnya tlp usahaaa,2025,livin,tidak pnya tlp usahaa,0,netral
Android Indonesia,lumayan tks,2025,livin,lumayan tks,0,netral
Iis Mulyati,sangat membantu,2025,livin,sangat bantu,0,netral
HOTIB HOTIB,aplikasi masa kini yang terintegrasi dengan berbagai kebutuhan yang menampilkan konektivitas pilihan,2025,livin,aplikasi integrasi butuh tampil konektivitas pilih,0,netral
Kabade Gaming,Memudahkan dalam bertransaksi untuk pembayaran,2025,livin,mudah transaksi bayar,1,positif
opang sopandi,saya ga pernah dapat plafon pinjaman dari livin mandiri,2025,livin,tidak plafon pinjam livin mandiri,0,netral
Abu Hasan,sangat membantu,2025,livin,sangat bantu,0,netral
Ahsan Junaidi,Livin saya skrg malah gak bisa untuk tansfer kenapa ya?,2025,livin,livin tidak bisa tansfer,0,netral
bumdesraharjamandiri talaga,"Aplikasi bagus, layanan Prima",2025,livin,aplikasi bagus layan prima,1,positif
Banq Benk,mantap👍,2025,livin,mantap,1,positif
Mayza rizkyna Maulida,knapa saya tidak bisa melakukan pinjaman lewat livin',2025,livin,knapa tidak bisa pinjam livin,0,netral
Muhammad Fuad,sangat membantu,2025,livin,sangat bantu,0,netral
Sony Pras,pakai livin sangat sangat membantu,2025,livin,pakai livin sangat sangat bantu,0,netral
Gatot Sutrasno,"akurat, pasti, mudah tanpa traubel terima kasih pelayanan nya",2025,livin,akurat mudah traubel terima kasih layan,1,positif
MUHAMMAD RIZQI,aplikasi yg ui nya sangat cakep dan mantep tetapi bikin saldo makin menipis,2025,livin,aplikasi ui sangat cakep mantep saldo tip,0,netral
I Wayan Sudiatmika,"Pembayaran Virtual Account kena potongan biaya admin 1000,-. Bank lain masih gratis🤦🏻",2025,livin,bayar virtual account kena potong biaya bank gratis,0,netral
Putra Putri Ayah Bunda,jelek livin skrng ini..notip tidak muncul untuk kluar masuk uang..sekali muncul sudah 2 jam bgtpn lelet banget Skrang ini,2025,livin,jelek livin skrng ininotip tidak muncul kluar masuk uangsekali muncul jam bgtpn lelet banget skrang,-1,negatif
Sandi Priyanto,abgreb lagi kasi suara nada deringn notifikasi KLO ada trasferan masuk,2025,livin,abgreb kasi suara nada deringn notifikasi trasferan masuk,0,netral
asia Meazza,pembayaran jadi lebih mudah,2025,livin,bayar mudah,1,positif
Sadri Sadri,livin' by Mandiri memudahkan segala urusan mantap pokoknya 👍,2025,livin,livin by mandiri mudah urus mantap pokok,2,positif
Nurul Padilllah,ok,2025,livin,ok,0,netral
Rambo Z,kok aku gk bisa masuk ke livin ya slalu gagal apa masalahnya,2025,livin,tidak bisa masuk livin slalu gagal,-1,negatif
Surasmono,sanggat baik,2025,livin,sanggat,0,netral
Atik Jehumat,sangat membantu,2025,livin,sangat bantu,0,netral
gazali Pakkaja saro,mantap karena memang Mandiri,2025,livin,mantap mandiri,1,positif
Wanto Bae,sangat berguna,2025,livin,sangat guna,0,netral
Sri Mahyanti,🥰🥰🥰,2025,livin,,0,netral
Capung Radom,baik,2025,livin,,0,netral
Fery Toraja,semoga livin by mandiri lebih baik lagi,2025,livin,moga livin by mandiri,0,netral
Tawi Wijaya,licin by mandiri sy tdk bisa buka ya kenapa,2025,livin,licin by mandiri tidak bisa buka,0,netral
Asep N,Segalanya jadi mudah..dengan LIVIN MANDIRI..emang mantap lah BANK MANDIRI,2025,livin,mudahdengan livin mandiriemang mantap bank mandiri,1,positif
Firgu Gmz,Sangat bagus,2025,livin,sangat bagus,1,positif
Awang Coy,membantu,2025,livin,bantu,0,netral
ubuy lanky,sangat membantu,2025,livin,sangat bantu,0,netral
Samsul,Lumayan bagus sebagaimana apl perbankan yang lain nya....!,2025,livin,lumayan bagus apl perban,1,positif
Yakoba Ganas,sagat membantu,2025,livin,sagat bantu,0,netral
Arsyad 15,tidak ribet,2025,livin,tidak ribet,-1,negatif
Syahrin Akbar,sangat bagus,2025,livin,sangat bagus,1,positif
Jafar Bayu,sudah lama pakai aplikasi Livin baru kali ini kalo mau login keluar masuk keluar masuk,2025,livin,lama pakai aplikasi livin login masuk masuk,-1,negatif
ELDY SAFRUDIN ANAND,transaksi mudah dan aman,2025,livin,transaksi mudah aman,2,positif
Pro Laundry,sangat membantu bisnis,2025,livin,sangat bantu bisnis,0,netral
Eko Isnugroho,good job 🆗️,2025,livin,good job,0,netral
Josua Sitepu,kenapa saya tidak bisa daftar livin,2025,livin,tidak bisa daftar livin,0,netral
Gege Tukia,sangat bagus,2025,livin,sangat bagus,1,positif
Ikon Sikumbang,Mantap Markatap,2025,livin,mantap markatap,1,positif
Wawan Bolang,Terpecaya,2025,livin,terpecaya,0,netral
Agus Salim,Bagus sekali,2025,livin,bagus,1,positif
kajinumo top,ok,2025,livin,ok,0,netral
supriyatna,mantapa,2025,livin,mantapa,0,netral
sidqi sabqi,mantap,2025,livin,mantap,1,positif
Rayhan Nanda,Josss Gandosss,2025,livin,joss gandoss,0,netral
Bro Baihaki (Bai Han),"Kok sekarang susah ya login., selalu muncul tulisan ""Layanan Tidak Berfungsi Untuk Sementara"" Gimana ini...!!??",2025,livin,susah login muncul tulis layan tidak fungsi,-1,negatif
is Wawan,memudahkan transaksi,2025,livin,mudah transaksi,1,positif
Rusli Septiady,sangat mudah untuk semua transaksi,2025,livin,sangat mudah transaksi,1,positif
Frananda Jullian,kukira masih bisa dipakai dompet E-Wallet ketika norek ATM Rekening sudh Non-aktif 🥶 ternyata tidak 🙌 oke,2025,livin,kira bisa pakai dompet ewallet norek atm rekening sudh nonaktif tidak oke,0,netral
Violet Camellia,"Plis dong mandiri bantu aku,aku gak bisa login ke livinnya.Kendalanya di pemberitahuan sistem operasi tidak mendukung penggunaan livin,padahal ini mendukung buktinya aku masih bisa download.",2025,livin,tolong mandiri bantu akua tidak bisa login livinnyakendalanya pemberitahuan sistem operasi tidak dukung guna livinpadahal dukung bukti bisa download,0,netral
Azqe Root,canggih,2025,livin,canggih,0,netral
Dede Rahman Saleh,sejauh ini saya merasa puas dengan livin mandiri simpel mudah di mengerti..,2025,livin,puas livin mandiri simpel mudah erti,2,positif
ZAINUDIN EFFENDI,good nige,2025,livin,good nige,0,netral
Ali Yudin,Siip,2025,livin,siip,0,netral
Abas Tagak,sangat aman,2025,livin,sangat aman,1,positif
Asi Mbojo,aplikasinya bagus banget saya sangat suka...🙏🙏❤️❤️.,2025,livin,aplikasi bagus banget sangat suka,2,positif
Moms fauzan,membantu,2025,livin,bantu,0,netral
Apdiaja Ok,sangat baik,2025,livin,sangat,0,netral
Muhammad Sidik,semoga selalu lebih baik,2025,livin,moga,0,netral
BOBY Chanel,Baguss,2025,livin,baguss,0,netral
Cak Maun,aplikasi tidak bisa digunakan perbaikan terus,2025,livin,aplikasi tidak bisa baik,1,positif
Ika Efrilia,mudah penggunaannya,2025,livin,mudah guna,1,positif
panji dewa,Terbaik 👍👍👍,2025,livin,baik,1,positif
Muhammad Ridwan Rauf,Pengalaman yg menyenangkan,2025,livin,alam senang,0,netral
Muhammad Rafli,"Udah bagus, saya harap untuk waktu maintenance nya jangan mulai pukul 23:00, mungkin bisa di pukul 00:00 atau 01:00 saja,",2025,livin,bagus harap maintenance bisa,1,positif
Rukmana Rukmana,segala dimudahkan 👍👍👍👌,2025,livin,mudah,1,positif
Nasminto Minto08,sangat bag6,2025,livin,sangat bag,0,netral
Muta Saleh,Akses Cepat tanpa Ribet.... Livin Mandiri Tooop,2025,livin,akses cepat ribet livin mandiri toop,0,netral
Sidiq Sucipta,mantap,2025,livin,mantap,1,positif
KUSMAWAN,👍,2025,livin,,0,netral
Novia Kristiani Pualillin,Bagus dan keren..,2025,livin,bagus keren,1,positif
Arfan Arfan,mantap sangat di permuda Manarik dana di mana sj,2025,livin,mantap sangat muda manarik dana sj,1,positif
Siti Jubaedah,terimakasih livin,2025,livin,terimakasih livin,0,netral
Baso Ahmad,bagus,2025,livin,bagus,1,positif
Muh. Arfandy Wiranata,"aplikasinya banyak fitur, mudah dipahami dan digunakan.",2025,livin,aplikasi fitur mudah paham,1,positif
Simon Hajas,muda mudahan tidak ada kendala kalau di buka lagi sebentar soalnya baru ganti hp,2025,livin,muda mudah tidak kendala buka sebentar ganti handphone,0,netral
Samsul Bahari,👍👍👍👍👍,2025,livin,,0,netral
Hilya Azizah,hari ini tgl 3 November 2025 Livinku TDK BS di buka kenapa Min?,2025,livin,tgl november livinku tidak bs buka,0,netral
Akbar Falah,puas,2025,livin,puas,1,positif
Uus Hungkul,maap ke salahan kami mohon aktip kan kem bali,2025,livin,maap salah mohon aktip kem bal,0,netral
Sub Kani,puas pakai livin,2025,livin,puas pakai livin,1,positif
Muhammad Nasikin,maaf kok tak bisa di buka,2025,livin,maaf bisa buka,0,netral
Suratno Ratno,livin yeeeess,2025,livin,livin yeess,0,netral
Franky,good,2025,livin,good,0,netral
Irfan Hakim,"min izin bertanya... saya nge tranfer ke sesama Bank Mandiri lewat Livin'by mandiri, setelah transaksi selesai saldo saya tiba tiba berkurang min tanpa ada note/keterangan apapun... izin untuk menyampaikan min🙏🏻 Terima kasih",2025,livin,izin nge tranfer bank mandiri livinby mandiri transaksi selesai saldo kurang noteketerangan apa izin terima kasih,0,netral
Mochammad Abdurrouf,"mudah untuk di gunakan,dompet digital",2025,livin,mudah gunakandompet digital,1,positif
Rizky Dhevin,good job,2025,livin,good job,0,netral
Purnadi Zio,top,2025,livin,top,1,positif
Joni Sulle,sangat membantu dalam segala transaksi,2025,livin,sangat bantu transaksi,0,netral
Budi Santoso0304,"bersama kita bisa jadi juara. bergerak, berdampak, juara.",2025,livin,bisa juara gerak dampak juara,0,netral
Muhey Ok,terbaik,2025,livin,baik,1,positif
Yandinus Jali,0 oo,2025,livin,oo,0,netral
Fenan Step,aplikasi bagus dan mudah bertransaksi di mana saja,2025,livin,aplikasi bagus mudah transaksi,2,positif
Dios 2451,mudah dan aman,2025,livin,mudah aman,2,positif
M Axsho,ok,2025,livin,ok,0,netral
Muhajir Ajhi,ok,2025,livin,ok,0,netral
Bihlal Badra ismaya,uang gaji satu bulan belum masuk,2025,livin,uang gaji masuk,0,netral
andrisuhendar 015,mhon maaf mau tanya mandiri saya kena blokir karna lupa pasword terus mau masuk lagi tpi gak bisa sama kartu debit nya gk nyampe kerumah? 🙏,2025,livin,mhon maaf mandiri kena blokir lupa pasword masuk tidak bisa kartu debit tidak nyampe rumah,0,netral
Obay Jen,professional,2025,livin,professional,0,netral
Prace Riyadi,ok,2025,livin,ok,0,netral
Fatan Wijaya,sangat membantu,2025,livin,sangat bantu,0,netral
Dedik Efendi,oke,2025,livin,oke,0,netral
Toni Faqih,mantab,2025,livin,mantab,0,netral
recky rackha,sangat membantu,2025,livin,sangat bantu,0,netral
Pri Anto,mantab,2025,livin,mantab,0,netral
Melly,bagus,2025,livin,bagus,1,positif
Sitimunawati Siti,Mantap,2025,livin,mantap,1,positif
Angga Yudha,Alhamdulillah berguna untuk sekarang,2025,livin,alhamdulillah guna,0,netral
Sumar di,mantap,2025,livin,mantap,1,positif
Rita Gerard,"Dengan living ,semua transaksi lancar. moga tambah sukses",2025,livin,living transaksi lancar moga sukses,1,positif
Mansyur Syah,membantu penjualan dan transaksi keuangan,2025,livin,bantu jual transaksi uang,0,netral
Rossi Zorge,ok,2025,livin,ok,0,netral
Daniarif 04,"naj*s cuih ada sisa saldo 40k gabisa dipake gua hapus aja aj* aplikasi t*l*l, sengaja bintang 5 supaya keliatan",2025,livin,najs cuih sisa saldo k tidak bisa dipake hapus aj aplikasi tll sengaja bintang liat,0,netral
Galih Widiasworo,google gamatechno yahoo yandek,2025,livin,google gamatechno yahoo yandek,0,netral
i made wena,APLIKASI sangat bagus tks.,2025,livin,aplikasi sangat bagus tks,1,positif
Roger Drung,aplikasinya tolong di tingkatkan lagi Karena suka kadang ndak bisa di buka,2025,livin,aplikasi tolong tingkat suka kadang ndak bisa buka,1,positif
yogi Pratama,aplikasi yg bagus untuk jenis semua bank,2025,livin,aplikasi bagus jenis bank,1,positif
narno suprianto,top ..... kenapa di akun mandiri sy belum ada paylater nya ?,2025,livin,top akun mandiri paylater,1,positif
Randy Randy,sangat membantu kami trimakasih licin mandiri,2025,livin,sangat bantu trimakasih licin mandiri,0,netral
Hery Virgo,"lebih dari 10 tahun menggunakan bank mandiri, pelayanan selalu maksimal, dan selalu puas",2025,livin,bank mandiri layan maksimal puas,1,positif
Larecu Larecu,mantap,2025,livin,mantap,1,positif
Janu Janu,"bagus,, mempermudah transaksi pembayaran👍👍",2025,livin,bagus mudah transaksi bayar,2,positif
Topik Rxs,apakah bisa cetak kartu dimesin atm pada hari minggu,2025,livin,bisa cetak kartu mesin atm minggu,0,netral
Bas Sir,sangat membantu..dan mudah d pahami..lancar trus mandiri 👍👍,2025,livin,sangat membantudan mudah pahamilancar mandiri,1,positif
Dian Hernawan,ok,2025,livin,ok,0,netral
Sanahu fams,bagus dan sangat mudah,2025,livin,bagus sangat mudah,2,positif
Nur agus Damkar kota palembang,kenapa aku ngga bisa buka aplikasi ini untk ngecek duit ya,2025,livin,tidak bisa buka aplikasi untk ngecek uang,0,netral
Mongky D Luffy,memuaskan,2025,livin,muas,0,netral
Indar Hasyim,sangat bagus,2025,livin,sangat bagus,1,positif
Bagus Luhur Pratomo,🥰🥰🥰🥰,2025,livin,,0,netral
Dani Tandean,good,2025,livin,good,0,netral
Priyono (Soepri),oke bingit,2025,livin,oke bingit,0,netral
Rosidin Haerudin,makasih,2025,livin,makasih,0,netral
Andi Sutanto,"Terimakasih Bank MANDIRI, aplikasi yg sangat membantu transaksi keuangan sy sehari2 🙏",2025,livin,terimakasih bank mandiri aplikasi sangat bantu transaksi uang hari,0,netral
Mahesa Sabililah,bagus,2025,livin,bagus,1,positif
Abach Hendra,keren,2025,livin,keren,0,netral
Suryana,sudah bagus 2025,2025,livin,bagus,1,positif
Supriadi Prya,kerja,2025,livin,kerja,0,netral
rominton sihombing,sangat bagus 👍👍,2025,livin,sangat bagus,1,positif
nurjaman ace,ok,2025,livin,ok,0,netral
Yandi Ajah,bagus,2025,livin,bagus,1,positif
Ida Daimah,bagus sekali mempermudah transaksi tp kadang was2 juga kalo sering kepending karna kesalahan sistem.,2025,livin,bagus mudah transaksi kadang was pending salah sistem,2,positif
Mey Raisya (Nuri),Bagus saya suka gampang dan simpel,2025,livin,bagus suka gampang simpel,2,positif
tpq ahsanunadiyanw,Sangat simple n membantu,2025,livin,sangat simple n bantu,0,netral
